time_ms,acc_x,acc_y,acc_z,gyro_x,gyro_y,gyro_z,ir,red,label
1073,-24,4184,15156,-6,2221,-166,177435,86951,0
1213,-800,3556,14864,-219,-1542,-1974,177488,86994,0
1353,-204,3544,14848,70,1260,392,177577,87165,0
1493,292,4024,14752,-337,-896,126,177621,87210,0
1633,2320,4004,15420,-503,-5706,858,177301,87113,0
1773,3024,3576,14924,276,471,1543,177667,87219,0
1915,1748,3616,15112,-377,823,175,178526,87460,0
2055,316,3648,15136,-1031,3648,747,178785,87581,0
2195,608,3356,14940,-1097,-201,244,178889,87651,0
2335,1060,3124,15140,-730,361,-145,179003,87655,0
2475,-164,2380,15344,-25,-85,-368,178996,87610,0
2617,680,3568,15076,491,62,585,179054,87654,0
2757,300,2792,15168,-95,-1462,-1119,179149,87706,0
2897,56,3144,15204,-154,-2024,-764,179263,87861,0
3037,1272,2880,15112,-211,-801,-299,179564,87809,0
3177,1920,3240,14908,-53,-386,-259,179527,87824,0
3319,1680,3084,14892,-90,45,-129,179622,87791,0
3459,1988,3272,14940,-149,-283,-75,179562,87814,0
3599,1868,3260,15032,-261,-85,-53,179648,87921,0
3739,1888,3184,14992,-121,136,-16,179733,87880,0
3879,1852,3248,14960,-336,290,-280,179570,87867,0
4021,1648,3148,15132,-148,43,-33,179589,87836,0
4161,1668,3220,15000,-150,135,-108,179711,87857,0
4301,1752,3188,15016,-96,40,-26,179729,87948,0
4441,1680,3360,14876,-243,-27,-143,179802,87970,0
4581,1564,3164,15088,-186,19,-114,179588,87877,0
4721,1560,3232,14924,-262,-148,-136,179609,87869,0
4863,1724,3084,15048,-152,-202,-98,179763,87908,0
5003,1800,3212,15084,-249,112,-82,179722,87957,0
5143,1616,3148,15040,-168,110,-144,179773,88004,0
5283,1648,3208,15136,-192,52,-131,179730,87970,0
5423,1652,3256,15036,-173,64,-86,179571,87890,0
5565,1796,3144,14992,-271,188,-85,179746,87952,0
5705,1684,3060,15132,-229,-64,-136,179740,87942,0
5845,1704,3112,15012,-52,117,-70,179734,88108,0
5985,1856,3212,15056,-133,153,-6,179935,87986,0
6125,1620,3312,15028,-117,170,-67,179685,87969,0
6267,1632,3188,15084,-246,196,-105,179800,87971,0
6407,1696,3176,15080,-277,-2,-27,179733,87960,0
6547,1744,3132,14964,-276,94,-114,179844,88104,0
6687,1740,3164,14984,-190,95,-101,179905,88077,0
6827,1704,3096,15008,-134,180,-44,179880,88072,0
6969,1844,3268,15076,-120,134,-45,179748,88030,0
7109,1704,3236,15068,-125,27,-55,179863,88021,0
7249,1680,3212,15024,-89,5,-85,179863,88115,0
7389,1864,3260,15100,-111,24,-101,179905,88157,0
7529,1740,3128,15032,-187,65,-97,179862,88095,0
7669,1764,3256,14968,-224,211,-115,179747,88019,0
7811,1820,3168,14988,-229,163,-152,179888,88098,0
7951,1632,3136,15052,-169,69,-92,179878,88105,0
8091,1732,3180,15048,-213,131,-124,179909,88217,0
8231,1708,3156,14976,-171,11,-141,179906,88079,0
8371,1704,3176,15080,-164,142,-123,179744,88099,0
8513,1780,3152,15032,-218,63,-72,179933,88085,0
8653,1852,3160,15036,-167,115,-40,179857,88113,0
8793,1760,3236,15028,-193,91,-128,179979,88228,0
8933,1796,3168,15004,-174,-8,-118,179902,88158,0
9073,1720,3212,15024,-196,114,-78,179809,88172,0
9215,1804,3184,14988,-155,123,-54,179844,88140,0
9355,1744,3216,14924,-166,68,-97,179980,88157,0
9495,1672,3188,15084,-166,45,-88,179864,88270,0
9635,1740,3188,14964,-157,25,-54,179313,88245,0
9775,1728,3172,15036,-120,80,-57,179239,88194,0
9915,1816,3176,14928,-196,57,-93,179334,88137,0
10057,1784,3188,14980,-189,85,-58,179478,88215,0
10197,1868,3152,15140,-160,-7,-91,179471,88273,0
10337,1888,3280,14940,-247,54,-106,179254,88261,0
10477,1868,3184,14956,-210,99,-66,179368,88229,0
10617,1788,3200,14996,-218,145,-103,179351,88266,0
10759,1860,3160,15024,-206,123,-79,179621,88289,0
10899,1908,3220,15040,-183,119,-80,179561,88247,0
11039,1748,3148,14968,-246,-6,-78,179381,88363,0
11179,1764,3200,14924,-167,77,-103,179410,88293,0
11319,1768,3144,15072,-149,76,-84,179462,88328,0
11461,1772,3180,15068,-163,100,-69,179514,88325,0
11601,1776,3180,15044,-203,224,-57,179624,88315,0
11741,1820,3204,14988,-178,132,-61,179413,88358,0
11881,1728,3196,14964,-178,55,-87,179461,88404,0
12021,1732,3240,14984,-138,74,-23,179480,88372,0
12161,1764,3220,15128,-156,92,-58,179587,88319,0
12303,1796,3188,15028,-161,-28,-75,179589,88365,0
12443,1696,3152,14944,-185,188,-87,179448,88322,0
12583,1752,3176,15016,-242,162,-91,179479,88505,0
12723,1780,3208,15052,-166,23,-6,179585,88393,0
12863,1752,3176,15020,-194,44,-101,179651,88429,0
13005,1680,3208,14984,-205,83,-103,179516,88323,0
13145,1784,3172,15028,-137,68,-78,179575,88406,0
13285,1748,3156,15020,-179,167,-129,179562,88478,0
13425,1764,3184,15104,-212,-108,-123,179651,88514,0
13565,1716,3216,15124,-211,0,-29,179661,88478,0
13705,1928,3212,15000,-185,27,-55,179487,88386,0
13847,1876,3220,15080,-176,92,-98,179683,88470,0
13987,1900,3232,14924,-114,-10,-32,179644,88460,0
14127,1816,3160,15032,-91,46,10,179658,88618,0
14267,1920,3104,15000,-142,-26,-32,179678,88538,0
14407,1984,3232,15012,-150,156,-47,179576,88535,0
14549,1992,3232,14940,-212,133,-147,179594,88501,0
14689,1872,3312,14980,-265,101,-171,179723,88531,0
14829,1840,3216,15060,-225,121,-105,179756,88582,0
14969,1924,3172,15008,-216,109,-88,179530,88599,0
15109,1828,3200,15072,-204,54,-117,179645,88530,0
15249,1820,3208,14884,-190,114,-105,179639,88556,0
15391,1792,3212,14988,-211,51,-109,179775,88555,0
15531,1912,3192,14924,-211,156,-124,179801,88613,0
15671,1852,3212,15056,-196,30,-86,179595,88636,0
15811,1840,3188,15020,-214,56,-126,179614,88626,0
15951,1796,3148,15084,-172,163,-99,179661,88611,0
16091,1796,3104,15040,-142,188,-82,179771,88566,0
16233,1516,3244,15012,-167,-175,-194,179795,88619,0
16373,1884,3132,14896,-208,78,410,179677,88626,0
16513,1912,3216,15132,-121,107,-47,179666,88726,0
16653,1864,3196,15012,-90,-35,-11,179807,88648,0
16793,1852,3204,15028,-74,-55,-41,179870,88708,0
16935,1984,3268,14944,-213,94,-57,179723,88573,0
17075,1872,3272,15032,-245,99,-72,179800,88647,0
17215,1848,3180,15040,-268,156,-212,179751,88752,0
17355,1880,3168,15088,-212,118,-110,179820,88794,0
17495,1852,3184,15032,-220,69,-149,179776,88730,0
17635,1888,3196,15080,-251,164,-84,179693,88652,0
17777,1908,3100,14936,-203,161,-93,179863,88728,0
17917,1828,3468,14988,49,190,-179,179888,88699,0
18057,1576,3196,15004,-420,81,-171,179942,88868,0
18197,1844,3236,14992,-161,-154,-3,179786,88751,0
18337,1744,3024,15000,-299,208,-181,179755,88768,0
18479,1748,3212,14984,-139,122,-41,179780,88763,0
18619,1744,3048,15076,-204,108,-116,179961,88773,0
18759,1732,3048,15068,-774,-356,-52,179901,88820,0
18899,1840,2796,15112,-867,-286,122,179572,88777,0
19039,1648,2532,14896,-596,429,53,179568,88752,0
19179,2048,2780,15316,-371,832,-438,179568,88725,0
19321,1364,2796,14932,-762,-601,501,179765,88791,0
19461,1580,2068,15264,-384,1052,-43,179581,88708,0
19601,1728,2592,15180,-321,-316,29,179482,88882,0
19741,1792,2348,15276,-251,-120,63,179607,88809,0
19881,1924,2284,15172,-124,53,45,179643,88831,0
20023,1712,2268,15140,-162,-26,3,179768,88768,0
20163,1700,2464,15200,28,63,43,179587,88827,0
20303,1704,2364,15152,-162,27,-62,179599,88920,0
20443,1812,2320,15132,-431,-125,-106,179714,88910,0
20583,1540,2248,15244,97,-612,-629,179777,88895,0
20723,1860,2572,15188,174,97,-181,179656,88880,0
20865,1168,2616,15096,-492,781,-82,179782,88848,0
21005,1516,2316,15192,57,57,-101,179725,88943,0
21145,1460,2536,15192,7,-444,-321,179808,88981,0
21285,1416,2616,15220,249,535,-273,179749,88914,0
21425,1504,2988,15116,-25,-2682,-368,179687,88910,0
21567,1780,2532,15044,-123,528,172,179886,88935,0
21707,1772,2972,15080,64,275,-308,179894,88879,0
21847,1984,2928,15072,20,329,-362,179920,89046,0
21987,1604,3008,15128,106,278,-279,179786,88920,0
22127,1568,3024,15084,84,427,-446,179895,88964,0
22269,1712,3164,15172,-25,-93,-322,180051,88913,0
22409,1488,3188,15040,19,121,-220,180210,89037,0
22549,1368,3124,15200,286,416,-188,180027,89052,0
22689,1300,3480,14920,160,479,-220,180061,89051,0
22829,1364,3540,14884,-186,158,-23,180136,89008,0
22969,1364,3488,14972,-314,122,-100,180174,89024,0
23111,1428,3400,15080,-13,50,-1,180179,89018,0
23251,1400,3728,14980,-192,198,-296,180107,89025,0
23391,992,3284,15108,427,262,-12,180122,89127,0
23531,1072,3776,14848,-103,482,-596,180350,89077,0
23671,1220,3768,15036,-225,44,-173,180252,89078,0
23813,1116,3612,14920,-367,-47,-266,180294,89042,0
23953,1096,3520,15244,139,220,37,180176,89065,0
24093,1376,3852,14856,15,364,-209,180295,89185,0
24233,836,3796,14992,-35,-113,-160,180411,89145,0
24373,1076,3828,14888,45,309,-139,180208,89124,0
24515,1048,3820,14908,-39,129,92,180257,89100,0
24655,916,3936,14732,-108,-143,-68,180419,89102,0
24795,1056,3940,14916,104,-227,151,180400,89190,0
24935,1116,4080,14840,-48,-37,-45,180300,89193,0
25075,1224,4096,14840,-139,95,-30,180275,89156,0
25215,1256,4028,14972,-175,198,-96,180289,89062,0
25357,1168,4088,14940,-61,184,34,180443,89135,0
25497,1052,3924,14816,-202,181,-136,180239,89090,0
25637,1300,4160,14964,-725,35,-117,180044,89176,0
25777,1216,3780,14948,-420,-51,-187,180092,89070,0
25917,968,3800,14968,-302,201,-132,180094,89118,0
26059,1080,3776,14936,-155,186,-157,180080,89054,0
26199,868,3712,14928,-203,319,-154,180010,89103,0
26339,960,3800,14988,-184,163,-121,180097,89180,0
26479,988,3816,15008,-131,77,-94,180195,89164,0
26619,720,3768,14988,-153,141,-103,180100,89162,0
26761,940,3744,14804,-192,181,-100,180036,89126,0
26901,1032,3768,14904,-141,165,-36,180242,89122,0
27041,896,3836,14940,-175,66,-70,180221,89265,0
27181,840,3728,15044,-237,160,-125,180237,89251,0
27321,912,3772,14860,-211,-31,-129,180148,89196,0
27461,880,3808,14912,-210,70,-117,180209,89157,0
27603,904,3704,14928,-183,146,-69,180404,89229,0
27743,840,3760,14984,-188,119,-71,180299,89265,0
27883,892,3752,14992,-223,107,-121,180208,89305,0
28023,860,3768,14888,-197,62,-98,180317,89270,0
28163,920,3780,14988,-174,118,-42,180328,89279,0
28305,884,3808,14888,-192,93,-81,180437,89285,0
28445,928,3768,15004,-135,107,-90,180359,89186,0
28585,924,3744,15060,-188,119,-91,180377,89421,0
28725,900,3708,15040,-184,118,-68,180530,89355,0
28865,784,3764,14912,-188,58,-115,180400,89323,0
29007,888,3672,15008,-158,182,-88,180448,89232,0
29147,924,3724,15072,-214,73,-108,180560,89302,0
29287,920,3752,15028,-178,39,-114,180545,89428,0
29427,828,3784,14856,-225,34,-109,180545,89394,0
29567,884,3760,14980,-151,29,-103,180498,89328,0
29707,948,3744,14960,-150,98,-9,180560,89314,0
29849,924,3780,14972,-75,-33,-47,180729,89377,0
29989,856,3776,14896,-230,23,-184,180604,89369,0
30129,948,3748,14860,-263,174,-155,180468,89437,0
30269,892,3736,14976,-235,129,-156,180597,89355,0
30409,848,3712,14856,-181,104,-68,180603,89404,0
30551,808,3688,15012,-179,115,-102,180724,89402,0
30691,812,3708,14928,-229,125,-113,180576,89327,0
30831,916,3692,14992,-206,71,-111,180623,89496,0
30971,928,3684,15036,-184,16,-75,180685,89436,0
31111,888,3820,15000,-223,171,-101,180688,89458,0
31253,964,3792,14916,-207,92,-103,180577,89338,0
31393,864,3712,14944,-179,47,-118,180696,89386,0
31533,944,3796,15000,-163,87,-68,180651,89511,0
31673,860,3756,15092,-207,23,-88,180748,89508,0
31813,948,3684,14900,-199,128,-36,180577,89423,0
31953,928,3736,15040,-168,-72,-92,180559,89428,0
32095,836,3708,14908,-186,67,-94,180734,89453,0
32235,948,3748,14928,-185,85,-88,180694,89500,0
32375,768,3616,14952,-158,66,-110,180610,89531,0
32515,812,3712,14960,-233,130,-106,180542,89482,0
32655,936,3704,14936,-236,81,-100,180554,89472,0
32797,872,3752,14988,-181,41,-82,180737,89517,0
32937,796,3788,14872,-229,86,-94,180749,89412,0
33077,880,3688,14960,-221,20,-63,180573,89605,0
33217,848,3664,14840,-221,52,-93,180607,89520,0
33357,888,3544,14948,-173,44,-8,180574,89515,0
33499,756,3756,15024,121,125,-113,180747,89447,0
33639,756,3548,14904,-256,160,-209,180873,89547,0
33779,648,3792,14900,-121,-120,105,180615,89602,0
33919,948,3784,14952,-334,124,-124,180572,89559,0
34059,892,3660,15044,-287,180,-117,180610,89530,0
34199,824,3652,15092,-193,65,-7,180651,89531,0
34341,832,3704,15044,-190,209,-117,180872,89570,0
34481,740,3512,15020,-142,98,-110,180704,89577,0
34621,816,3676,14904,-120,61,2,180614,89620,0
34761,860,3604,14980,-266,116,-71,180731,89543,0
34901,788,3660,15012,-135,-35,-46,180735,89603,0
35043,924,3656,15048,-96,-85,-76,180878,89535,0
35183,896,3636,15016,-286,106,-24,180878,89552,0
35323,808,3660,14948,-321,142,-134,180698,89631,0
35463,944,3492,15080,-282,118,-119,180776,89681,0
35603,824,3528,15060,-220,76,-70,180828,89655,0
35743,840,3592,14968,-172,108,-69,180875,89634,0
35885,856,3608,14924,-274,102,-90,180899,89627,0
36025,832,3532,15080,-198,10,-89,180755,89564,0
36165,864,3548,15052,-178,56,-104,180811,89719,0
36305,840,3588,14972,-127,-45,-83,180928,89705,0
36445,920,3592,14964,-167,83,-94,180943,89688,0
36585,944,3596,14980,-190,149,-42,180779,89657,0
36727,816,3552,15016,-199,93,-95,180934,89638,0
36867,916,3544,14972,-142,73,-96,180879,89700,0
37007,912,3532,15012,-214,93,-100,180917,89752,0
37147,824,3484,15116,-154,68,-107,180911,89701,0
37287,744,3452,14972,-167,24,-119,180825,89683,0
37429,1028,3544,15060,-137,-44,-31,181016,89717,0
37569,864,3544,15044,-70,22,31,180996,89662,0
37709,1000,3552,14956,-96,99,-58,181034,89862,0
37849,908,3644,15060,-122,122,-48,180863,89721,0
37989,956,3684,14860,-285,210,-86,180873,89750,0
38131,928,3476,14956,-183,316,-138,180942,89655,0
38271,872,3556,15072,-140,223,-137,181094,89729,0
38411,820,3628,14920,-112,60,-92,180916,89791,0
38551,788,3572,14988,-216,124,-137,180879,89816,0
38691,820,3604,14928,-205,91,-93,180908,89777,0
38831,708,3612,14940,-211,18,-132,180977,89727,0
38973,884,3572,15000,-203,143,-73,181102,89808,0
39113,860,3620,15032,-229,86,-117,180881,89715,0
39253,884,3468,14976,-221,48,-118,180874,89917,0
39393,876,3564,15136,-136,31,-101,180981,89835,0
39533,784,3524,14912,-224,67,-118,181031,89864,0
39675,900,3608,15000,-170,67,-51,180907,89786,0
39815,740,3540,15088,-149,75,-48,180991,89812,0
39955,760,3532,14968,-98,32,-4,180963,89879,0
40095,936,3532,15004,-115,-26,-57,180986,89915,0
40235,872,3628,14968,-114,83,5,181064,89851,0
40375,908,3636,14984,-195,112,-86,180844,89832,0
40517,940,3596,15108,-261,147,-165,181037,89844,0
40657,924,3532,15000,-186,144,-88,180987,89864,0
40797,756,3560,15092,-238,158,-95,181056,89986,0
40937,876,3620,14992,-227,-8,-64,180960,89944,0
41077,732,3528,14936,-215,66,-101,180923,89894,0
41217,956,3556,15036,-200,136,-90,180968,89849,0
41359,888,3500,14960,-140,123,-66,181181,89940,0
41499,832,3508,14964,-186,108,-99,181198,89879,0
41639,860,3568,15016,-143,-1,-59,181062,89985,0
41779,820,3504,14988,-192,35,-115,181041,89929,0
41919,872,3532,14900,-225,121,-105,181054,89940,0
42059,808,3480,15108,-162,127,-75,181110,89961,0
42201,924,3468,15056,-146,41,-83,181358,89961,0
42341,884,3536,15004,-197,-27,-141,181168,89966,0
42481,768,3524,15112,-256,-116,-21,181043,89988,0
42621,1072,3492,15028,-156,117,-93,181145,89988,0
42761,932,3476,15076,-123,95,-99,181157,89949,0
42903,920,3556,15112,-203,18,-71,181380,90004,0
43043,940,3524,15080,-408,55,-217,181307,89898,0
43183,1016,3256,14976,-161,-62,-130,181131,90082,0
43323,1156,3404,15064,-298,46,-138,181179,89988,0
43463,1092,3512,15056,-16,59,46,181230,89999,0
43605,1132,3452,15020,-92,166,-38,181379,90002,0
43745,1136,3488,14928,-220,98,-120,181507,89982,0
43885,1108,3612,15064,-217,62,-31,181232,90036,0
44025,1004,3352,15132,-292,22,-217,181270,90063,0
44165,1068,3476,15104,-187,119,-25,181304,90016,0
44305,1060,3408,14996,-239,130,-146,181366,89959,0
44447,976,3364,15068,-170,103,-75,181571,90062,0
44587,996,3464,15104,-258,-27,-175,181447,90023,0
44727,1024,3276,15236,162,416,138,181263,90093,0
44867,804,3488,14924,-458,460,-596,181441,90023,0
45007,752,3460,15024,-134,36,39,181400,90038,0
45149,1004,3504,15004,-404,-130,-113,181636,90067,0
45289,1020,3340,15060,-190,279,-23,181602,89967,0
45429,988,3360,15052,-205,12,-44,181406,90136,0
45569,964,3356,15060,-69,-112,30,181445,90055,0
45709,1000,3364,15048,-85,177,-13,181454,90066,0
45851,1068,3316,15076,27,323,-18,181621,90024,0
45991,856,3448,15012,156,366,-73,181684,90108,0
46131,932,3764,15096,-212,527,-397,181420,90133,0
46271,600,3492,14972,3,-110,197,181498,90101,0
46411,916,3672,14924,-241,341,-246,181502,90096,0
46551,768,3456,14968,-175,84,-185,181595,90101,0
46693,640,3524,15040,-70,176,26,181741,90082,0
46833,844,3664,14984,-280,204,-156,181519,90114,0
46973,644,3524,15080,-235,154,-76,181548,90161,0
47113,696,3540,15056,-238,130,-136,181545,90125,0
47253,608,3492,15048,-242,62,-124,181662,90072,0
47395,800,3496,15032,-201,90,4,181615,90109,0
47535,736,3468,15024,-159,110,-85,181513,90008,0
47675,728,3440,15020,-202,167,-57,181490,90213,0
47815,692,3552,15028,-170,16,-98,181599,90115,0
47955,720,3428,15032,-131,191,-90,181550,90111,0
48097,644,3436,15064,-247,232,-115,181605,90115,0
48237,720,3564,14968,1,-41,80,181504,90043,0
48377,708,3552,15108,-18,315,-171,181605,90233,0
48517,708,3484,14852,-258,164,-163,181696,90195,0
48657,972,3988,14884,41,-151,180,181443,90131,0
48799,800,3760,14920,-268,231,-80,181496,90061,0
48939,868,3548,15064,-209,118,-166,181576,90139,0
49079,812,3612,15012,-249,-107,-18,181568,90221,0
49219,876,3636,14984,-192,16,-57,181461,90171,0
49359,824,3480,15024,-179,174,50,181468,90152,0
49499,844,3588,15160,-221,134,-45,181509,90131,0
49641,808,3444,14872,-178,113,-130,181716,90168,0
49781,772,3508,15068,-265,226,-36,181574,90198,0
49921,508,3612,15020,-150,890,-270,181423,90246,0
50061,536,3428,15044,-449,290,-331,181449,90191,0
50201,392,3256,15068,-436,-704,205,181497,90097,0
50343,764,3500,14956,-21,-487,324,181649,90166,0
50483,1104,3520,15040,-254,374,-331,181410,90165,0
50623,716,3228,15056,-130,293,-269,181448,90273,0
50763,440,3488,15076,29,179,-97,181582,90165,0
50903,788,3528,15028,-148,-135,-111,181588,90221,0
51045,664,3580,15076,-86,-10,7,181643,90183,0
51185,704,3604,14944,-96,55,-56,181463,90184,0
51325,832,3572,15036,-123,41,-81,181583,90281,0
51465,772,3584,14920,-106,-53,26,181632,90235,0
51605,804,3652,15044,-240,40,-98,181684,90275,0
51747,932,3624,15044,-337,78,-137,181511,90148,0
51887,844,3468,14924,-270,86,-163,181607,90221,0
52027,836,3548,14952,-215,134,-136,181600,90337,0
52167,812,3496,15048,-227,65,-104,181715,90321,0
52307,788,3536,15020,-188,55,-56,181574,90267,0
52449,764,3392,15112,-191,133,-114,181566,90257,0
52589,788,3476,15048,-190,85,-70,181724,90255,0
52729,712,3492,15028,-167,88,-75,181746,90365,0
52869,784,3344,15108,-235,231,-52,181773,90366,0
53009,776,3492,15064,-211,105,-99,181608,90306,0
53149,784,3468,14960,-215,41,-124,181672,90266,0
53291,888,3540,15028,-153,5,-74,181861,90336,0
53431,740,3528,15024,-216,70,-161,181895,90393,0
53571,892,3512,15160,-181,139,-9,181688,90385,0
53711,828,3496,15008,-186,28,-103,181718,90350,0
53851,744,3504,15024,-171,119,-80,181739,90343,0
53993,708,3488,15016,-186,45,-68,181959,90373,0
54133,712,3412,15032,-167,153,-45,181862,90313,0
54273,948,3404,15016,-121,122,-36,181698,90475,0
54413,856,3452,15080,-167,85,-98,181804,90370,0
54553,820,3488,15184,-100,123,-36,181811,90392,0
54695,780,3528,15060,-177,164,-139,181956,90341,0
54835,812,3524,14916,-235,229,-75,181803,90396,0
54975,748,3468,14968,-199,98,-85,181806,90460,0
55115,740,3460,15068,-186,58,-78,181869,90451,0
55255,780,3456,15116,-197,41,-88,181943,90448,0
55395,664,3492,14980,-165,8,-178,181852,90398,0
55537,656,3456,15004,-202,99,-123,181889,90372,0
55677,840,3440,15012,-223,136,-81,181814,90463,0
55817,748,3472,15084,-182,134,-81,181862,90520,0
55957,740,3480,14980,-185,-53,-112,181936,90482,0
56097,720,3412,15008,-183,-5,-125,181773,90351,0
56239,748,3460,15008,-135,8,-102,181875,90440,0
56379,648,3408,15028,-189,91,-80,181837,90447,0
56519,696,3460,15060,-173,75,-72,181877,90584,0
56659,748,3392,14996,-136,198,-52,181932,90445,0
56799,756,3428,15176,-207,119,-82,181705,90436,0
56941,736,3432,15100,-168,28,-68,181878,90438,0
57081,804,3504,15064,-150,35,-4,181855,90484,0
57221,796,3500,15128,-99,220,58,181981,90571,0
57361,812,3552,15096,-134,16,32,181849,90492,0
57501,792,3540,14908,-183,194,-33,181826,90500,0
57641,644,3524,15032,-243,136,-139,181865,90503,0
57783,644,3512,15024,-205,39,-143,182105,90538,0
57923,752,3456,15028,-212,184,-104,182030,90564,0
58063,668,3504,15028,-167,37,-54,181798,90598,0
58203,780,3488,15020,-214,-139,-181,181932,90520,0
58343,796,3492,14968,-144,115,-66,181930,90577,0
58485,692,3384,14932,-204,74,-94,182124,90508,0
58625,856,3556,14976,-166,8,-117,181971,90558,0
58765,708,3356,15132,-173,53,-76,181874,90625,0
58905,816,3424,14984,-196,58,-117,181952,90641,0
59045,824,3456,15080,-219,65,-68,182038,90621,0
59185,864,3416,15048,-146,160,-76,182081,90577,0
59327,836,3448,15052,-198,69,-91,182004,90586,0
59467,748,3344,14968,-153,114,-79,181945,90539,0
59607,820,3504,14960,-197,54,-84,182009,90697,0
59747,620,3408,15076,-140,32,-13,182086,90658,0
59887,676,3316,15092,-145,7,-56,182048,90644,0
60027,756,3400,14996,-121,196,-22,181871,90613,0
60169,780,3452,15048,-122,89,-42,182075,90614,0
60309,828,3464,15040,-124,34,-50,182031,90680,0
60449,816,3488,15076,-161,13,-74,182107,90730,0
60589,932,3540,14992,-244,136,-109,181957,90631,0
60729,816,3504,15024,-184,72,-115,181933,90648,0
60871,660,3436,15056,-187,172,-103,182122,90639,0
61011,840,3528,15052,-194,61,-104,182126,90689,0
61151,780,3500,15184,-178,161,-61,182155,90762,0
61291,800,3460,14992,-173,58,-93,181996,90717,0
61431,792,3380,15100,-238,21,-125,182010,90706,0
61571,880,3464,15016,-148,27,-95,182078,90675,0
61713,856,3368,15140,-208,134,-59,182247,90732,0
61853,808,3448,15008,-166,54,-81,182109,90714,0
61993,628,3432,15144,-188,136,-85,181957,90819,0
62133,796,3444,14984,-202,0,-107,182079,90724,0
62273,796,3480,14996,-193,72,-78,182147,90754,0
62415,784,3392,15024,-177,118,-84,182252,90738,0
62555,828,3416,15112,-170,118,-40,182161,90706,0
62695,748,3400,15028,-120,58,-2,182087,90782,0
62835,876,3476,15152,-165,29,-73,182110,90833,0
62975,800,3468,14892,-149,62,-40,182243,90773,0
63115,792,3472,15096,-119,-3,-9,182253,90783,0
63257,824,3504,14984,-165,68,-70,182193,90706,0
63397,864,3612,15036,-126,25,-50,182171,90783,0
63537,888,3508,15024,-297,65,-158,182179,90852,0
63677,836,3484,14948,-231,106,-152,182276,90864,0
63817,808,3404,15144,-193,236,-100,182248,90817,0
63957,868,3444,15080,-204,150,-90,182132,90731,0
64099,820,3504,15028,-234,111,-96,182305,90805,0
64239,780,3504,14980,-162,55,-57,182278,90755,0
64379,876,3464,15116,-194,83,-86,182341,90981,0
64519,784,3404,14984,-193,6,-134,182312,90849,0
64659,812,3400,15048,-195,191,-62,182217,90845,0
64801,836,3392,15104,-199,103,-103,182259,90822,0
64941,800,3448,15008,-219,82,-93,182416,90823,0
65081,760,3488,15040,-181,93,-76,182426,90900,0
65221,840,3452,15072,-184,64,-65,182312,90907,0
65361,628,3432,15028,-170,57,-94,182274,90874,0
65501,848,3456,15044,-148,100,-19,182306,90863,0
65643,768,3428,15056,-123,39,-20,182548,90884,0
65783,836,3436,14944,-144,19,-40,182479,90867,0
65923,932,3548,15012,-108,66,-16,182319,90923,0
66063,808,3496,15016,-99,40,-3,182331,90921,0
66203,800,3568,14940,-204,73,-144,182367,90880,0
66343,864,3568,15032,-288,38,-177,182433,90871,0
66485,820,3500,15056,-248,171,-162,182563,90907,0
66625,800,3452,15044,-232,118,-141,182330,90910,0
66765,736,3452,15112,-214,68,-108,182353,90959,0
66905,732,3440,14972,-199,134,-118,182490,90890,0
67045,808,3384,14984,-150,162,-107,182498,90930,0
67187,840,3472,15096,-187,32,-122,182499,90860,0
67327,740,3448,14916,-178,95,-92,182391,90911,0
67467,912,3500,15076,-200,138,-57,182416,91024,0
67607,808,3492,14980,-199,71,-82,182504,91016,0
67747,876,3400,14960,-114,76,-68,182579,90959,0
67887,792,3460,15020,-238,61,-129,182389,90858,0
68029,836,3396,15012,-186,101,-70,182533,90940,0
68169,820,3520,14984,-155,60,-84,182492,90926,0
68309,776,3404,15080,-152,173,-97,182519,91082,0
68449,704,3360,15132,-197,22,-114,182481,90973,0
68589,748,3452,15004,-135,126,-56,182396,90969,0
68731,868,3436,15096,-135,18,-44,182397,90923,0
68871,784,3432,15016,-149,29,-38,182574,90951,0
69011,948,3448,15076,-144,-20,18,182601,91016,0
69151,876,3524,15060,-179,36,-86,182374,91027,0
69291,808,3520,14892,-224,53,-101,182434,90999,0
69431,916,3476,14956,-248,118,-94,182441,90981,0
69573,780,3448,15060,-220,172,-131,182664,90988,0
69713,792,3476,14936,-183,-32,-120,182447,90941,0
69853,724,3404,15016,-182,53,-100,182411,91054,0
69993,748,3356,15128,-208,107,-112,182505,91043,0
70133,844,3444,15116,-166,50,-95,182551,91040,0
70273,988,3456,15036,-171,43,-86,182613,90996,0
70415,832,3488,15032,-175,100,-97,182525,90998,0
70555,828,3408,14996,-175,113,-82,182499,90994,0
70695,800,3436,15040,-209,64,-82,182446,91125,0
70835,872,3428,15028,-157,118,-75,182632,91059,0
70975,800,3432,15028,-165,5,-120,182500,91032,0
71117,756,3384,15028,-174,134,-56,182481,90948,0
71257,832,3356,15016,-161,70,-132,182609,91002,0
71397,844,3444,15088,-179,129,-72,182595,91118,0
71537,900,3452,15128,-175,71,-88,182691,91149,0
71677,696,3432,14992,-194,81,-47,182483,91057,0
71817,792,3348,15000,-184,48,-35,182524,91009,0
71959,764,3416,15176,-135,-26,-40,182675,91089,0
72099,896,3336,15048,-142,58,-24,182728,91095,0
72239,696,3408,15096,-133,128,-41,182676,91192,0
72379,880,3364,14992,-120,-19,-80,182561,91060,0
72519,968,3500,15016,-207,52,-130,182556,91091,0
72661,808,3512,15000,-207,103,-126,182713,91069,0
72801,872,3424,14952,-236,162,-109,182737,91102,0
72941,860,3392,15096,-238,-9,-92,182606,91158,0
73081,808,3400,15036,-203,130,-71,182622,91161,0
73221,896,3420,15052,-200,97,-82,182639,91115,0
73361,836,3376,15048,-178,22,-99,182752,91102,0
73503,936,3400,15164,-167,66,-71,182943,91158,0
73643,836,3448,14988,-183,119,-56,182654,91127,0
73783,860,3388,14956,-181,84,-46,182642,91219,0
73923,836,3396,15060,-218,141,-79,182778,91126,0
74063,864,3420,15000,-182,71,-106,182801,91179,0
74205,820,3324,14944,-165,189,-107,182928,91124,0
74345,756,3388,15060,-204,54,-84,182713,91160,0
74485,744,3352,15012,-181,65,-109,182705,91260,0
74625,848,3312,14960,-191,104,-69,182822,91241,0
74765,860,3384,15116,-195,145,-42,182891,91216,0
74905,868,3356,15040,-183,10,-123,182807,91123,0
75047,800,3300,15088,-172,111,-53,182847,91177,0
75187,776,3268,15132,-176,18,-68,182815,91227,0
75327,744,3476,15036,-111,83,-11,182799,91288,0
75467,928,3384,15020,-140,24,9,182950,91212,0
75607,880,3436,15012,-142,-12,-45,182741,91195,0
75749,880,3484,14992,-71,5,-45,182842,91181,0
75889,532,3652,14936,190,373,-55,182893,91250,0
76029,12,3032,15208,-603,359,-409,183018,91347,0
76169,588,3352,15128,-398,-433,65,182935,91280,0
76309,936,3236,15172,-534,-396,139,182687,91209,0
76449,996,3320,15068,-186,315,-13,182712,91139,0
76591,840,3300,15044,-165,626,-49,182888,91219,0
76731,504,3260,14928,-146,301,3,182945,91279,0
76871,720,3376,15116,-68,271,13,182762,91288,0
77011,1168,3848,15692,-1930,3792,532,182733,91244,0
77151,-2316,2812,16936,-6981,-967,1604,183248,91400,0
77293,-560,292,14492,-8168,-1088,1929,183632,91427,0
77433,-2388,-1072,12732,-1294,161,2374,183577,91445,0
77573,-2128,-2952,13116,4419,-820,-1615,183584,91577,0
77713,-1364,-936,16128,5307,2426,-3932,183869,91669,0
77853,-704,1952,16784,2390,-3064,-2475,183896,91627,0
77993,-1880,1712,15492,704,-1146,56,183990,91622,0
78135,-2128,1848,15432,-152,-842,-585,183680,91490,0
78275,-1004,2928,15400,455,-355,-2196,183025,91308,0
78415,28,1820,15560,-145,-902,-729,182576,91254,0
78555,-504,1864,15580,219,-1615,686,182622,91132,0
78695,-536,3216,14916,-709,-2,-237,182410,91106,0
78837,-316,1744,15364,-1135,703,-1407,182410,91055,0
78977,-148,1328,15396,-392,-807,-49,182406,91071,0
79117,-244,2056,15136,-240,-635,260,182503,91190,0
79257,108,1908,15368,-350,135,-362,182463,91127,0
79397,-60,1576,15336,-249,353,-365,182354,91106,0
79539,28,1672,15340,-134,-180,44,182414,91102,0
79679,-44,1748,15304,-314,59,-370,182606,91123,0
79819,104,1696,15308,-35,14,-78,182537,91165,0
79959,184,1888,15324,-257,284,-130,182382,91172,0
80099,-112,1612,15252,-145,68,-161,182412,91129,0
80239,164,1688,15224,-58,20,-102,182461,91072,0
80381,204,1832,15268,-155,-207,-158,182633,91127,0
80521,132,1840,15408,-175,-186,-219,182332,91090,0
80661,184,1712,15368,-249,3,-75,182273,91185,0
80801,256,1820,15380,-272,29,-161,182403,91064,0
80941,224,1692,15388,-97,258,-102,182417,91103,0
81083,260,1624,15260,-211,-12,-158,182351,91036,0
81223,240,1824,15248,-263,-63,-109,182353,91049,0
81363,260,1636,15404,-319,-53,-223,182382,91158,0
81503,324,1684,15456,-298,-1,-127,182537,91169,0
81643,276,1696,15312,-207,-40,-86,182348,91101,0
81783,288,1652,15368,-160,-8,-112,182375,91116,0
81925,340,1704,15244,-189,31,-148,182588,91106,0
82065,360,1644,15348,-152,149,-55,182562,91180,0
82205,348,1644,15248,-190,113,-61,182444,91192,0
82345,264,1620,15296,-164,161,-131,182383,91154,0
82485,368,1668,15288,-187,70,-26,182489,91095,0
82627,220,1696,15372,-207,56,-93,182662,91160,0
82767,224,1608,15324,-239,179,-78,182567,91167,0
82907,324,1628,15248,-175,188,-42,182396,91228,0
83047,284,1620,15204,-161,57,-72,182541,91150,0
83187,316,1684,15428,-65,137,-106,182518,91162,0
83329,160,1680,15256,-119,123,-5,182755,91182,0
83469,428,1900,15460,511,-264,485,182506,91103,0
83609,-1164,1532,15756,-82,3846,1700,182116,91124,0
83749,-976,1288,18404,-4454,887,947,182534,91196,0
83889,-2044,-1972,16752,-9404,-3722,1858,182127,91096,0
84031,-1600,-4076,15096,-3900,5806,3076,182204,91046,0
84171,-604,-3196,12548,-2654,1100,300,182513,91260,0
84311,-1196,-3228,12472,-1227,-2689,-316,182921,91468,0
84451,-2672,-2368,14936,-242,-2303,-1426,183321,91505,0
84591,204,-4152,16012,911,-7566,-1934,183352,91422,0
84731,2204,-4044,14388,1623,-1012,401,183392,91450,0
84873,2484,-3028,14220,1999,-1089,45,183874,91564,0
85013,1736,-2004,15736,1577,-749,70,184078,91609,0
85153,2300,-1304,15560,536,-693,465,184296,91727,0
85293,2820,-904,15140,813,-1997,825,184436,91706,0
85433,3056,-1632,16220,-765,-551,-224,184479,91612,0
85575,2484,-1956,15000,-1060,1480,91,184617,91705,0
85715,3236,-1680,14992,1688,-1791,-990,184617,91694,0
85855,3848,-1236,15048,271,-297,-305,184573,91802,0
85995,4192,-1096,15192,422,432,124,184424,91710,0
86135,3572,-1088,15072,-92,146,-6,184315,91720,0
86277,3448,-1088,15184,-299,443,60,184462,91686,0
86417,3440,-1012,15132,-139,-76,-121,184406,91661,0
86557,3200,-1204,14984,-47,-235,-186,184302,91709,0
86697,3292,-1320,15108,-191,194,-86,184243,91671,0
86837,3236,-1212,15188,-239,97,-23,184256,91684,0
86979,3184,-1080,15164,-246,-47,-131,184376,91680,0
87119,3260,-1096,15120,-201,87,-110,184547,91673,0
87259,3308,-1228,15180,-131,95,-138,184357,91730,0
87399,3368,-1204,15072,-174,166,-83,184304,91730,0
87539,3268,-1152,14984,-132,78,-65,184337,91700,0
87679,3244,-1220,15028,-180,70,1,184442,91623,0
87821,3192,-1172,15060,-235,208,-52,184654,91691,0
87961,3212,-1088,15052,-136,36,-89,184531,91675,0
88101,3192,-1076,15056,-241,73,-74,184325,91722,0
88241,3172,-1156,15088,-195,218,-116,184440,91671,0
88381,3292,-1120,15088,-138,84,-11,184472,91683,0
88523,3260,-1144,15136,-125,98,-49,184712,91682,0
88663,3292,-1068,15160,-226,96,-92,184594,91591,0
88803,3288,-1084,15064,-160,91,-98,184416,91794,0
88943,3124,-1088,15136,-191,202,-87,184516,91693,0
89083,3288,-1048,15096,-145,153,-106,184513,91685,0
89225,3248,-1084,15232,-173,285,-66,184681,91653,0
89365,3156,-1116,15088,-143,350,-26,184714,91690,0
89505,3100,-1148,15188,-114,190,-82,184515,91748,0
89645,2984,-1036,15252,-183,274,-60,184564,91728,0
89785,2948,-1044,15148,-114,257,-9,184618,91696,0
89925,3064,-952,15136,-115,587,79,184704,91633,0
90067,2884,-944,15184,-185,355,49,184790,91693,0
90207,2932,-1048,15196,-95,6,-23,184546,91662,0
90347,2880,-992,15140,-210,104,-48,184538,91710,0
90487,2856,-916,15140,-119,115,-135,184600,91647,0
90627,2916,-952,15204,-214,195,-66,184641,91669,0
90769,2816,-1052,15208,-13,58,-78,184729,91662,0
90909,2748,-1056,15276,-110,213,-113,184502,91571,0
91049,2884,-936,15248,-172,98,-43,184449,91736,0
91189,2768,-956,15080,-141,74,-42,184547,91608,0
91329,2940,-860,15244,-146,21,-144,184561,91644,0
91471,2904,-888,15168,-219,178,-231,184474,91581,0
91611,2900,-964,15140,-298,175,-108,184467,91578,0
91751,2840,-980,15132,-145,203,-106,184484,91710,0
91891,2760,-972,15128,-202,130,32,184620,91661,0
92031,2956,-916,15180,-83,-50,-84,184423,91633,0
92173,2776,-940,15324,-149,239,-71,184340,91599,0
92313,2684,-876,15216,-167,251,-21,184520,91595,0
92453,2824,-808,15276,-58,235,-160,184546,91733,0
92593,2708,-824,15232,-237,140,-176,184582,91725,0
92733,2800,-972,15144,-18,195,-61,184441,91664,0
92873,2684,-952,15180,-287,195,-127,184494,91656,0
93015,2700,-888,15448,-127,211,-66,184688,91698,0
93155,2680,-996,15148,-200,17,-84,184671,91731,0
93295,2708,-820,15148,-107,78,-51,184466,91749,0
93435,2820,-776,15328,-237,124,-72,184536,91728,0
93575,2720,-820,15284,-163,101,-53,184547,91711,0
93717,2676,-688,15312,-191,345,-62,184799,91748,0
93857,2516,-888,15292,-184,17,-39,184578,91637,0
93997,2648,-836,15284,-171,60,-105,184508,91829,0
94137,2564,-920,15368,-177,46,-127,184622,91733,0
94277,2832,-872,15160,-147,76,-67,184674,91749,0
94419,2620,-808,15112,-51,81,18,184687,91635,0
94559,2556,-756,15236,-154,175,-56,184606,91713,0
94699,2700,-832,15220,-224,61,-47,184538,91785,0
94839,2620,-740,15252,-184,-10,-163,184597,91779,0
94979,2572,-828,15296,-219,122,-85,184597,91727,0
95119,2672,-796,15140,-180,65,-98,184431,91686,0
95261,2584,-840,15316,-184,59,-85,184629,91703,0
95401,2644,-880,15272,-181,70,-95,184559,91752,0
95541,2588,-852,15304,-192,67,-64,184587,91790,0
95681,2668,-824,15308,-224,54,-53,184454,91723,0
95821,2792,-780,15208,-185,143,-48,184453,91727,0
95963,2744,-840,15172,-163,-35,-141,184693,91747,0
96103,2628,-792,15224,-163,80,-101,184670,91690,0
96243,2708,-812,15224,-203,-13,-84,184506,91813,0
96383,2732,-752,15276,-206,75,-73,184486,91732,0
96523,2604,-796,15192,-184,117,-96,184539,91772,0
96665,2712,-740,15160,-164,105,-21,184626,91722,0
96805,2672,-836,15240,-156,92,-87,184716,91704,0
96945,2744,-768,15292,-172,30,-80,184484,91781,0
97085,2732,-852,15108,-156,84,-65,184529,91804,0
97225,2664,-816,15168,-175,70,-84,184615,91779,0
97365,2824,-720,15220,-131,-56,-50,184662,91754,0
97507,2636,-892,15256,-169,84,-64,184757,91719,0
97647,2920,-732,15172,-164,97,-28,184407,91630,0
97787,2748,-784,15240,-161,34,-73,184473,91768,0
97927,2780,-776,15284,-154,23,-95,184588,91739,0
98067,2720,-784,15228,-148,66,-86,184647,91749,0
98207,2700,-844,15260,-128,63,-80,184581,91750,0
98349,2804,-792,15244,-177,88,-81,184622,91715,0
98489,2796,-764,15216,-157,86,-78,184587,91765,0
98629,2704,-816,15188,-136,31,-108,184621,91832,0
98769,2732,-716,15128,-143,177,-57,184820,91767,0
98909,2768,-776,15188,-162,46,-77,184765,91783,0
99051,2804,-732,15160,-182,91,-18,184702,91707,0
99191,2768,-688,15392,-107,18,-39,184662,91760,0
99331,2712,-812,15208,-144,45,-26,184638,91827,0
99471,2860,-828,15148,-108,-63,-80,184711,91829,0
99611,2812,-532,15136,-177,95,-174,184739,91768,0
99751,2716,-696,15196,-175,79,-92,184551,91682,0
99893,2800,-704,15216,-139,77,-53,184675,91747,0
100033,2628,-644,15400,-187,245,-179,184671,91774,0
100173,2724,-644,15192,-179,87,-49,184690,91889,0
100313,2736,-628,15288,-201,70,-104,184885,91788,0
100453,2764,-720,15184,-232,184,-78,184663,91787,0
100595,2616,-680,15204,-152,138,-37,184692,91724,0
100735,2684,-724,15092,-165,43,-33,184713,91781,0
100875,2660,-768,15212,-195,55,-96,184755,91895,0
101015,2584,-864,15156,-147,42,-110,184877,91892,0
101155,2644,-692,15176,-127,52,-129,184883,91842,0
101295,2612,-792,15240,-182,73,-100,184721,91738,0
101437,2548,-736,15304,-164,125,-14,184857,91850,0
101577,2608,-704,15300,-207,65,-79,184835,91824,0
101717,2588,-676,15240,-224,90,-77,184863,91966,0
101857,2468,-740,15204,-164,94,-47,185025,91897,0
101997,2572,-676,15232,-217,186,-40,184826,91880,0
102139,2512,-704,15356,-164,10,-87,184885,91792,0
102279,2720,-664,15212,-194,288,32,184937,91862,0
102419,2488,-688,15312,-78,293,-30,184960,91981,0
102559,2444,-640,15340,-136,163,-87,185065,91980,0
102699,2484,-708,15260,-203,143,-44,184934,91895,0
102839,2516,-740,15228,-178,68,-31,184898,91818,0
102981,2532,-700,15252,-181,160,-93,185014,91893,0
103121,2552,-664,15320,-206,109,-66,185051,91908,0
103261,2396,-836,15188,-227,-7,-59,185054,92031,0
103401,2420,-780,15328,-181,77,-45,184930,91857,0
103541,2492,-768,15292,-141,-19,-19,184806,91876,0
103683,2468,-692,15216,-206,176,-57,184871,91771,0
103823,2504,-756,15344,-138,23,-125,184959,91863,0
103963,2440,-776,15380,-217,117,-114,184940,91919,0
104103,2408,-672,15324,-185,104,-86,184785,91897,0
104243,2456,-760,15296,-210,85,-65,184801,91870,0
104383,2412,-732,15272,-166,65,-65,184872,91818,0
104525,2412,-800,15244,-190,56,-68,185059,91908,0
104665,2416,-724,15288,-180,119,-123,184923,91921,0
104805,2332,-764,15256,-150,6,-118,184754,91930,0
104945,2388,-772,15232,-199,89,-96,184857,91918,0
105085,2420,-764,15236,-204,110,-44,184861,91911,0
105227,2516,-684,15388,-184,5,-39,185113,91968,0
105367,2352,-880,15144,-200,167,-1,184869,91851,0
105507,2356,-724,15276,-63,-32,-319,184752,92019,0
105647,2412,-624,15376,-246,294,-5,184853,91918,0
105787,2284,-808,15308,152,-115,-169,184917,91967,0
105929,2304,-552,15276,-321,187,-122,185034,91905,0
106069,2232,-776,15264,-276,-52,-78,184771,91889,0
106209,2376,-576,15276,-163,137,-72,184763,91971,0
106349,2496,-684,15208,-90,-76,-136,184866,91962,0
106489,2576,-724,15208,-177,5,-66,184904,91984,0
106631,2580,-644,15164,-258,230,-207,184814,91940,0
106771,2536,-860,15312,-227,366,-221,184809,91914,0
106911,2472,-316,15344,-37,164,-159,184759,91974,0
107051,2608,-868,15208,-385,160,261,184865,92035,0
107191,2520,-656,15284,-177,73,-303,184992,92060,0
107331,2396,-800,15336,-294,368,-145,184856,92004,0
107473,2376,-680,15376,-166,-165,110,184951,91992,0
107613,2588,-660,15288,-178,127,-163,184900,91931,0
107753,2328,-768,15296,-154,94,-81,184993,92115,0
107893,2568,-672,15432,-185,78,45,185098,92061,0
108033,2320,-836,15232,-243,133,-170,184921,92056,0
108175,2476,-748,15248,-54,-24,-83,184904,92000,0
108315,2484,-816,15288,-238,243,-145,185069,92009,0
108455,2420,-812,15356,-151,-23,-118,185103,92107,0
108595,2432,-736,15220,-209,89,-49,185091,92140,0
108735,2468,-788,15204,-143,59,-81,184965,92057,0
108875,2520,-760,15208,-221,81,-93,184980,92058,0
109017,2464,-792,15216,-140,55,-93,185261,92113,0
109157,2408,-664,15392,-158,79,-38,185254,92032,0
109297,2440,-700,15280,-159,113,-19,185122,92179,0
109437,2428,-756,15232,-251,36,-108,185065,92078,0
109577,2400,-816,15268,-174,84,-44,185084,92105,0
109719,2368,-756,15316,-92,26,-33,185120,92071,0
109859,2336,-752,15244,-95,-46,-110,185239,92071,0
109999,2536,-620,15340,5,-5,-57,184982,92027,0
110139,2456,-764,15320,-159,90,-18,184930,92107,0
110279,2560,-640,15276,-185,33,-14,185045,92028,0
110419,2412,-608,15212,-194,122,-63,185037,92062,0
110561,2504,-608,15332,-208,170,-17,184979,91992,0
110701,2540,-660,15224,-211,57,-128,184879,92007,0
110841,2488,-656,15148,-170,46,-79,184906,92103,0
110981,2472,-704,15276,-187,128,-48,185020,92088,0
111121,2616,-688,15212,-179,-69,-138,184931,92041,0
111261,2500,-720,15284,-141,131,-174,184796,92005,0
111403,2540,-744,15300,-165,40,-117,184996,92036,0
111543,2400,-692,15216,-191,292,-48,184958,92087,0
111683,2376,-840,15116,-286,179,-8,185026,92161,0
111823,2568,-720,15208,-147,95,-52,184828,92052,0
111963,2396,-828,15116,-114,109,-106,184814,92008,0
112105,2368,-1148,15200,-133,-73,316,185011,92072,0
112245,2576,-736,15236,-36,-47,-337,185046,92077,0
112385,2376,-832,15384,-139,-53,18,184890,92205,0
112525,2476,-804,15336,-208,11,1,184869,92033,0
112665,2512,-728,15236,-212,92,-124,184854,92078,0
112807,2444,-728,15184,-99,63,62,185034,92065,0
112947,2408,-868,15264,-395,20,-91,185088,92073,0
113087,2400,-788,15224,-219,131,-201,184966,92168,0
113227,2292,-1040,15156,-19,150,27,184857,92101,0
113367,2384,-924,15268,-80,-271,-36,184894,92108,0
113507,2276,-652,15344,-197,294,-140,184952,92084,0
113649,2312,-804,15256,-138,225,-115,185191,92112,0
113789,2180,-820,15252,-160,-24,-13,184906,92122,0
113929,2456,-876,15188,-160,124,-96,184915,92179,0
114069,2416,-712,15292,-276,146,-124,185012,92143,0
114209,2440,-760,15248,-169,74,-75,185090,92096,0
114351,2328,-836,15176,20,76,-225,185192,92158,0
114491,2452,-612,15332,-522,437,27,185013,92039,0
114631,2164,-1376,15204,5,-187,237,184880,92198,0
114771,2416,-856,15384,-91,-252,-377,185053,92133,0
114911,2272,-920,15296,-124,234,-309,185213,92177,0
115053,2476,-612,15300,53,34,-50,185225,92081,0
115193,2380,-852,15192,-181,108,-42,185211,92149,0
115333,2336,-696,15316,-237,152,-47,185207,92221,0
115473,2328,-880,15288,-230,-49,-77,185317,92243,0
115613,2320,-932,15300,-132,-190,-112,185428,92219,0
115753,2292,-784,15252,-229,126,-65,185239,92151,0
115895,2240,-824,15308,-191,22,27,185342,92133,0
116035,2328,-776,15276,-160,44,-47,185219,92194,0
116175,2428,-772,15360,-211,32,-104,185286,92248,0
116315,2292,-744,15340,-163,53,-88,185241,92155,0
116455,2316,-796,15212,-180,79,-58,185064,92048,0
116597,2512,-680,15296,-132,45,-54,185202,92127,0
116737,2428,-732,15176,-159,29,-117,185161,92097,0
116877,2436,-816,15364,-189,72,-94,185111,92215,0
117017,2472,-748,15244,-238,200,-36,185067,92058,0
117157,2424,-832,15340,-199,107,-115,184939,92069,0
117299,2332,-668,15252,-174,111,-51,185115,92076,0
117439,2360,-812,15384,-210,174,-97,185142,92084,0
117579,2444,-736,15300,-187,-57,-109,185074,92147,0
117719,2356,-816,15224,-145,112,-88,184956,92076,0
117859,2472,-676,15268,-154,10,-89,184975,92109,0
117999,2352,-760,15172,-204,140,-116,185025,92097,0
118141,2436,-780,15324,-156,105,-84,185208,92095,0
118281,2408,-712,15292,-179,-24,-109,184905,92093,0
118421,2212,-756,15164,-149,134,-21,184845,92130,0
118561,2344,-672,15272,-97,-3,-71,184937,92108,0
118701,2416,-740,15252,-122,-41,-42,184956,92081,0
118843,2552,-660,15240,-181,114,-118,184899,92063,0
118983,2440,-692,15300,-174,117,-126,184734,91972,0
119123,2396,-724,15240,-255,179,-60,184765,92162,0
119263,2448,-776,15188,-173,103,-131,184884,92107,0
119403,2440,-796,15232,-106,33,-101,184862,92108,0
119545,2492,-716,15304,-167,149,-117,184738,91989,0
119685,2400,-648,15180,-134,206,-52,184904,92062,0
119825,2252,-664,15268,-167,-14,-87,184930,92188,0
119965,2440,-628,15252,-240,115,-88,185060,92222,0
120105,2284,-736,15368,-228,183,-63,184870,92116,0
120245,2568,-540,15312,-217,-16,-29,184804,92086,0
120387,2668,-640,15384,-227,166,8,184997,92136,0
120527,2468,-628,15344,-157,80,-4,184930,92171,0
120667,2364,-712,15356,-159,-183,-73,184955,92207,0
120807,2460,-684,15236,-91,-178,-9,184673,92095,0
120947,2592,-624,15192,-178,-3,-130,184582,92006,0
121089,2492,-696,15224,-299,197,-160,184752,92076,0
121229,2552,-656,15220,-271,314,-101,184797,92111,0
121369,2576,-596,15336,-206,94,-112,184704,92168,0
121509,2532,-764,15276,-226,163,6,184701,92062,0
121649,2548,-692,15176,-112,25,-82,184677,92112,0
121791,2596,-672,15136,-173,104,-95,184954,92151,0
121931,2512,-808,15244,-130,50,-69,184949,92118,0
122071,2560,-556,15144,-156,95,-136,184879,92220,0
122211,2480,-736,15264,-163,129,-59,184769,92135,0
122351,2384,-656,15324,-182,160,-150,184826,92183,0
122493,2320,-756,15308,-187,225,-160,184908,92159,0
122633,2140,-692,15184,-103,-109,-187,185121,92171,0
122773,2220,-588,15448,-216,208,-152,184955,92212,0
122913,2488,-732,15132,-178,229,-53,184841,92250,0
123053,2572,-704,15144,-153,-26,-103,184905,92200,0
123193,2584,-744,15360,-149,95,-43,184983,92200,0
123335,2532,-688,15324,-143,44,-118,185219,92258,0
123475,2428,-724,15336,-139,-60,-151,185105,92165,0
123615,2520,-712,15252,-164,111,-123,184989,92307,0
123755,2460,-672,15268,-158,44,-104,185028,92228,0
123895,2468,-696,15196,-206,126,-33,185136,92274,0
124037,2460,-764,15284,-160,-5,-66,185227,92246,0
124177,2428,-632,15232,-200,68,-106,185316,92231,0
124317,2512,-752,15224,-175,125,-65,185089,92282,0
124457,2572,-700,15204,-178,57,-24,185154,92306,0
124597,2396,-796,15272,-185,148,-114,185172,92260,0
124737,2560,-776,15284,-150,9,-34,185320,92198,0
124879,2512,-724,15352,-139,32,-100,185358,92251,0
125019,2664,-772,15192,-239,34,-151,185162,92213,0
125159,2500,-784,15240,-142,-24,-40,185123,92300,0
125299,2628,-656,15168,-177,87,-103,185154,92205,0
125439,2636,-764,15300,-206,-11,-163,185228,92258,0
125581,2612,-756,15300,-207,177,-77,185184,92144,0
125721,2640,-692,15220,-134,113,-118,185122,92221,0
125861,2552,-744,15248,-247,-22,-70,185136,92312,0
126001,2404,-696,15248,-232,139,-74,185241,92320,0
126141,2588,-776,15268,-214,49,-103,185295,92261,0
126281,2608,-716,15280,-200,124,-75,185044,92202,0
126423,2404,-780,15296,-218,152,-80,185195,92215,0
126563,2492,-736,15228,-211,56,-118,185166,92282,0
126703,2472,-744,15232,-182,107,-69,185200,92349,0
126843,2552,-780,15264,-164,62,-119,185178,92216,0
126983,2456,-804,15184,-228,149,-82,185005,92239,0
127125,2580,-812,15212,-193,149,-90,185162,92185,0
127265,2516,-628,15232,-193,70,-135,185234,92279,0
127405,2600,-988,15116,-161,96,-123,185272,92357,0
127545,2440,-760,15284,-113,147,-120,185103,92303,0
127685,2480,-740,15336,-298,408,-289,185097,92275,0
127825,2392,-924,15308,-175,-77,-12,185141,92225,0
127967,2864,-704,15112,-434,136,317,185299,92289,0
128107,2504,-912,15260,-667,309,-62,185209,92274,0
128247,2388,-1316,15116,-144,444,-744,185146,92385,0
128387,2412,-1160,15352,-95,-64,4,185300,92318,0
128527,2340,-956,15336,-14,-223,-104,185376,92376,0
128669,2528,-948,15100,-182,-138,-156,185567,92336,0
128809,2552,-1128,15212,-143,4,-53,185303,92358,0
128949,2660,-1012,15240,-265,-85,-68,185210,92394,0
129089,2476,-1104,15220,-39,-175,-137,185248,92385,0
129229,2552,-1056,15208,-135,-63,35,185276,92329,0
129369,2580,-972,15188,-110,22,-86,185182,92274,0
129511,2652,-992,15268,-58,0,-45,185139,92266,0
129651,2752,-840,15320,-147,-44,-87,184993,92285,0
129791,2768,-948,15132,-72,48,-116,185018,92324,0
129931,2704,-892,15220,-170,59,-104,185124,92249,0
130071,2780,-888,15128,-211,187,-108,184861,92236,0
130213,2648,-916,15180,-184,21,-99,184937,92205,0
130353,2912,-908,15196,-190,170,-53,184927,92241,0
130493,2780,-856,15268,-176,141,-51,185004,92357,0
130633,2744,-844,15196,-131,194,-106,185084,92330,0
130773,2616,-840,15180,-261,106,-114,184884,92264,0
130913,2644,-936,15164,-180,121,-4,184880,92275,0
131055,2692,-844,15252,-172,140,-47,185082,92286,0
131195,2592,-948,15192,-175,103,-88,185093,92330,0
131335,2676,-836,15244,-192,70,-119,184966,92366,0
131475,2556,-948,15228,-139,157,-89,184964,92270,0
131615,2656,-880,15332,-143,101,-38,184975,92297,0
131757,2724,-920,15276,-91,146,-45,185168,92285,0
131897,2492,-920,15212,-166,255,-113,185215,92345,0
132037,2588,-880,15212,-158,-31,-120,185129,92396,0
132177,2476,-884,15256,-145,39,-125,185060,92344,0
132317,2776,-792,15288,-163,55,-108,185150,92361,0
132457,2564,-840,15292,-150,85,-127,185195,92377,0
132599,2612,-832,15188,-103,-1,-115,185504,92389,0
132739,2592,-764,15292,-138,44,-140,185312,92425,0
132879,2460,-952,15196,-148,84,-87,185210,92436,0
133019,2616,-752,15196,-145,49,-103,185296,92439,0
133159,2508,-824,15324,-192,109,-117,185371,92428,0
133301,2648,-1044,15228,-233,262,36,185689,92498,0
133441,2408,-960,15348,-381,1760,481,185531,92437,0
133581,2868,-356,16328,-734,4990,1460,185413,92510,0
133721,1520,-1152,15256,24,-21,4,185853,92643,0
133861,448,-724,15432,273,2672,786,186088,92675,0
134003,208,-1016,15628,-937,1648,132,186602,92812,0
134143,0,-1348,15444,-968,2271,-214,187432,93036,0
134283,352,-1460,15592,-469,1270,-91,187572,93190,0
134423,-1340,-1040,15108,-303,2930,140,187606,93267,0
134563,-1248,-1404,15324,47,732,139,187404,93144,0
134703,-2116,-1204,15268,21,153,49,187172,93019,0
134845,-2024,-1096,15256,-10,23,125,187251,93096,0
134985,-1760,-972,15268,-84,364,-116,187031,93038,0
135125,-2120,-1080,15256,-229,195,-124,186779,93043,0
135265,-2028,-1120,15176,-216,-104,-36,186852,92972,0
135405,-2200,-1152,15296,-159,-117,-92,186802,92986,0
135547,-1872,-1068,15260,-125,-144,-134,186955,92994,0
135687,-1896,-1132,15128,-206,-51,-90,186691,92844,0
135827,-1832,-1104,15212,-180,132,-100,186587,93014,0
135967,-1816,-1076,15260,-167,46,-106,186626,92939,0
136107,-1760,-1056,15300,-206,245,-42,186770,92982,0
136249,-1724,-1004,15324,-229,276,-6,186859,92887,0
136389,-1784,-1120,15196,-179,134,-103,186689,92910,0
136529,-1940,-1168,15336,-181,-25,-94,186630,93009,0
136669,-1700,-1116,15372,-172,107,-69,186745,93021,0
136809,-1932,-1084,15236,-221,57,-73,186863,92999,0
136949,-1780,-1168,15248,-275,95,-102,186794,92971,0
137091,-1896,-1132,15380,-661,724,-118,186836,92944,0
137231,-2364,-1616,15160,-914,1118,-26,186702,92960,0
137371,-2052,-1472,15228,-402,29,-185,186744,92997,0
137511,-2172,-1708,15100,-238,45,-4,186893,92972,0
137651,-2372,-1580,15184,-226,328,31,186689,92941,0
137793,-2416,-1528,15324,-160,210,30,186883,92985,0
137933,-2252,-1532,15208,-180,52,-38,186937,92974,0
138073,-2424,-1612,15128,-203,118,-19,187073,93149,0
138213,-2316,-1560,15196,-162,116,-6,187130,93096,0
138353,-2308,-1504,15164,-222,120,-6,186910,93032,0
138495,-2216,-1604,15144,-246,414,-38,186843,92927,0
138635,-2356,-1532,15184,-223,229,-78,186924,93007,0
138775,-2312,-1616,15104,-222,217,-65,186962,93099,0
138915,-2432,-1612,15076,-118,51,-122,186993,93066,0
139055,-2332,-1576,15140,-202,325,8,186841,92991,0
139195,-2288,-1684,15056,-276,378,-17,186855,93000,0
139337,-2488,-1664,15136,-208,117,-152,187115,93032,0
139477,-2492,-1604,15196,-207,26,-86,187153,93082,0
139617,-2432,-1644,15148,-281,261,-122,187067,93098,0
139757,-2504,-1624,15084,-200,190,-55,187006,93055,0
139897,-2532,-1664,15088,-308,366,-67,186995,92981,0
140039,-2640,-1768,15092,-110,-39,-90,187118,93039,0
140179,-2556,-1716,15100,-157,-101,-53,187133,93031,0
140319,-2508,-1708,15196,-148,85,-99,186950,93099,0
140459,-2376,-1700,15120,-167,-46,-57,186876,92965,0
140599,-2476,-1576,15104,-185,168,-102,186807,92963,0
140741,-2480,-1656,15036,-147,105,-119,186982,92949,0
140881,-2292,-1528,14972,10,-68,-187,186939,92945,0
141021,-2364,-1644,15160,-181,60,-166,186595,92944,0
141161,-2488,-1656,15056,-195,-411,-193,186419,92874,0
141301,-1504,-1564,15156,-102,-75,4,186644,92953,0
141443,-2424,-1672,15248,-178,-6,-117,186766,92951,0
141583,-1948,-1876,14848,95,-13,4,186994,92973,0
141723,-2056,-1652,15056,-211,109,14,186678,92975,0
141863,-2168,-1656,15128,-165,144,-75,186570,92960,0
142003,-2372,-1640,15256,-205,235,-38,186578,92905,0
142143,-2388,-1656,15224,-175,-282,-136,186697,92888,0
142285,-1964,-1584,15200,-281,419,-74,186907,92939,0
142425,-2308,-1716,15172,-270,88,-108,186579,92900,0
142565,-2192,-1660,15180,-193,-57,-87,186464,92938,0
142705,-2204,-1708,15180,-229,104,-77,186528,92900,0
142845,-2316,-1760,15260,-183,85,-78,186619,92845,0
142987,-2144,-1756,15160,-130,40,-68,186763,92896,0
143127,-2004,-1636,15260,-142,106,-35,186398,92850,0
143267,-2128,-1644,15276,-221,85,-31,186294,92881,0
143407,-2016,-1596,15156,-169,97,-62,186371,92820,0
143547,-2060,-1756,15248,-196,96,-65,186396,92863,0
143689,-2124,-1600,15092,-146,40,-88,186652,92898,0
143829,-2064,-1600,15196,-210,194,-71,186321,92761,0
143969,-2024,-1632,15132,-194,126,-90,186310,92952,0
144109,-2032,-1588,15132,-161,183,-57,186437,92916,0
144249,-2180,-1640,15160,-104,108,-79,186562,92946,0
144391,-2080,-1624,15184,-170,56,-97,186752,92914,0
144531,-2160,-1612,15192,-211,71,-108,186542,92894,0
144671,-2124,-1616,15180,-200,182,-83,186385,92971,0
144811,-2192,-1720,15236,-185,81,-68,186491,92962,0
144951,-1984,-1612,15124,-187,139,-78,186606,92968,0
145093,-2072,-1596,15256,-191,52,-123,186697,92962,0
145233,-2244,-1680,15240,-193,132,-67,186673,92909,0
145373,-2052,-1656,15208,-183,39,-93,186461,92960,0
145513,-2160,-1640,15152,-143,83,-91,186561,92983,0
145653,-2100,-1600,15188,-135,25,-50,186670,92972,0
145793,-2148,-1620,15200,-190,-29,-83,186744,92984,0
145935,-2060,-1624,15180,-111,27,-90,186943,92992,0
146075,-2232,-1656,15104,-162,47,-82,186557,92996,0
146215,-2124,-1660,15156,-184,-1,-86,186546,93004,0
146355,-2032,-1572,15116,-175,23,-43,186604,92958,0
146495,-2028,-1648,15196,-181,3,-34,186672,92899,0
146637,-2028,-1584,15080,-150,129,-80,186823,92967,0
146777,-2080,-1596,15152,-181,164,-101,186495,92947,0
146917,-2048,-1564,15224,-226,132,-124,186437,92984,0
147057,-2112,-1620,15224,-217,183,-106,186555,92962,0
147197,-1968,-1532,15240,-119,111,-223,186643,92959,0
147339,-2176,-1624,15176,-179,230,-102,186833,93000,0
147479,-2084,-1596,15236,-194,103,-6,186576,92895,0
147619,-2156,-1600,15228,-236,22,-62,186540,93023,0
147759,-2088,-1580,15156,-174,131,-81,186713,92940,0
147899,-2148,-1648,15224,-188,131,-69,186774,93010,0
148041,-2152,-1652,15204,-177,85,-121,186970,93032,0
148181,-2044,-1584,15152,-168,156,-84,186623,92939,0
148321,-2036,-1520,15148,-86,-76,-111,186550,93099,0
148461,-2248,-1588,15204,-99,-65,-100,186684,92984,0
148601,-2076,-1552,15244,-182,-21,38,186724,93032,0
148743,-2048,-1480,15148,-142,-92,-48,186858,92987,0
148883,-2084,-1568,15196,-182,5,-25,186477,92898,0
149023,-1988,-1540,15228,-203,-38,-31,186432,93016,0
149163,-2040,-1596,15116,-124,-90,-19,186471,92961,0
149303,-2120,-1584,15212,-194,-38,-82,186503,92969,0
149445,-1880,-1464,15176,-179,12,-121,186373,92820,0
149585,-1844,-1548,15276,-223,-3,-86,186212,92823,0
149725,-1900,-1448,15244,-201,193,-165,186142,92911,0
149865,-1904,-1528,15232,-114,265,-144,186223,92935,0
150005,-1984,-1456,15224,-196,123,-144,186311,92910,0
150145,-1956,-1496,15300,-42,334,-299,186064,92789,0
150287,-2052,-1460,15196,-336,749,-300,186134,92844,0
150427,-2644,-1732,15184,-165,751,-463,186197,92853,0
150567,-2380,-1656,15044,36,49,-105,186332,93022,0
150707,-2356,-1440,15216,-84,-121,-155,186479,92925,0
150847,-2392,-1580,15156,-146,259,-82,186279,92939,0
150989,-2576,-1440,15184,-571,370,-236,186561,92938,0
151129,-2764,-1780,15040,-245,7,-727,186751,93064,0
151269,-1812,-1624,15068,-349,-792,-803,187122,93229,0
151409,-2008,-2052,15088,-4,-709,-607,187140,93207,0
151549,-1796,-1992,15140,-330,-34,-43,186944,93112,0
151689,-1896,-1716,15052,-208,-133,131,187026,93089,0
151831,-2104,-1776,15292,-152,507,-451,187238,93190,0
151971,-2276,-1836,15140,-126,503,-332,187414,93244,0
152111,-2420,-1864,15112,237,-719,431,187580,93328,0
152251,-1676,-1256,15468,205,-423,-357,187544,93232,0
152391,-1832,-1424,15068,-209,-301,-216,187293,93191,0
152533,-2012,-1628,15200,-154,504,-136,187357,93172,0
152673,-1836,-1728,15248,-282,-178,159,187375,93183,0
152813,-1716,-1564,15252,-141,194,64,187236,93216,0
152953,-1656,-1568,15092,213,228,-462,187143,93157,0
153093,-1936,-1656,15164,-73,-685,227,187339,93252,0
153235,-1540,-1312,15320,-157,7,-217,187455,93249,0
153375,-1864,-1592,15224,-209,165,-149,187723,93279,0
153515,-2024,-1580,15232,-147,75,-100,187444,93326,0
153655,-1704,-1512,15276,-211,39,-72,187445,93312,0
153795,-2008,-1672,15160,-190,137,-154,187570,93314,0
153935,-1860,-1636,15260,-199,153,-59,187714,93332,0
154077,-1872,-1524,15360,-190,86,-88,187942,93341,0
154217,-1852,-1532,15272,-172,87,-69,187634,93375,0
154357,-1876,-1588,15140,-194,48,-101,187636,93402,0
154497,-1928,-1552,15220,-166,135,-84,187749,93358,0
154637,-1956,-1540,15200,-185,83,-11,187879,93364,0
154779,-2156,-1672,15236,-257,90,-88,188114,93438,0
154919,-1816,-1604,15188,-173,-77,-124,187871,93406,0
155059,-1932,-1600,15264,-150,156,-37,187819,93449,0
155199,-2084,-1604,15196,-131,93,-75,187952,93409,0
155339,-1968,-1544,15256,-166,-9,-165,188070,93450,0
155481,-1944,-1644,15120,-172,42,-99,188326,93472,0
155621,-1992,-1636,15272,-180,210,-94,188051,93379,0
155761,-2024,-1608,15228,-255,328,-57,188061,93511,0
155901,-1968,-1576,15288,-198,9,-24,188093,93465,0
156041,-1888,-1624,15316,-109,-6,-47,188256,93520,0
156183,-1732,-1552,15248,-165,-169,-28,188280,93469,0
156323,-1808,-1644,15148,-224,259,-118,188217,93433,0
156463,-1772,-1576,15212,-135,20,-81,188118,93499,0
156603,-1860,-1640,15084,-195,147,-121,188170,93537,0
156743,-1896,-1588,15328,-131,91,-102,188288,93507,0
156883,-1892,-1548,15196,-196,209,-96,188258,93436,0
157025,-1944,-1572,15152,-238,13,-98,188307,93511,0
157165,-1868,-1680,15172,-215,134,-155,188304,93475,0
157305,-1888,-1636,15192,-20,-88,-161,188351,93628,0
157445,-2320,-1784,15168,-18,-472,-176,188471,93552,0
157585,-1708,-1480,15272,-172,-76,-150,188275,93525,0
157727,-1812,-1548,15300,-119,-14,24,188247,93454,0
157867,-1960,-1600,15264,-117,-192,39,188408,93511,0
158007,-2032,-1700,15232,-95,18,-112,188367,93595,0
158147,-1828,-1432,15184,-107,318,-234,188398,93595,0
158287,-2120,-1700,15208,-193,-134,58,188205,93518,0
158427,-1800,-1340,15376,-126,-25,46,188272,93478,0
158569,-2048,-1704,15120,-160,69,-129,188390,93558,0
158709,-2008,-1332,15308,-31,-108,-48,188483,93551,0
158849,-1720,-1292,15208,-252,106,178,188291,93600,0
158989,-1680,-1360,15220,-2,-96,-143,188265,93487,0
159129,-1752,-1440,15192,-44,-68,-8,188192,93486,0
159271,-1768,-1456,15328,61,-85,7,188245,93483,0
159411,-1600,-1240,15364,-60,-193,56,188024,93349,0
159551,-1436,-1284,15264,-27,20,-43,187661,93443,0
159691,-1392,-1244,15336,-113,36,-87,187509,93271,0
159831,-1516,-1168,15292,-101,-18,-111,187384,93253,0
159973,-1568,-1284,15224,-212,367,-347,187420,93186,0
160113,-1712,-1376,15288,-260,412,-231,187219,93171,0
160253,-1716,-1344,15180,-162,167,16,187390,93293,0
160393,-1660,-1364,15216,-183,46,50,187534,93325,0
160533,-1648,-1292,15164,-70,-123,-24,187724,93375,0
160675,-1396,-1432,15292,-165,130,-342,187500,93289,0
160815,-1384,-960,15360,-263,15,54,187681,93314,0
160955,-1400,-1184,15228,-315,189,41,187689,93427,0
161095,-1568,-1140,15312,-129,301,-363,187825,93453,0
161235,-1708,-1200,15212,-211,254,-107,187616,93375,0
161375,-864,-1204,15280,-38,-127,319,187666,93364,0
161517,-1788,-1384,15288,-292,712,-444,187850,93428,0
161657,-1596,-1204,15256,-97,687,-280,187955,93475,0
161797,-1952,-1248,15348,-37,-1281,229,187821,93530,0
161937,-1676,-1232,15180,-367,354,-259,187849,93507,0
162077,-1804,-1456,15184,-184,-69,-127,187932,93481,0
162219,-1512,-1232,15232,-140,-261,69,188231,93569,0
162359,-1740,-1392,15252,-251,472,-116,188072,93509,0
162499,-1772,-1420,15308,-205,-82,-133,187878,93638,0
162639,-1768,-1380,15316,-170,121,-36,188054,93542,0
162779,-1736,-1376,15180,-254,75,-202,188177,93595,0
162921,-1776,-1392,15276,-143,8,-112,188309,93563,0
163061,-1540,-1308,15196,-170,249,-57,188140,93579,0
163201,-1788,-1408,15180,-83,19,-125,188229,93674,0
163341,-1652,-1220,15248,-241,175,-118,188311,93673,0
163481,-1396,-1328,15224,-144,-99,145,188507,93725,0
163623,-1976,-1484,15200,-185,391,-381,188332,93654,0
163763,-1508,-1232,15188,-201,197,-58,188430,93625,0
163903,-1724,-1332,15272,-219,30,-1,188472,93749,0
164043,-1752,-1476,15244,-216,-95,-79,188592,93794,0
164183,-1736,-1368,15220,-132,29,-130,188599,93758,0
164323,-1780,-1276,15296,-234,206,-116,188495,93628,0
164465,-1684,-1380,15188,-200,91,-131,188610,93721,0
164605,-1840,-1368,15248,-126,78,-74,188641,93731,0
164745,-1620,-1436,15284,-141,-26,-39,188663,93798,0
164885,-1732,-1408,15264,-184,141,-65,188637,93697,0
165025,-1708,-1284,15296,-229,81,-103,188507,93703,0
165167,-1656,-1232,15260,-300,74,-115,188645,93699,0
165307,-1320,-1488,15220,-31,-243,-182,188650,93692,0
165447,-1548,-1352,15360,-130,510,-169,188578,93794,0
165587,-1716,-1380,15360,-131,301,-129,188441,93725,0
165727,-1612,-1216,15224,-144,132,-54,188462,93700,0
165867,-1976,-1376,15316,-262,205,-83,188488,93699,0
166009,-1716,-1276,15248,-156,72,-168,188723,93706,0
166149,-1784,-1316,15268,-220,334,-132,188382,93687,0
166289,-1776,-1248,15232,-297,195,-59,188342,93719,0
166429,-1808,-1292,15172,-236,219,-136,188440,93687,0
166569,-1788,-1352,15252,-154,116,-51,188449,93711,0
166711,-1836,-1316,15276,-113,55,-107,188507,93691,0
166851,-1676,-1316,15196,-144,61,-94,188282,93665,0
166991,-1776,-1316,15284,-203,101,-81,188382,93759,0
167131,-1716,-1300,15220,-221,110,-87,188447,93743,0
167271,-1792,-1328,15288,-166,23,-138,188533,93766,0
167411,-1860,-1360,15100,-204,91,-170,188329,93681,0
167553,-1680,-1332,15216,63,-81,-246,188448,93682,0
167693,-1536,-1280,15260,492,-279,-68,188358,93749,0
167833,-1100,-724,15356,266,-423,223,188400,93819,0
167973,-988,-708,15308,242,167,-139,188400,93746,0
168113,-1724,-672,15308,0,677,-152,188190,93715,0
168255,-1812,-688,15276,-262,292,259,188288,93735,0
168395,-1860,-800,15276,-41,80,33,188159,93654,0
168535,-1684,-596,15328,-25,-85,713,188158,93760,0
168675,-1072,-412,15340,-151,-207,440,187857,93655,0
168815,-1200,-480,15420,-51,-324,429,187816,93638,0
168957,-1092,-408,15304,-165,432,-15,187765,93576,0
169097,-1156,-488,15368,-166,299,-73,187941,93603,0
169237,-1348,-500,15280,-98,33,60,187720,93633,0
169377,-1360,-368,15288,-68,158,259,187642,93630,0
169517,-1372,-328,15276,-208,196,-62,187695,93592,0
169657,-1452,-460,15228,-225,360,-107,187753,93582,0
169799,-1524,-416,15232,-226,187,-74,187972,93609,0
169939,-1584,-428,15416,-125,276,-133,187762,93592,0
170079,-1748,-500,15368,-97,-29,-147,187606,93638,0
170219,-1588,-420,15336,-262,-11,-34,187681,93603,0
170359,-1452,-432,15248,-237,-204,4,187697,93591,0
170501,-1372,-416,15396,-131,-215,103,187947,93625,0
170641,-1368,-412,15440,-144,-29,42,187713,93523,0
170781,-1184,-444,15244,-166,68,50,187591,93635,0
170921,-1280,-448,15420,-193,87,-8,187600,93555,0
171061,-1332,-352,15376,-221,87,-25,187635,93570,0
171201,-1256,-520,15428,-172,84,-89,187666,93567,0
171343,-1200,-500,15384,-190,37,-57,187798,93536,0
171483,-1264,-364,15316,-186,61,-20,187526,93531,0
171623,-1220,-440,15376,-222,164,-122,187501,93582,0
171763,-1316,-544,15352,-164,93,-151,187565,93548,0
171903,-1132,-432,15376,-235,167,-94,187611,93488,0
172045,-1336,-528,15408,-112,-26,-129,187768,93558,0
172185,-1092,-420,15416,-209,187,-60,187554,93464,0
172325,-1252,-508,15336,-198,401,-254,187529,93586,0
172465,-1360,-492,15316,-63,264,-152,187690,93505,0
172605,-1676,-512,15432,-89,150,-220,187748,93564,0
172747,-1440,-412,15188,-72,83,-58,187851,93549,0
172887,-1568,-448,15368,-162,-115,-101,187638,93488,0
173027,-1376,-472,15368,-178,-27,-117,187719,93621,0
173167,-1300,-400,15352,-133,116,-172,187704,93569,0
173307,-1576,-380,15436,-132,422,-148,187826,93621,0
173449,-1436,-328,15264,-94,594,-337,187767,93504,0
173589,-2068,-508,15240,-60,110,-202,187872,93577,0
173729,-1292,-348,15224,-102,709,-306,187904,93680,0
173869,-1724,-312,15328,29,861,-676,188076,93742,0
174009,-1968,-344,15176,-201,353,-336,188245,93714,0
174149,-1872,-288,15476,-316,641,-161,188145,93678,0
174291,-1852,-480,15460,-291,242,8,188331,93706,0
174431,-1616,-268,15228,-96,187,51,188375,93767,0
174571,-1504,-380,15400,-58,14,99,188495,93880,0
174711,-2028,-432,15288,-131,144,-186,188512,93816,0
174851,-2156,-392,15324,-532,970,-112,188448,93748,0
174993,-2408,-432,15196,24,935,-378,188593,93836,0
175133,-1972,0,15304,175,105,-1369,188694,93850,0
175273,-3288,-300,15404,-338,3280,-220,188606,93927,0
175413,-2680,-36,14792,-904,1645,154,188564,93819,0
175553,-3772,516,14300,-1145,79,657,188465,93764,0
175695,-4228,-892,14852,-1027,855,281,188930,93855,0
175835,-2752,-180,14524,-370,650,198,188928,93789,0
175975,-5616,-1428,15808,-1282,102,-744,188855,93941,0
176115,-4092,-1548,14504,-755,1126,-507,188905,93892,0
176255,-3676,-2044,14660,-463,45,-673,188919,93908,0
176397,-2556,-1748,14528,-651,1363,267,188998,93863,0
176537,-4808,-2696,14420,-1035,635,-128,188989,93860,0
176677,-4540,-2524,13780,1331,1257,-104,188879,93957,0
176817,-3944,-1272,15044,1020,230,-157,188906,93959,0
176957,-3468,-1484,14284,1372,-617,-228,188833,93861,0
177097,-3008,-656,13772,3250,-2,327,188460,93734,0
177239,-3220,872,15184,3474,-2231,46,188265,93702,0
177379,-3096,1816,15732,3085,-343,610,188046,93635,0
177519,-3124,2764,15212,2562,-745,-187,187896,93669,0
177659,-2292,3468,15136,1511,-1298,67,187401,93469,0
177799,-2984,3864,15208,1603,585,298,186730,93311,0
177941,-2496,4720,15240,1055,-737,50,186468,93203,0
178081,-1296,4968,14536,64,-981,-3,185963,92937,0
178221,-1892,4848,14856,-163,-370,-699,185412,92953,0
178361,-1096,4468,14672,-142,-326,71,185270,92796,0
178501,-1376,4952,14636,-237,231,-398,185241,92788,0
178643,-1352,4816,14520,-214,412,-120,185268,92743,0
178783,-1660,4568,14576,-525,-1367,-217,185099,92670,0
178923,-828,4524,14804,-275,-514,-149,184899,92697,0
179063,-764,4424,14972,-309,-341,-132,184831,92743,0
179203,-1032,4276,14776,-320,-93,-264,184790,92656,0
179343,-1256,4508,14800,-378,-336,-490,184507,92595,0
179485,-1332,4332,14804,-164,378,-237,184485,92549,0
179625,-996,4380,14672,-295,-669,-86,184438,92582,0
179765,-1124,4428,14716,-179,-222,12,184433,92705,0
179905,-664,4192,14804,-29,4,164,184523,92716,0
180045,-920,4404,14852,-107,192,-134,184386,92611,0
180185,-844,4360,14792,-208,-53,-295,184268,92544,0
180327,-996,4428,14704,-339,133,-146,184437,92655,0
180467,-868,4348,14712,-91,214,30,184495,92653,0
180607,-972,4336,14800,-259,-175,-127,184547,92849,0
180747,-676,4284,14848,-391,-24,-274,184473,92714,0
180887,-904,4220,14780,-258,-29,-312,184436,92738,0
181029,-684,4188,14804,-237,-81,-235,184493,92735,0
181169,-700,4160,14852,-197,163,-152,184755,92779,0
181309,-744,4180,14856,-157,78,-171,184805,92850,0
181449,-688,4232,15016,-243,-100,-119,184828,92906,0
181589,-848,4304,14712,-288,-119,-74,184672,92769,0
181729,-728,4036,14932,-212,-36,-102,184585,92809,0
181871,-700,4100,14940,-249,-143,-116,184683,92735,0
182011,-600,4096,14828,-186,171,36,184822,92798,0
182151,-684,4096,15020,-149,98,-70,184811,92860,0
182291,-800,4168,14724,-173,53,-159,184644,92844,0
182431,-744,4056,14948,-204,113,-112,184568,92822,0
182571,-644,4104,14808,-212,77,-67,184603,92802,0
182713,-680,4136,14952,-162,24,-74,184825,92814,0
182853,-596,4060,14844,-179,120,-48,184887,92857,0
182993,-548,4124,14888,-233,60,-119,184908,92951,0
183133,-564,4100,14844,-226,70,-98,184684,92887,0
183273,-644,4032,14784,-175,9,-59,184597,92837,0
183413,-784,4088,14840,-180,58,-111,184689,92794,0
183555,-696,4096,14900,-215,-19,-127,184911,92887,0
183695,-600,4088,14872,-136,131,-65,184917,92824,0
183835,-508,4116,14976,-97,-4,45,184974,93025,0
183975,-800,4080,14864,-61,156,-125,184740,92876,0
184115,-744,4168,14844,-177,-4,-82,184670,92870,0
184257,-452,4280,14796,-185,-43,7,184643,92830,0
184397,-528,4164,14932,-253,-153,-215,184815,92851,0
184537,-428,4068,14936,-153,233,-108,184799,92919,0
184677,-540,4168,14932,-221,240,-56,184618,92916,0
184817,-692,4324,14840,-142,30,47,184561,92849,0
184957,-708,4164,14824,-278,-59,-317,184594,92835,0
185099,-544,4164,14856,-236,144,-6,184800,92872,0
185239,-612,4112,14864,-148,153,-59,184789,92828,0
185379,-412,4076,14840,-162,211,-124,184838,92955,0
185519,-548,4156,14896,-135,383,-98,184598,92841,0
185659,-484,4104,14892,-85,205,-31,184560,92868,0
185801,-368,4108,14964,-149,149,-51,184588,92859,0
185941,-360,4100,14856,-112,183,-128,184777,92864,0
186081,-692,4076,14832,-44,69,-136,184825,92924,0
186221,-576,4084,14724,-216,-79,-56,184594,92908,0
186361,-464,4128,14784,-202,115,2,184545,92821,0
186501,-504,4156,14852,-219,255,-77,184477,92834,0
186643,-580,4140,14804,-171,-96,-115,184669,92825,0
186783,-584,4156,14988,-167,26,-140,184684,92838,0
186923,-360,4156,14960,-194,72,-129,184714,92950,0
187063,-428,4240,14868,-216,-116,-150,184485,92873,0
187203,-416,4036,14904,-157,-159,-61,184460,92833,0
187343,-420,4080,14820,-260,94,-43,184485,92801,0
187485,-312,4000,14900,-67,140,-134,184691,92874,0
187625,-676,4072,14732,-284,24,-177,184720,92865,0
187765,-284,3860,14860,-214,-225,114,184475,92904,0
187905,-436,4156,14824,-70,143,82,184526,92808,0
188045,-504,3940,14896,-354,227,-352,184512,92847,0
188187,-344,4216,14784,-163,-74,-37,184651,92808,0
188327,-176,4080,14800,-203,35,-88,184765,92882,0
188467,-168,4188,14908,-274,-39,48,184555,92909,0
188607,-260,3984,14972,-18,402,143,184598,92912,0
188747,-464,4004,14916,-199,748,-177,184662,92880,0
188887,-568,3964,14844,-151,-47,-206,184752,92830,0
189029,-380,4348,14832,-181,-46,113,184909,92950,0
189169,-352,4084,14920,-279,-161,-134,184648,92875,0
189309,-292,4032,14848,-233,-130,-191,184546,92924,0
189449,-332,4004,14812,-56,201,-189,184627,92848,0
189589,-72,4144,14856,-167,234,24,184639,92896,0
189731,-264,4068,14864,-176,92,-55,184736,92844,0
189871,-272,4068,14888,-69,197,-5,184549,92843,0
190011,-332,4176,14888,-211,126,-187,184490,92943,0
190151,-232,4080,14884,-131,29,38,184587,92928,0
190291,-220,4176,14836,-140,316,-97,184688,92929,0
190431,-448,4276,14852,-105,55,-98,184396,92833,0
190573,-412,4204,14892,-85,-24,42,184521,92852,0
190713,-344,4264,15040,-414,-362,-102,184435,92865,0
190853,-376,4024,14820,-132,194,-83,184489,92941,0
190993,-20,4124,14924,-307,267,-188,184525,92882,0
191133,-504,4064,14868,-253,11,33,184383,92816,0
191275,-128,4144,14776,-151,5,-155,184563,92899,0
191415,-428,4144,14816,-276,178,-94,184566,92891,0
191555,-216,4052,14864,-72,6,-21,184559,92960,0
191695,-164,4080,14900,-135,166,-21,184446,92847,0
191835,-284,4100,14856,-38,162,-225,184402,92886,0
191977,-220,4176,14848,-55,59,-21,184534,92871,0
192117,-240,4296,14864,-210,-5,-34,184586,92871,0
192257,-304,4156,14868,-194,60,-140,184351,92940,0
192397,-456,4192,14828,-234,176,-46,184428,92929,0
192537,-372,4232,14792,-241,1,-121,184428,92907,0
192677,-260,4144,14844,-112,100,-79,184504,92901,0
192819,-248,4148,14784,-102,69,-19,184465,92847,0
192959,-336,4228,14920,-169,120,-94,184316,92888,0
193099,-260,4156,14800,-293,230,-69,184324,92944,0
193239,-236,4064,14920,-164,13,-122,184481,92885,0
193379,-256,4068,14788,-68,120,-66,184319,92870,0
193521,56,4300,14836,-162,662,-387,184385,92858,0
193661,28,4384,14812,-254,99,-93,184338,92839,0
193801,-676,4044,14812,-225,261,-61,184408,92977,0
193941,24,4068,14964,-213,-12,-142,184457,92938,0
194081,-336,3948,14916,-256,58,-134,184305,92903,0
194221,-308,4060,14900,-206,-97,-52,184309,92905,0
194363,-320,3972,14880,-100,120,-22,184550,92929,0
194503,-420,3992,14840,-199,70,-209,184550,92973,0
194643,-288,4056,14820,-47,91,66,184338,92975,0
194783,-312,4192,14872,-214,-51,-77,184345,92921,0
194923,-168,4048,14788,-123,239,-156,184334,92937,0
195065,-236,4076,14820,-227,258,-202,184559,92947,0
195205,-488,4220,14868,-254,441,-6,184440,92879,0
195345,-260,4020,14908,-212,71,-169,184307,92962,0
195485,-328,4176,14912,-268,21,-111,184354,92963,0
195625,-328,4156,14868,-151,31,-54,184399,92962,0
195765,-200,4108,14868,-205,233,-116,184424,92914,0
195907,-288,4060,14908,-99,145,-43,184397,92900,0
196047,-376,4116,14856,-144,55,-141,184238,92929,0
196187,-420,4128,14892,-189,89,-128,184292,92974,0
196327,-504,4012,14904,-210,33,-61,184376,92947,0
196467,-404,4136,14804,-127,79,-18,184435,92913,0
196609,-768,4136,14676,-450,-127,-167,184382,92912,0
196749,-172,4308,14792,84,846,439,184264,92855,0
196889,-172,4276,14840,-452,174,-356,184270,93015,0
197029,-532,3972,14920,-205,307,-85,184463,92952,0
197169,-300,4160,14788,-134,59,-102,184401,92961,0
197311,-384,4028,14908,-256,-5,-162,184377,92894,0
197451,-420,4068,14896,44,323,13,184362,92906,0
197591,-492,4320,14824,-526,540,576,184390,93036,0
197731,-316,4272,14924,122,1139,248,184539,93018,0
197871,-692,4028,14872,-269,219,-655,184404,92986,0
198013,-720,4172,14816,-218,486,-162,184368,92932,0
198153,-520,4488,14856,-75,-529,-58,184540,92948,0
198293,540,4296,14772,-319,-165,399,184564,93052,0
198433,-844,4268,14876,-234,-55,-94,184567,93056,0
198573,-28,4152,14892,-241,343,-197,184414,92987,0
198713,-232,4104,14856,-68,-205,-4,184467,92924,0
198855,20,4368,14916,108,-58,-43,184611,93007,0
198995,84,4204,14820,-113,69,-5,184641,93031,0
199135,-72,4116,14908,-274,0,-426,184372,93019,0
199275,-96,4244,14740,-203,274,-245,184402,92949,0
199415,-60,4244,14728,-150,-185,89,184352,92959,0
199557,-140,4364,14972,-97,138,-244,184548,92982,0
199697,-280,4124,14876,-187,191,-174,184383,92900,0
199837,-260,4104,14884,-194,-118,-132,184288,93011,0
199977,148,4128,14892,-173,-123,45,184341,92982,0
200117,-188,4148,14980,-181,20,-147,184385,92992,0
200257,-328,4072,14884,-195,242,-50,184390,92942,0
200399,36,4216,14900,-245,10,26,184386,92924,0
200539,-284,4312,14884,-282,66,-173,184304,93002,0
200679,-116,4144,14884,-45,-160,-178,184390,93077,0
200819,-316,4180,14820,-128,173,-85,184535,93036,0
200959,-288,4284,14784,-113,253,-65,184321,92966,0
201101,-364,4132,15008,-126,219,-48,184481,93016,0
201241,-248,4228,14848,-202,-86,-92,184432,92929,0
201381,-176,4228,14776,-236,-29,-115,184491,93128,0
201521,-160,4152,14952,-216,55,-95,184382,93029,0
201661,-288,4136,14808,-176,-7,65,184331,93026,0
201803,-128,4176,14908,-173,100,-13,184380,92983,0
201943,-284,4120,14760,-172,102,31,184589,92987,0
202083,-268,4312,14780,-138,201,-25,184522,93068,0
202223,-236,4260,14820,-175,39,-93,184356,93069,0
202363,-228,4128,14884,-192,114,-110,184424,93021,0
202503,-272,4240,14896,-144,94,-89,184448,93022,0
202645,-204,4216,14836,-155,88,-81,184707,93072,0
202785,-260,4304,14768,-188,1,-73,184464,92936,0
202925,-356,4160,14852,-115,-50,-125,184398,93127,0
203065,-236,4308,14800,-188,-66,-60,184476,93059,0
203205,-184,4180,14888,-83,-75,-76,184562,93070,0
203347,-24,4424,14920,-280,459,-401,184566,93013,0
203487,-188,4372,14852,-190,80,-87,184495,92962,0
203627,-140,4112,14824,-166,-71,-125,184435,93076,0
203767,-36,4212,14828,-101,69,33,184473,93111,0
203907,-204,4320,14848,-160,305,-104,184570,93070,0
204047,-184,4320,14828,-164,282,-65,184441,93004,0
204189,-172,4344,14728,-319,-83,-87,184493,93012,0
204329,-140,4164,14896,-169,-118,-71,184492,92940,0
204469,96,4244,14824,-227,109,-101,184521,93134,0
204609,-236,4324,14904,-45,389,-159,184564,93055,0
204749,-52,4260,14768,-135,178,-107,184419,93047,0
204891,-120,4356,14936,-147,150,-89,184429,93002,0
205031,-168,4304,14756,-209,122,-117,184618,93003,0
205171,-200,4276,14892,-278,90,-108,184601,93117,0
205311,-48,4216,14812,-185,96,-34,184445,93103,0
205451,-328,4300,14792,-194,129,-204,184429,93053,0
205591,-240,4272,14824,-251,75,-110,184451,93003,0
205733,-116,4216,14908,-205,-52,-72,184691,93096,0
205873,32,4296,14888,-207,22,-154,184696,93011,0
206013,-84,4344,14808,-224,52,-81,184449,93154,0
206153,-108,4160,14800,-260,-72,-147,184511,93059,0
206293,-120,4252,14792,-264,25,-102,184509,93073,0
206435,-84,4128,14824,-253,-8,-62,184614,93009,0
206575,-60,4004,14832,-478,-460,-343,184618,92996,0
206715,160,3980,14924,-257,92,66,184426,93067,0
206855,-92,3988,14904,-368,29,-62,184494,93096,0
206995,204,3880,14944,-286,249,-69,184557,93064,0
207135,-180,3968,14768,-284,210,-117,184619,93011,0
207277,-112,3996,14848,-311,-9,-203,184598,93025,0
207417,-76,3820,14940,-297,59,-136,184575,92990,0
207557,-4,3736,14932,-292,-2,25,184591,93191,0
207697,-100,3776,15064,-237,113,-77,184719,93104,0
207837,-104,3800,14928,-89,214,-60,184758,93118,0
207979,-12,3896,15016,-84,326,-91,184582,93034,0
208119,-208,3876,14920,3,295,8,184767,93073,0
208259,-224,3976,14972,-24,213,-50,184753,93141,0
208399,-212,3980,14916,29,-8,-65,184875,93211,0
208539,-272,3964,14864,137,369,-179,184846,93167,0
208679,-356,4128,14688,267,663,-57,184806,93147,0
208821,-608,4228,14764,128,270,-318,185025,93170,0
208961,-664,4308,14908,-75,397,-209,185022,93166,0
209101,-600,4432,14812,-241,-106,-19,185129,93286,0
209241,-508,4460,14752,-233,30,88,184942,93207,0
209381,-400,4196,14800,-169,45,3,184902,93183,0
209521,-644,4460,14748,-91,383,10,184948,93158,0
209663,-476,4348,14968,-244,141,-212,185147,93189,0
209803,-608,4196,14788,-166,-39,-30,184928,93195,0
209943,-428,4376,14748,-164,123,-3,184831,93210,0
210083,-292,4180,14932,-229,-62,-26,184857,93175,0
210223,-352,4408,14816,-133,25,-63,184883,93152,0
210365,-300,4212,14808,-163,34,-192,185058,93194,0
210505,-400,4392,14852,-257,-42,25,184748,93115,0
210645,-344,4124,14844,-231,-115,-32,184660,93260,0
210785,-348,4196,14804,-215,78,-152,184752,93143,0
210925,-344,4216,14916,-215,32,-136,184754,93173,0
211067,-292,4336,14796,-144,-36,-90,184708,93115,0
211207,-412,4276,14804,-189,57,-99,184615,93096,0
211347,-184,4264,14780,-228,-2,-88,184628,93222,0
211487,-288,4268,14780,-193,62,-41,184721,93184,0
211627,-300,4284,14908,-200,55,-92,184798,93201,0
211769,-304,4272,15048,-200,-38,-80,184562,93118,0
211909,-176,4228,14700,-198,78,-83,184714,93129,0
212049,-236,4244,14932,-213,150,-110,184691,93213,0
212189,-208,4284,14808,-174,147,-106,184826,93268,0
212329,-224,4188,14808,-177,247,-112,184802,93205,0
212469,-180,4256,14872,-185,158,-100,184671,93112,0
212611,-196,4192,14844,-191,82,-115,184850,93219,0
212751,-256,4312,14784,-216,-10,-91,184851,93172,0
212891,-308,4280,14844,-194,67,-134,184922,93362,0
213031,-176,4252,14828,-161,-53,-24,184800,93239,0
213171,-292,4268,14860,-159,-121,-121,184839,93248,0
213313,-140,4124,14880,-177,-91,-106,184812,93205,0
213453,0,4204,14852,-172,-84,-52,185020,93225,0
213593,-8,4200,14864,-127,124,-132,184953,93256,0
213733,-72,4288,14796,-135,183,-72,184837,93257,0
213873,-140,4260,14820,-162,266,-142,184921,93213,0
214013,-220,4240,14932,-120,213,-114,184921,93244,0
214155,-204,4280,14804,-197,91,-38,185104,93227,0
214295,-172,4244,14820,-239,27,-105,184963,93222,0
214435,-112,4148,14856,-222,-56,-95,184886,93319,0
214575,-32,4228,14808,-183,65,-82,184976,93310,0
214715,12,4200,14836,-234,105,-54,185052,93278,0
214855,4,4240,14896,-172,-33,-122,185136,93223,0
214997,16,4248,14836,-242,-18,-92,185055,93233,0
215137,0,4176,14784,-195,31,-53,184992,93206,0
215277,-36,4168,14720,-225,-15,-124,184977,93391,0
215417,96,4144,14904,-209,50,-104,185077,93310,0
215557,-24,4148,14916,-181,18,-134,185163,93322,0
215699,8,4216,14832,-246,48,-111,184940,93211,0
215839,28,4016,14804,-211,-43,-96,185029,93209,0
215979,36,4164,14920,-203,22,-80,184974,93328,0
216119,28,4100,14956,-211,-15,-96,185035,93367,0
216259,60,4108,14884,-151,134,-71,185125,93307,0
216399,44,4240,14840,-152,54,-64,184955,93233,0
216541,8,4152,14948,-98,149,-10,185019,93249,0
216681,48,4084,14876,-155,103,-67,184934,93189,0
216821,96,4152,14872,-235,-34,-97,185020,93335,0
216961,64,4080,14868,-195,117,-63,185060,93301,0
217101,28,4180,14896,-175,-102,-18,184941,93243,0
217241,64,4108,14908,-196,49,-109,184840,93228,0
217383,44,4180,14928,-188,53,-77,184994,93228,0
217523,80,4172,14912,-222,77,-111,185003,93262,0
217663,172,4144,14864,-202,77,-62,185004,93361,0
217803,152,4204,14864,-245,-135,-71,184895,93219,0
217943,76,4132,14896,-205,-81,-79,184834,93235,0
218085,128,4164,14908,-198,147,-77,185000,93205,0
218225,108,4120,14880,-214,89,-74,185071,93267,0
218365,188,4128,14924,-157,126,-153,185080,93341,0
218505,72,4192,14980,-210,52,-109,184911,93262,0
218645,168,4164,14784,-150,-10,-95,184923,93273,0
218787,52,4220,14876,-186,67,-85,184910,93236,0
218927,132,4088,14884,-144,138,-73,185129,93255,0
219067,32,4084,14920,-83,178,-13,185055,93307,0
219207,128,4204,14780,-161,121,-115,184914,93318,0
219347,12,4160,15040,-161,234,16,184925,93269,0
219487,8,4320,14884,-184,0,-27,184962,93212,0
219629,64,4268,14880,-218,79,-126,185140,93294,0
219769,144,4136,14808,-242,122,-84,184928,93201,0
219909,208,4136,14880,-174,-18,-58,184872,93370,0
220049,120,4220,14948,-189,111,-143,184988,93263,0
220189,76,4212,14740,-215,121,-50,185040,93303,0
220331,132,4160,14944,-218,165,-94,185118,93242,0
220471,-20,4080,14748,-224,150,-33,184966,93263,0
220611,164,4136,14804,-179,87,-73,184937,93322,0
220751,116,4076,14904,-118,85,-99,185027,93335,0
220891,116,4156,14920,-192,19,-96,185100,93322,0
221031,184,4072,14904,-177,-111,-17,184965,93260,0
221173,-4,4092,14908,-199,-10,-88,185064,93259,0
221313,12,3920,14788,-188,50,-53,185007,93314,0
221453,52,4132,14772,-197,76,-65,185080,93375,0
221593,240,4148,14912,-208,65,-78,185114,93326,0
221733,188,4152,14864,-213,53,-122,184980,93225,0
221875,32,4104,14900,-226,89,-79,185150,93298,0
222015,96,4132,14956,-193,107,-94,185150,93332,0
222155,212,4096,14888,-199,152,-123,185171,93436,0
222295,180,4128,14888,-161,131,-48,185126,93293,0
222435,12,4068,14884,-108,-87,-27,185074,93314,0
222577,144,4104,14904,-143,56,-93,185222,93321,0
222717,184,4056,14732,-161,-67,-57,185246,93291,0
222857,80,4044,14920,-149,128,-73,185277,93395,0
222997,252,4092,14944,-140,136,-65,185121,93315,0
223137,284,4084,14940,-192,52,-108,185164,93352,0
223279,160,4124,14904,-153,129,-26,185171,93270,0
223419,328,4148,15092,-124,204,-107,185321,93345,0
223559,256,4144,14904,-286,-110,-150,185071,93374,0
223699,200,4100,14788,-225,6,-64,185087,93396,0
223839,252,4060,14900,-278,56,-207,185154,93326,0
223979,232,4036,14836,-168,25,105,185199,93344,0
224121,208,4104,14804,-227,376,-400,185186,93317,0
224261,200,3988,14904,-174,124,14,185025,93356,0
224401,24,4092,15028,-139,-14,19,185067,93398,0
224541,324,4064,14988,-179,175,-245,185156,93368,0
224681,36,3916,14960,-64,16,102,185106,93260,0
224823,316,4292,15028,-244,72,-152,185076,93340,0
224963,244,3988,15108,-320,771,-688,185102,93352,0
225103,-1372,4488,14672,461,318,190,185129,93431,0
225243,356,3916,14832,-430,284,-762,185156,93366,0
225383,-60,4076,14700,-71,18,645,184860,93290,0
225525,-44,4460,14876,-407,4,72,184929,93294,0
225665,40,4028,14744,-112,140,-456,184873,93233,0
225805,112,4156,14892,-106,24,149,184922,93425,0
225945,-300,4396,14712,-145,410,-198,184798,93247,0
226085,-300,4228,14824,-89,86,-6,184735,93283,0
226227,-84,4096,14880,-294,180,-161,184852,93242,0
226367,-204,4068,14808,-171,242,-189,184947,93301,0
226507,212,4376,14976,-242,19,246,184902,93352,0
226647,128,3980,14892,-379,22,-105,184807,93316,0
226787,-344,4128,15028,-185,-162,145,184816,93292,0
226927,228,3996,14876,-182,-294,174,184891,93268,0
227069,132,4144,14832,-233,52,94,185098,93326,0
227209,568,4548,14768,-474,43,-39,184917,93305,0
227349,308,4112,14744,-193,48,-557,184847,93332,0
227489,220,3880,14848,-579,252,-209,184884,93258,0
227629,780,3300,14676,-104,531,240,184691,93193,0
227771,-60,3960,14972,-995,-837,287,184604,93123,0
227911,580,3528,14996,-809,-1724,604,184177,92997,0
228051,944,3452,14936,-874,-1073,41,184213,93148,0
228191,948,3164,14940,-521,-836,-259,184229,93121,0
228331,1456,2948,15084,-466,-915,145,184321,93146,0
228473,2052,3256,15012,-274,9,-96,184332,93104,0
50807,-1100,9092,10500,11712,-5250,-6912,167099,79543,0
50947,-636,16828,10304,11252,-8140,-7229,166766,79636,0
51087,-348,12760,6468,7439,-8336,-5988,166431,79425,0
51227,-756,14356,5296,3529,-5718,-4097,165884,79291,0
51369,-1752,14420,5256,405,-809,-752,165616,79103,0
51509,-956,14604,4912,1049,-2019,-497,165226,79030,0
51649,-1364,15104,5240,100,1610,1073,164855,79051,0
51789,-1644,15096,4812,-380,-588,411,164728,78961,0
51929,-1060,15600,4704,-502,-670,425,164570,78892,0
52069,-340,14952,4736,-688,-665,1515,164374,78769,0
52211,-608,15156,5492,120,2207,1126,164191,78765,0
52351,-852,16340,6012,-614,5148,249,164065,78792,0
52491,296,15700,5284,-1336,921,1738,164091,78815,0
52631,-296,14940,5220,-282,2943,1431,164370,78816,0
52771,-680,14684,5740,265,550,-665,164220,78806,0
52913,-480,15196,5944,28,-1141,-1450,164477,78777,0
53053,-100,15960,5348,326,1591,-94,164308,78793,0
53193,16,15720,5248,-109,66,-233,164529,78950,0
53333,-116,15504,6236,243,3395,-22,164441,78897,0
53473,28,15724,5492,-2580,-1642,104,164404,78873,0
53613,-1436,13748,5716,-1675,849,220,164591,78951,0
53755,-88,14536,5652,-810,-286,-124,164856,78958,0
53895,-540,14172,6284,1439,619,-572,164645,78970,0
54035,-720,14800,6684,383,-100,539,164614,79017,0
54175,-476,14728,5784,-122,110,1616,164671,78982,0
54315,-288,15016,5940,-360,-275,614,164711,79003,0
54457,-8,14924,6036,-517,3575,444,164801,79003,0
54597,-376,14328,5636,-2031,-1674,51,164744,78956,0
54737,260,14384,6800,423,2825,-76,164839,79218,0
54877,-896,14072,6076,-471,1261,1153,165680,79313,0
55017,-1544,13148,5744,2183,4384,209,166173,79468,0
55159,-884,14760,6392,1142,-1202,-963,166374,79435,0
55299,-244,15192,5628,-538,-1406,122,166239,79423,0
55439,-48,14908,5524,-221,-662,145,166262,79541,0
55579,-772,15104,5952,-567,867,644,166190,79468,0
55719,-992,15128,5872,-896,-850,-417,166046,79455,0
55861,-324,14388,5628,-28,1162,-929,166081,79368,0
56001,-376,14688,5840,449,1503,-539,165994,79398,0
56141,-556,14720,5600,25,982,571,165851,79464,0
56281,-632,15248,5692,323,1219,697,165853,79462,0
56421,-992,15260,5512,55,1547,9,165894,79458,0
56561,-1536,14820,5428,733,3538,-575,166336,79489,0
56703,-1456,15052,5432,237,3850,-296,166444,79582,0
56843,-1908,14920,4204,357,967,-243,166346,79579,0
56983,-1456,15236,4312,336,-1438,121,166131,79610,0
57123,-1664,14716,4300,1559,496,-284,166031,79501,0
57263,-1952,16280,4364,-101,-2046,-592,165861,79504,0
57405,-1132,14988,3492,1423,-3187,-1142,165814,79442,0
57545,-16,15520,4100,167,-2079,877,165663,79370,0
57685,-1632,15700,3476,-1370,-2360,521,165392,79437,0
57825,-1572,15484,4140,-1003,-1878,447,165141,79215,0
57965,-236,15472,4928,-1007,1683,293,165013,79232,0
58107,-224,15544,4480,-769,5618,847,165389,79299,0
58247,-748,16100,4324,164,60,80,165398,79300,0
58387,-572,14904,4440,389,-3776,-709,165591,79478,0
58527,-180,14896,4272,317,-365,585,165728,79461,0
58667,-52,16228,4684,1579,-1378,-1443,165746,79487,0
58809,-456,15484,4152,145,-1789,109,165674,79379,0
58949,-672,15356,4420,134,-1559,-720,165833,79474,0
59089,-196,15444,4276,-128,1090,-545,165817,79583,0
59229,-816,15764,3876,-1743,-162,170,165934,79594,0
59369,152,15248,3964,-825,1485,416,165833,79569,0
59509,-524,15772,4360,-1060,1154,456,165957,79584,0
59651,-80,14812,4800,309,210,-4,166257,79667,0
59791,-1376,15368,4876,-177,-1635,-563,166060,79636,0
59931,-424,14916,4724,-245,701,306,165934,79715,0
60071,-100,15640,4768,798,-366,-355,166067,79637,0
60211,20,15420,4636,-268,1078,908,166015,79701,0
60353,-612,15660,4800,355,2067,-692,166142,79657,0
60493,-360,15252,4572,-793,1427,-446,165973,79687,0
60633,-704,15572,3856,-878,-830,-54,165972,79793,0
60773,-460,15164,4156,566,2097,-119,166102,79770,0
60913,-1012,15320,4236,-32,1568,651,166040,79729,0
61053,-1048,15520,4328,-273,1181,555,166000,79701,0
61195,-896,15340,4428,-521,-416,-118,166139,79734,0
61335,-404,15104,4584,-578,-916,-110,166000,79747,0
61475,-408,15624,4440,-292,-308,24,165921,79778,0
61615,-496,15152,4572,814,836,79,165862,79749,0
61755,-952,15612,4360,-81,-1097,119,165849,79723,0
61897,-912,15268,4648,414,747,-483,166103,79770,0
62037,-608,15400,4336,-451,1406,-9,166049,79733,0
62177,-764,15468,4064,-851,-501,402,165849,79842,0
62317,-748,15516,4264,-644,21,229,165919,79734,0
62457,-400,15284,4416,28,296,-252,165782,79764,0
62599,-232,15300,4488,-205,-1036,47,165987,79771,0
62739,-752,15304,4504,-96,-107,-106,165832,79694,0
62879,-332,15332,4716,-242,214,-249,165675,79849,0
63019,-408,15280,4472,-348,238,34,165754,79716,0
63159,-412,15240,4424,-30,445,89,165715,79764,0
63301,-524,15368,4512,-172,79,369,165925,79778,0
63441,-852,15332,4528,-172,146,-23,165746,79732,0
63581,-232,15324,4492,-219,23,-199,165747,79934,0
63721,-252,15236,4532,-225,101,-180,165803,79835,0
63861,-240,15252,4420,-230,256,57,165800,79852,0
64003,-256,15436,4624,-96,-60,32,165949,79814,0
64143,-160,15368,4596,-27,157,-51,165801,79834,0
64283,-116,15292,4560,-159,47,-41,165842,79954,0
64423,-168,15328,4628,-188,315,-97,165957,79900,0
64563,-52,15364,4528,-272,-216,89,165945,79949,0
64705,-208,15288,4276,75,100,-123,165935,79890,0
64845,-92,15436,4676,136,273,-169,165967,79872,0
64985,-320,15324,4640,-346,525,79,165943,80011,0
65125,-236,15324,4320,-379,577,32,166012,80020,0
65265,-400,15412,4324,-50,374,34,166002,79971,0
65405,-568,15328,4524,-153,250,-131,165937,79910,0
65547,-464,15416,4416,-361,-49,-346,166045,79986,0
65687,-224,15376,4456,-255,-546,-346,165972,79966,0
65827,-260,15176,4568,56,-222,-110,165986,80080,0
65967,-468,15316,4664,-245,-206,167,166051,79974,0
66107,-436,15336,4804,-272,-61,-103,165919,79997,0
66249,-124,15136,4456,-354,374,84,166058,79960,0
66389,-216,15432,4612,-96,420,150,165991,80003,0
66529,-368,15380,4848,-472,-87,194,166047,80124,0
66669,-312,15396,4828,-467,505,-76,166000,80071,0
66809,-376,15076,4836,-288,493,-191,165949,80049,0
66949,-188,15240,4716,72,782,-138,165981,80043,0
67091,-488,15252,4716,-228,442,326,166130,80049,0
67231,-520,15248,4580,-164,529,-192,166022,80094,0
67371,-548,15260,4656,-279,167,-180,165879,80130,0
67511,-568,15232,4820,-275,-166,-181,165903,80098,0
67651,-740,15128,4852,-105,249,-194,165876,80051,0
67793,-536,15128,4776,4,29,-288,166042,80090,0
67933,-492,15088,4736,191,-229,-159,165926,80024,0
68073,-392,15240,4800,37,-499,23,165810,80205,0
68213,-420,15396,4916,-208,-321,96,165935,80112,0
68353,-356,15108,4536,-531,-475,3,165931,80168,0
68495,-40,15340,4592,-33,120,-168,166025,80131,0
68635,-140,15288,4752,-196,9,51,165978,80105,0
68775,-276,15208,4560,-19,19,-103,165933,80225,0
68915,-156,15276,4676,137,157,-242,166009,80255,0
69055,-300,15208,4660,-150,-52,-54,166072,80233,0
69195,-232,15560,4520,-77,245,-49,166079,80203,0
69337,-412,15272,4564,-319,-69,67,166136,80217,0
69477,-328,15436,4468,-31,98,-160,166069,80162,0
69617,-264,15320,4396,-7,288,-232,166092,80342,0
69757,-316,15300,4384,138,47,-235,166179,80267,0
69897,-488,15252,4552,138,371,-300,166098,80282,0
70037,-524,15228,4544,-236,315,-160,166055,80259,0
70179,-268,15360,4360,-260,620,33,166239,80266,0
70319,-476,15424,4416,-306,602,333,166131,80322,0
70459,-664,15284,4600,-463,661,250,166219,80375,0
70599,-548,15384,4336,-489,503,-9,166166,80337,0
70739,-432,15408,4072,-170,214,24,166154,80316,0
70881,-600,15292,4540,-124,-131,-95,166367,80358,0
71021,-464,15284,4796,-346,-233,-256,166289,80316,0
71161,-272,15380,4620,-311,-187,-148,166352,80440,0
71301,-420,15280,4616,-177,117,109,166250,80373,0
71441,-732,15328,4588,-203,-711,-140,166246,80417,0
71583,-416,15392,4796,-61,145,-132,166418,80401,0
71723,-392,15336,4596,-431,239,-21,166534,80391,0
71863,-432,15328,4496,-114,208,-174,166310,80461,0
72003,-300,15212,4588,128,94,-384,166294,80457,0
72143,-400,15284,4696,-174,-104,-140,166254,80421,0
72283,-376,15276,4612,-182,324,-44,166303,80366,0
72425,-520,15148,4784,-152,-37,-84,166470,80440,0
72565,-312,15168,4592,-519,122,-172,166283,80338,0
72705,-384,15208,4348,57,343,56,166288,80561,0
72845,-236,15356,4672,333,119,111,166353,80468,0
72985,-428,15292,4744,-72,608,62,166410,80491,0
73127,-432,15588,4552,-588,75,152,166478,80471,0
73267,-424,15188,4156,10,-7,-390,166439,80440,0
73407,-324,15276,4540,203,-141,-133,166384,80551,0
73547,-300,15400,4620,54,-261,-176,166467,80569,0
73687,-252,15264,4692,-310,-168,-225,166460,80545,0
73827,-248,15264,4376,-371,273,-53,166429,80457,0
73969,-404,15252,4624,59,480,-127,166507,80529,0
74109,-300,15344,4668,-285,547,-45,166465,80483,0
74249,-596,15360,4460,-418,380,30,166430,80663,0
74389,-608,15328,4580,-467,208,-169,166544,80565,0
74529,-576,15228,4536,-194,21,-424,166362,80561,0
74671,-396,15296,4636,37,-156,-290,166400,80529,0
74811,-424,15168,4700,30,-103,-39,166488,80510,0
74951,-544,15368,4672,-277,-435,110,166431,80595,0
75091,-460,15188,4540,-35,86,32,166424,80625,0
75231,-424,15340,4624,128,78,3,166410,80582,0
75371,-516,15284,4468,-67,3,81,166391,80546,0
75513,-388,15324,4512,-183,19,-154,166632,80611,0
75653,-320,15432,4452,-457,-123,17,166578,80547,0
75793,-476,15260,4532,-190,84,-264,166455,80705,0
75933,-332,15276,4620,-217,-32,-222,166529,80641,0
76073,-264,15260,4756,-154,110,-144,166529,80659,0
76215,-388,15344,4604,-287,170,39,166635,80584,0
76355,-548,15380,4552,-125,204,-95,166599,80636,0
76495,-424,15240,4620,-163,56,-349,166506,80735,0
76635,-464,15376,4604,-322,-647,-282,166572,80707,0
76775,-364,15260,4608,-206,-461,-251,166574,80693,0
76915,-512,15228,4768,22,-365,-385,166587,80673,0
77057,-280,15168,4764,-9,-160,-387,166652,80673,0
77197,-48,15228,4672,-369,-216,100,166559,80735,0
77337,-280,15352,4644,-142,156,281,166590,80793,0
77477,-384,15296,4712,-19,281,124,166623,80742,0
77617,-248,15316,4740,-75,430,-47,166501,80658,0
77759,-304,15396,4760,-215,767,100,166661,80748,0
77899,-368,15352,4524,-250,608,90,166663,80754,0
78039,-524,15248,4388,-238,480,14,166624,80837,0
78179,-624,15428,4636,-57,181,-132,166688,80742,0
78319,-400,15196,4656,-234,-83,-403,166601,80756,0
78461,-312,15232,4696,-358,202,-70,166797,80792,0
78601,-580,15320,4772,-190,205,-118,166746,80753,0
78741,-512,15296,4836,-288,230,-168,166718,80908,0
78881,-460,15208,4768,-294,530,-116,166669,80790,0
79021,-492,15232,4672,-355,412,64,166636,80818,0
79163,-672,15188,4700,-182,312,52,166764,80783,0
79303,-556,15132,4608,-137,-38,-82,166748,80804,0
79443,-540,15184,4724,-46,-139,-97,166618,80858,0
79583,-568,15180,4776,-3,-166,10,166683,80846,0
79723,-428,15256,5004,-222,-186,52,166715,80876,0
79865,-344,15180,4780,-280,126,-79,166760,80838,0
80005,-412,15104,4648,-113,9,-39,166738,80801,0
80145,-212,15432,4892,-64,75,16,166681,80920,0
80285,-352,15328,4828,-439,-154,-119,166762,80932,0
80425,-208,15188,4712,-341,129,-113,166775,80883,0
80565,-216,15144,4696,-23,200,-30,166731,80874,0
80707,-432,15396,5088,-137,166,10,166833,80880,0
80847,-404,15152,4844,-636,47,-48,166763,80954,0
80987,-228,15176,4796,-290,412,-343,166791,80975,0
81127,-360,15372,4996,41,174,-116,166813,80960,0
81267,-544,15224,5040,21,95,-220,166723,80868,0
81409,-536,15188,4972,-34,247,-280,166873,80950,0
81549,-516,15224,4928,-82,435,-118,166870,80951,0
81689,-648,15104,4852,-143,340,6,166873,81043,0
81829,-664,15196,4904,-149,274,-105,166840,80932,0
81969,-564,15232,4932,-132,494,-98,166832,80965,0
82111,-552,15248,4900,-319,444,98,166961,80951,0
82251,-720,15088,4788,-461,305,185,166912,80950,0
82391,-708,15272,4740,-178,193,-81,166817,81073,0
82531,-484,15056,4764,-202,-142,-79,166879,81016,0
82671,-552,15132,4868,-148,-515,-23,166864,81027,0
82811,-640,15192,5028,-57,-427,-16,166954,81030,0
82953,-380,15060,5172,53,136,-64,167055,81011,0
83093,-568,15180,5180,-329,-622,-534,166910,81045,0
83233,-256,14980,4856,-674,-916,209,166961,81092,0
83373,-480,15140,4704,-53,-392,42,166975,81058,0
83513,-664,15376,5456,879,-121,-1092,167034,80985,0
83655,-156,15168,5056,-853,-1521,-288,167019,81039,0
83795,-20,15152,4712,99,185,-128,166977,81108,0
83935,-168,15424,5116,224,654,6,166991,81160,0
84075,-352,15332,5068,137,1328,26,167032,81102,0
84215,-716,14960,4624,-674,-531,857,166977,81018,0
84357,100,14920,4176,1482,-1014,-1354,167142,81112,0
84497,344,15196,4656,1060,607,305,167098,81145,0
84637,-12,15944,4920,-322,216,257,167035,81166,0
84777,224,15440,4192,-1679,547,894,166958,81117,0
84917,-216,15676,4072,-1225,922,417,166961,81088,0
85059,-632,14916,3952,-558,211,-193,167134,81124,0
85199,-488,15288,4320,1179,-140,-1555,167097,81143,0
85339,-536,15140,4780,993,334,-1003,166964,81200,0
85479,-348,15584,4836,134,165,-285,167043,81117,0
85619,-444,15424,4436,-970,466,583,166999,81165,0
85761,-580,15512,4120,-995,688,1061,167246,81189,0
85901,-848,15112,4240,-549,414,472,167093,81124,0
86041,-716,15248,4292,242,228,-685,167073,81347,0
86181,-312,15408,4504,465,41,-939,167156,81209,0
86321,-356,15636,4772,162,308,-263,167114,81222,0
86463,-1024,15384,4624,-1024,-13,-71,167274,81184,0
86603,-584,15080,4120,-924,-203,-116,167101,81172,0
86743,-612,15436,4544,-56,-415,-163,167149,81310,0
86883,-960,15084,4984,-5,-111,-675,167260,81256,0
87023,-516,15356,4868,-171,309,-660,167228,81258,0
87165,-892,15380,4600,-668,-294,-12,167201,81184,0
87305,-1084,15284,4516,-1015,-1485,110,167156,81211,0
87445,-1044,14708,4660,-7,-984,-624,167228,81350,0
87585,-988,15252,4944,1338,-801,-1927,167295,81306,0
87725,-728,15508,5120,109,-1532,-788,167156,81266,0
87867,-992,15024,4932,-1268,-2574,-41,167191,81234,0
88007,-672,14880,4908,-353,-1421,-291,167182,81244,0
88147,-304,15084,4984,392,-754,126,167286,81374,0
88287,-624,14900,5172,191,379,166,167356,81326,0
88427,-208,15664,5260,825,-202,-725,167152,81317,0
88569,28,15172,5052,-1063,-2751,456,167185,81228,0
88709,-20,15232,4928,-818,937,798,167282,81300,0
88849,-180,15400,4924,-170,1612,160,167219,81394,0
88989,-180,15384,4452,-584,594,230,167188,81350,0
89129,-184,15132,4288,-33,318,343,167195,81337,0
89269,-244,15180,4880,986,449,150,167188,81319,0
89411,-200,15516,5360,608,1055,-164,167379,81333,0
89551,-556,15256,5448,-466,1786,-692,167312,81406,0
89691,-124,15204,4928,-1445,503,-273,167230,81414,0
89831,-60,15152,4652,-625,1057,253,167290,81391,0
89971,-652,15008,5072,5,954,529,167295,81309,0
90113,-780,15136,5104,-168,769,566,167465,81405,0
90253,-908,15196,5032,-429,221,-1,167259,81385,0
90393,-732,15116,5036,25,624,-637,167195,81429,0
90533,-748,15400,5012,51,858,-29,167225,81384,0
90673,-820,14652,4700,431,1122,258,167248,81362,0
90815,-1024,15320,4836,597,1064,-166,167271,81374,0
90955,-496,15492,4544,-304,-70,263,167152,81316,0
91095,-664,15112,4576,257,271,241,167141,81486,0
91235,-856,15596,4640,43,166,148,167297,81378,0
91375,-868,15256,4312,-380,-528,-137,167226,81402,0
91517,-636,15224,4412,116,346,-332,167398,81387,0
91657,-616,15552,4616,200,220,-373,167418,81437,0
91797,-752,15460,4584,-346,-312,-120,167418,81514,0
91937,-632,15072,4464,-599,-347,95,167384,81489,0
92077,-572,15396,4188,-137,404,306,167364,81475,0
92217,-796,15516,4556,85,398,-159,167427,81468,0
92359,-724,15344,4428,-266,176,-72,167607,81463,0
92499,-816,15360,4480,-388,45,-122,167420,81512,0
92639,-736,15360,4724,-165,250,-255,167382,81547,0
92779,-712,15236,4620,-486,62,-89,167461,81524,0
92919,-768,15220,4476,-350,-283,-43,167453,81490,0
93061,-320,15076,4544,66,134,229,167544,81528,0
93201,-648,15364,4556,775,661,-259,167442,81459,0
93341,-512,15472,4368,407,65,286,167403,81605,0
93481,-904,15432,4468,-191,498,216,167548,81504,0
93621,-704,15420,4064,-407,687,-13,167404,81525,0
93763,-592,15528,4148,-578,-3,82,167559,81547,0
93903,-836,15316,4228,-309,-551,-88,167506,81500,0
94043,-628,15224,4360,-121,-405,-247,167572,81681,0
94183,-352,15412,4596,31,-162,-262,167538,81579,0
94323,-484,15068,4536,50,1419,-264,167482,81586,0
94465,-720,15444,4252,-175,732,369,167564,81516,0
94605,-664,15352,4100,-180,106,387,167696,81577,0
94745,-820,15448,4208,-91,384,-24,167646,81683,0
94885,-728,15496,4228,-229,-33,-348,167582,81670,0
95025,-804,15432,4356,-162,-187,-360,167621,81650,0
95165,-832,15412,4392,-112,251,-437,167621,81580,0
95307,-580,15360,4548,-228,753,-347,167790,81666,0
95447,-548,15208,4188,-750,564,295,167604,81617,0
95587,-932,15420,4280,-687,63,692,167566,81739,0
95727,-1016,15248,4600,-189,-495,-125,167661,81638,0
95867,-920,15088,4616,183,-145,-635,167652,81678,0
96009,-636,15528,4800,37,-470,-464,167635,81593,0
96149,-576,15140,4760,-507,-372,156,167694,81666,0
96289,-540,15304,4544,-533,-183,357,167676,81771,0
96429,-504,15280,4408,25,-147,208,167780,81765,0
96569,-620,15456,4864,542,594,-331,167697,81710,0
96709,-512,15544,4752,-306,634,2,167702,81703,0
96851,-512,15348,4424,-1040,195,193,167884,81725,0
96991,-732,15112,4308,91,-634,-266,167838,81763,0
97131,-656,15228,4500,523,-516,-405,167758,81786,0
97271,-436,15508,4616,308,-1062,-406,167782,81734,0
97411,-308,15348,4652,58,-598,-344,167728,81769,0
97553,-600,15484,4516,-387,-93,-230,167961,81780,0
97693,-588,15452,4384,-499,153,-321,167871,81724,0
97833,-536,15320,4432,-304,655,-244,167814,81856,0
97973,-760,15416,4632,-571,100,138,167849,81801,0
98113,-732,15196,4700,-425,516,-88,167878,81817,0
98255,-576,15276,4444,-142,1043,-147,167870,81769,0
98395,-772,15288,4372,117,437,-47,167846,81740,0
98535,-872,15328,4708,132,176,11,167769,81836,0
98675,-1088,15300,4628,-547,-1179,-57,167818,81864,0
98815,-720,15264,4612,-234,-65,-71,167816,81823,0
98955,-820,15200,4756,-486,-144,-48,167697,81728,0
99097,-1240,15332,4728,-1675,-576,21,167779,81801,0
99237,12,17228,5476,979,508,-1271,167825,81770,0
99377,-652,14736,4728,-810,-3364,-1042,167779,81895,0
99517,28,15176,4920,546,-1445,-550,167768,81765,0
99657,-572,15200,5084,624,-887,-137,167839,81858,0
99799,-212,15228,4928,1172,-484,-599,168112,81866,0
99939,-320,15416,4932,-58,-196,188,168079,81862,0
100079,-656,15532,4940,-477,375,-82,167902,81925,0
100219,-592,15436,4680,-1037,810,-37,167963,81936,0
100359,-580,15176,4748,-1404,956,118,167920,81915,0
100499,-524,15048,4572,-642,297,215,168010,81921,0
100641,-404,15148,5220,598,1027,-415,168103,81880,0
100781,-648,15412,5376,-727,187,-197,167885,81940,0
100921,-1612,14752,5012,-1317,3867,688,167885,81972,0
101061,-780,15124,5132,-483,-393,-730,167901,81955,0
101201,-840,14872,5320,-388,-673,-343,167829,81887,0
101343,-808,14912,5416,-155,152,107,167898,81925,0
101483,-1080,14876,5556,-350,86,312,167780,81826,0
101623,-1204,15004,5364,-269,-192,-215,167868,82038,0
101763,-864,14796,5360,37,-123,-314,167769,81919,0
101903,-764,14956,5568,45,327,-107,167792,81943,0
102045,-1132,14888,5604,-64,280,-139,167829,81917,0
102185,-1132,14860,5308,-194,-71,-204,167948,81908,0
102325,-1128,14936,5344,-39,381,-68,167883,81998,0
102465,-1072,14900,5540,-179,325,25,167845,82018,0
102605,-1132,14952,5336,-309,-3,-15,167842,81982,0
102745,-1028,14944,5464,-372,-81,-90,167949,81892,0
102887,-1056,14860,5396,-6,86,-192,168016,81971,0
103027,-968,15032,5548,-142,-85,27,167884,82011,0
103167,-948,14924,5404,-225,-149,-74,167923,82076,0
103307,-944,14892,5504,-41,-32,-88,167985,82004,0
103447,-952,14908,5608,-52,109,-89,167986,82021,0
103589,-1000,14908,5592,-253,238,37,168037,81960,0
103729,-1020,14828,5352,-178,385,-64,168019,82020,0
103869,-968,15068,5324,-169,186,93,168049,82106,0
104009,-1088,15064,5312,-189,-243,-12,168125,82081,0
104149,-960,14888,5348,171,-427,-325,168013,82066,0
104289,-884,14988,5476,29,-402,-216,168017,82049,0
104431,-740,15056,5420,-95,-128,72,168201,82041,0
104571,-856,15108,5336,-32,208,-54,168149,82100,0
104711,-796,15036,5320,-343,213,-45,168038,82115,0
104851,-900,14992,5280,-241,143,-18,168076,82084,0
104991,-864,15024,5340,-213,363,-94,168120,82074,0
105133,-824,14932,5228,-85,249,-209,168302,82075,0
105273,-812,14688,5296,-147,278,-44,168081,82031,0
105413,-372,15208,5492,-35,190,62,168045,82200,0
105553,-740,15080,5156,-485,199,498,168104,82094,0
105693,-1208,14888,5516,-417,-549,-128,168153,82123,0
105835,-736,15008,5412,-317,-82,-654,168086,81994,0
105975,-616,14832,5320,150,259,-242,168181,82077,0
106115,-836,14936,5632,176,298,-57,168097,82185,0
106255,-908,14936,5576,-261,432,95,168166,82170,0
106395,-908,14980,5336,-280,566,24,168035,82104,0
106535,-980,14996,5372,-243,773,178,168038,82106,0
106677,-1132,15112,5400,-310,817,108,168186,82135,0
106817,-1160,14976,5208,-378,795,-93,168185,82178,0
106957,-1088,14932,5084,-196,602,-360,168058,82190,0
107097,-1128,15080,5252,-175,81,-321,168140,82156,0
107237,-1248,14844,5344,-100,-60,-296,168144,82176,0
107379,-1120,14912,5540,195,36,-294,168361,82169,0
107519,-1200,14900,5616,-53,329,134,168120,82107,0
107659,-1284,14984,5276,-569,726,409,168153,82272,0
107799,-1392,14936,5084,-370,700,304,168249,82254,0
107939,-1428,14956,5256,56,402,15,168322,82227,0
108079,-1424,15020,5572,2,381,-69,168249,82208,0
108221,-1264,14816,5272,-286,442,-71,168363,82216,0
108361,-1272,14920,5088,-284,459,214,168290,82278,0
108501,-1440,15004,5300,-248,371,375,168337,82309,0
108641,-1624,14808,5400,-335,208,-296,168322,82286,0
108781,-1204,15080,5312,-31,406,-340,168302,82209,0
108923,-1276,14936,5388,-385,257,26,168454,82266,0
109063,-1388,14924,5364,-281,317,97,168449,82251,0
109203,-1528,15004,5320,-107,317,-32,168452,82425,0
109343,-1812,14892,5348,-146,-425,-269,168424,82267,0
109483,796,15096,5512,-450,-11644,-1929,168215,82219,0
109625,-668,14556,5496,-852,1123,119,168462,82177,0
109765,-1152,14636,5516,-204,2887,782,168830,82363,0
109905,-1372,14624,5856,392,2236,-47,168965,82491,0
110045,-1216,14836,5812,268,1073,-517,169115,82489,0
110185,-1256,14772,5712,-29,199,-69,169196,82477,0
110325,-1364,14708,5580,-190,237,295,169229,82476,0
110467,-1704,14912,5544,-162,372,134,169211,82478,0
110607,-1284,14912,5344,29,-32,-224,169069,82490,0
110747,-1664,14908,5408,269,1651,45,169229,82579,0
110887,-1456,15160,5732,-210,-368,-65,169383,82557,0
111027,-1684,14844,5400,-365,-539,-311,169332,82547,0
111169,-1404,14796,5360,123,122,-441,169424,82559,0
111309,-1284,14740,5280,247,355,295,169345,82502,0
111449,-1672,14904,5552,-47,392,673,169415,82658,0
111589,-1432,15012,5268,-83,1191,264,169429,82597,0
111729,-1448,15236,5196,-512,1190,588,169275,82553,0
111869,-1396,15092,4812,-460,345,362,169295,82548,0
112011,-1576,15156,5180,199,131,-104,169447,82583,0
112151,-1264,14840,5424,-145,-305,-377,169412,82620,0
112291,-1368,15108,5228,-302,66,-384,169260,82646,0
112431,-1504,14664,5188,-135,109,-156,169302,82560,0
112571,-1248,15076,5564,14,296,-38,169272,82576,0
112713,-1352,14908,5292,-159,294,213,169422,82542,0
112853,-1292,15004,5012,-91,408,14,169331,82606,0
112993,-1308,15120,5188,-88,167,41,169183,82682,0
113133,-1444,14972,4948,-171,-73,-123,169216,82648,0
113273,-1220,14964,4972,78,173,-236,169236,82600,0
113413,-1280,15072,5128,39,296,-49,169275,82537,0
113555,-1380,15088,5028,-331,-22,107,169263,82561,0
113695,-1356,15216,4888,-168,43,-51,169118,82530,0
113835,-1348,15108,4636,64,338,-197,169185,82701,0
113975,-1408,15220,5032,172,31,-125,169209,82602,0
114115,-1408,15080,5136,-189,-360,-231,169205,82617,0
114257,-1228,15212,5020,-382,-468,-216,169101,82591,0
114397,-1148,15068,4704,-268,-90,-21,169197,82591,0
114537,-1260,15036,4724,71,-189,-17,169161,82632,0
114677,-1316,15284,5320,18,73,-178,169142,82657,0
114817,-1520,15096,5220,-445,-30,-258,169078,82624,0
114957,-1328,15124,4860,-598,314,-2,169071,82596,0
115099,-1288,15068,4780,-297,406,53,169227,82605,0
115239,-1452,15000,4884,6,210,15,169167,82569,0
115379,-1388,15028,5120,-24,-180,-196,169059,82670,0
115519,-1188,14932,4920,11,104,-17,169109,82629,0
115659,-1212,15288,5164,43,198,111,169089,82643,0
115799,-1364,15232,4952,-364,-294,240,169105,82611,0
115941,-1412,15112,4944,136,546,-255,169126,82566,0
116081,-1344,15072,4832,-185,-87,-146,169052,82650,0
116221,-1352,15112,4868,43,111,-217,169019,82668,0
116361,-1452,15300,4792,-94,-33,-118,169138,82627,0
116501,-1372,15048,4852,-156,104,-103,168949,82616,0
116643,-1492,15112,4772,-208,-12,-29,169163,82619,0
116783,-1368,15136,4812,-250,118,131,169070,82625,0
116923,-1400,15136,4804,-248,25,-35,169095,82730,0
117063,-1332,15092,4896,-266,-218,-118,169025,82709,0
117203,-1132,15204,4952,-306,-329,41,168992,82657,0
117343,-1128,15040,4976,-127,-91,-62,169023,82634,0
117485,-1140,15220,4956,-49,-16,-152,169124,82672,0
117625,-1184,15092,4888,-176,-182,-85,168976,82674,0
117765,-1124,15176,4952,-31,319,-26,168993,82752,0
117905,-1108,15100,4964,-222,517,101,169089,82670,0
118045,-1172,15160,4844,-332,206,138,168942,82671,0
118187,-1212,15208,4836,-438,-239,-88,169076,82646,0
118327,-1032,15040,5032,-206,-338,-395,169085,82721,0
118467,-964,15068,5364,-232,-72,-163,169097,82823,0
118607,-1172,14960,5360,-441,107,-16,169009,82765,0
118747,-1116,14864,5152,-362,172,-109,169034,82739,0
118887,-880,15112,5196,-144,207,19,169066,82710,0
119029,-1224,14988,5472,-149,245,-48,169185,82741,0
119169,-940,15044,5240,-419,-108,-124,169029,82773,0
119309,-1116,14924,5136,-39,306,53,169063,82816,0
119449,-1012,15056,5136,298,379,-290,169149,82767,0
119589,-1016,15148,5184,-49,303,72,169044,82766,0
119731,-1280,15012,5212,-290,546,-38,169195,82782,0
119871,-1140,15168,4816,-231,292,-160,169112,82746,0
120011,-1428,15128,4936,170,138,-267,169200,82894,0
120151,-1404,15056,5172,200,274,-552,169175,82835,0
120291,-1288,15260,4908,-236,165,-370,169141,82848,0
120433,-1700,15028,4720,-615,-210,100,169159,82827,0
120573,-1868,14908,5120,36,358,-324,169343,82844,0
120713,-1484,14948,5164,-50,545,-638,169287,82914,0
120853,-1360,15060,4836,-521,375,317,169216,82927,0
120993,-1752,15004,4868,-318,94,432,169248,82904,0
121133,-1844,14984,5132,-18,63,-108,169279,82850,0
121275,-1468,15140,5004,35,122,-240,169434,82924,0
121415,-1488,15112,5012,-81,52,-7,169344,82811,0
121555,-1544,15096,5044,-223,41,93,169230,82985,0
121695,-1532,15112,4888,-175,56,31,169281,82923,0
121835,-1224,15040,4920,-32,-31,12,169341,82948,0
121977,-1280,15016,5080,-4,-111,190,169441,82842,0
122117,-1212,15348,5004,-34,30,30,169480,82917,0
122257,-1216,15176,4936,-252,-239,-155,169277,82995,0
122397,-1140,15116,5084,-110,253,-273,169341,82977,0
122537,-1192,15184,5048,-325,252,-101,169379,82953,0
122677,-1348,14980,5028,-434,364,-127,169430,82954,0
122819,-1324,15092,4952,-507,422,-26,169632,82977,0
122959,-1396,14972,5096,-293,405,-74,169418,82964,0
123099,-1608,15116,5020,-307,438,-5,169427,83023,0
123239,-1388,14988,5108,-394,82,-231,169467,83025,0
123379,-1392,14844,5076,-120,-106,-31,169494,82990,0
123521,-1452,15056,5104,35,-200,46,169712,83008,0
123661,-1336,15048,5336,-230,-239,-38,169492,82949,0
123801,-1164,15012,5096,-158,54,-29,169474,83114,0
123941,-1168,14992,4916,122,324,79,169565,82996,0
124081,-1352,15112,5104,-45,92,-13,169564,83014,0
124223,-1400,15124,4964,-110,-119,-322,169757,83020,0
124363,-1148,14908,4856,106,-125,-380,169540,82964,0
124503,-1100,15080,5208,111,93,13,169522,83131,0
124643,-1092,15140,5184,-263,437,442,169571,83023,0
124783,-1392,15072,4904,-552,494,437,169567,83044,0
124925,-1360,15276,4928,-416,302,-46,169717,83003,0
125065,-1280,15108,4912,-37,336,-421,169493,82986,0
125205,-1348,15048,4968,26,244,-370,169552,83132,0
125345,-1320,15092,5124,-159,-69,-273,169575,83063,0
125485,-1304,15116,4996,-234,67,-204,169618,83064,0
125627,-1392,15092,4920,-302,203,-88,169668,82997,0
125767,-1476,15056,4916,-287,121,-72,169548,83057,0
125907,-1416,15080,4980,-196,22,-86,169569,83147,0
126047,-1368,14968,5164,-152,-163,20,169627,83088,0
126187,-1352,15124,5076,-129,-142,-36,169670,83103,0
126329,-1380,15088,5072,-80,-386,-229,169569,82988,0
126469,-1236,15076,5000,-37,-305,-237,169626,83082,0
126609,-1108,15092,5088,79,-149,-112,169598,83142,0
126749,-1204,15148,5256,-69,-44,51,169660,83122,0
126889,-1304,15184,4940,-299,186,53,169706,83128,0
127031,-1296,15032,4996,-270,391,72,169584,83065,0
127171,-1260,15160,4936,-189,174,94,169684,83068,0
127311,-1268,15088,4896,33,332,-90,169619,83155,0
127451,-1240,15052,4796,5,355,-170,169670,83154,0
127591,-1304,15168,4832,99,403,-96,169657,83100,0
127731,-1404,15124,5072,-338,-92,-120,169577,83103,0
127873,-1300,15064,5028,-598,-16,-200,169711,83076,0
128013,-1324,15156,4832,-125,231,-181,169662,83185,0
128153,-1492,15144,4916,-130,95,-183,169709,83181,0
128293,-1408,15084,4972,-286,256,-227,169563,83116,0
128433,-1388,14968,4972,-231,378,6,169555,83089,0
128575,-1464,15088,5044,-147,306,56,169731,83093,0
128715,-1552,14964,4848,-198,202,90,169667,83186,0
128855,-1584,15072,4836,117,-174,-139,169617,83180,0
128995,-1252,15192,4928,280,152,-201,169592,83129,0
129135,-1624,15176,4968,-230,-28,-146,169592,83125,0
129277,-1580,15140,4688,-283,-325,-247,169770,83124,0
129417,-1584,15048,4768,-57,95,-165,169620,83194,0
129557,-1684,15128,4912,-91,184,-207,169576,83191,0
129697,-1396,15188,4812,-368,22,-31,169587,83119,0
129837,-1468,15128,4736,-264,115,68,169609,83133,0
129979,-1676,15160,4892,-174,222,34,169795,83135,0
130119,-1568,15136,4864,-410,40,-120,169542,83180,0
130259,-1396,15128,5016,-357,-10,-55,169603,83224,0
130399,-1532,15080,4992,-186,85,-88,169622,83165,0
130539,-1496,15236,5044,-196,138,-28,169674,83140,0
130681,-1472,15104,5192,-220,130,-23,169672,83165,0
130821,-1536,15128,5024,-174,227,27,169609,83205,0
130961,-1596,14904,5080,-260,405,28,169616,83239,0
131101,-1268,14844,4624,185,395,-122,169647,83199,0
131241,-1744,15372,4880,282,-677,293,169503,83089,0
131383,-1856,15228,5176,-136,-112,-255,169621,83167,0
131523,-1260,15200,4848,-278,-122,-316,169601,83211,0
131663,-1468,15168,4980,-247,34,-120,169580,83255,0
131803,-1236,14948,4772,-362,-341,377,169480,83193,0
131943,-1404,15164,4908,-57,-257,76,169471,83127,0
132085,-1048,15216,4736,116,-3,-124,169635,83194,0
132225,-1316,15152,5040,-306,201,-321,169607,83246,0
132365,-1188,15108,4808,-435,-242,-53,169638,83266,0
132505,-1384,15156,4928,-257,-78,0,169501,83233,0
132645,-1220,14976,4964,-238,-197,-149,169558,83172,0
132787,-1272,15064,5108,-163,6,-59,169713,83241,0
132927,-1192,15100,5224,-322,57,33,169719,83270,0
133067,-1104,14988,4968,-268,-312,15,169614,83301,0
133207,-1188,15092,4856,103,-260,-132,169597,83258,0
133347,-1152,15240,5020,326,-148,-306,169654,83199,0
133489,-1336,15028,5308,-93,86,-140,169819,83271,0
133629,-1164,15192,4872,-246,94,-223,169788,83284,0
133769,-1192,15084,4760,-141,133,301,169671,83308,0
133909,-1348,15304,4988,-116,296,215,169751,83304,0
134049,-1292,15176,4808,-100,518,-341,169745,83273,0
134191,-1032,15184,4668,-408,-14,27,169924,83310,0
134331,-1224,15200,4680,-49,71,115,169808,83220,0
134471,-1284,15256,4932,-162,-223,-30,169778,83413,0
134611,-1168,15136,4720,-322,94,-143,169878,83301,0
134751,-1180,15240,4572,67,299,-12,169886,83338,0
134893,-1156,15436,5004,106,115,-47,170028,83283,0
135033,-1184,15084,4700,-608,-262,51,169885,83314,0
135173,-1212,15292,4700,135,124,-270,169904,83411,0
135313,-1088,15280,4744,-163,-355,-250,169991,83366,0
135453,-1172,15172,4928,-337,-571,-281,169996,83380,0
135595,-1132,15040,4812,-394,-688,-444,169885,83331,0
135735,-1280,15120,4872,198,17,-373,169997,83327,0
135875,-1228,15140,4892,259,-184,-614,169979,83391,0
136015,-1252,15136,4864,23,-367,-273,169999,83427,0
136155,-1324,15164,4884,-297,-330,-98,169998,83324,0
136295,-1156,15020,4672,-194,-344,-139,169879,83349,0
136437,-1204,15156,4816,-155,-280,-147,170044,83337,0
136577,-1192,14928,5012,-512,-840,0,170010,83346,0
136717,-872,15056,5548,197,1100,-209,169973,83408,0
136857,-1316,15268,5364,-531,2041,604,169877,83377,0
136997,-1320,15056,4684,-1400,896,961,169879,83383,0
137137,-1708,15356,4876,-962,515,-56,169853,83354,0
137279,-980,14252,4408,542,764,-430,170011,83359,0
137419,-1268,15548,5028,1990,434,-569,169787,83363,0
137559,-1464,14844,4820,-617,-1655,565,169706,83402,0
137699,-820,15364,4548,641,489,92,169834,83343,0
137839,-1296,15764,4724,-923,-1228,428,169760,83359,0
137981,-800,15080,4632,215,-861,-1185,169731,83322,0
138121,-412,15604,4832,-273,441,-96,169592,83356,0
138261,-1036,15272,4788,-224,1224,329,169672,83446,0
138401,-1008,15100,4724,159,150,-580,169763,83431,0
138541,-1088,15128,4996,-298,242,-563,169659,83372,0
138681,-1100,15004,4940,-87,1667,-95,169642,83325,0
138823,-1340,16208,4924,-568,390,314,169746,83395,0
138963,-2204,15124,4504,-1134,3267,780,169744,83416,0
139103,-1224,15368,4112,-1505,-1882,651,169561,83432,0
139243,-1164,15324,4660,1276,2198,-464,169682,83387,0
139383,-1888,15440,5124,-955,-883,177,169653,83400,0
139525,-416,14468,4692,960,-2196,-1753,169888,83420,0
139665,-536,15828,5880,-901,-2257,-567,169731,83339,0
139805,-544,14300,5408,-853,-1660,77,169795,83552,0
139945,-1116,14628,5824,1071,830,-1515,170015,83519,0
140085,-1640,15504,5308,-1074,-2243,-865,170024,83531,0
140227,-652,14848,4180,-259,-1744,463,170160,83479,0
140367,-1192,15336,5348,1495,-937,-245,170027,83508,0
140507,-1428,15456,5188,1083,-40,-246,169979,83569,0
140647,-892,14556,4604,842,746,67,170055,83555,0
140787,-472,15680,4760,-410,-4102,-671,170083,83544,0
140929,-460,15536,4328,-1608,-1121,458,169951,83490,0
141069,-408,15248,4408,143,664,134,170111,83504,0
141209,-516,15060,4540,71,743,464,170070,83548,0
141349,-224,15376,4640,494,1563,613,170146,83599,0
141489,-804,15628,4928,-1109,2266,-473,170115,83535,0
141629,-192,16160,4520,-1628,-308,-1198,170063,83437,0
141771,-1756,14660,4752,-1332,-2576,-396,170194,83522,0
141911,-420,14952,5776,-779,-10,-1125,170229,83572,0
142051,-416,14840,5996,-1388,-2593,-2419,170077,83583,0
142191,916,14004,6052,-278,-4134,-494,170086,83502,0
142331,-500,14880,6152,802,-29,1172,170131,83549,0
142473,-1508,15056,6408,128,-438,166,170393,83583,0
142613,-160,14712,5920,103,-1330,-380,170254,83493,0
142753,-716,14740,6192,-361,-152,38,170198,83700,0
142893,116,14632,5188,968,337,-693,170160,83563,0
143033,-204,15072,5776,457,-497,255,170089,83562,0
143175,32,15040,5488,-238,861,225,170071,83451,0
143315,-488,15016,5420,-408,1024,274,169967,83549,0
143455,-296,14896,5304,-392,-172,-106,169920,83606,0
143595,-124,14844,5388,-167,-88,98,169996,83586,0
143735,-212,14848,5560,-170,-574,-60,169936,83541,0
143875,204,14712,5780,-107,-256,-223,169830,83509,0
144017,56,14840,5736,-292,410,142,170009,83520,0
144157,-40,14792,5600,-150,489,-97,169924,83586,0
144297,4,14852,5616,-141,-11,-159,169828,83589,0
144437,92,14880,5612,-266,-80,130,169784,83553,0
144577,-8,14896,5588,-185,-124,-44,169795,83500,0
144719,92,15056,5688,-178,356,35,169973,83562,0
144859,-80,14932,5640,-194,125,-97,169792,83505,0
144999,284,14948,5716,-40,165,-123,169644,83632,0
145139,-60,14852,5684,-237,431,-18,169726,83528,0
145279,-96,14824,5580,-155,-120,-133,169716,83559,0
145421,168,14844,5620,-151,-8,-95,169777,83491,0
145561,-16,14948,5652,-91,984,-104,169644,83505,0
145701,-168,14892,5556,110,454,-204,169654,83582,0
145841,-120,14860,5852,-60,294,-118,169761,83577,0
145981,-168,14860,5568,-303,221,50,169783,83593,0
146123,-88,14900,5528,-111,-3,-103,169615,83525,0
146263,-120,14884,5440,-53,-44,56,169766,83528,0
146403,-44,14972,5644,-202,-2,-95,169728,83623,0
146543,-120,15016,5480,-120,235,-114,169799,83650,0
146683,-24,14904,5508,-141,93,-13,169651,83586,0
146823,-232,15060,5584,-38,111,-114,169737,83532,0
146965,-96,14864,5556,-294,313,-138,169929,83617,0
147105,-216,14956,5516,-328,263,68,169895,83622,0
147245,-476,14880,5492,-152,474,-164,169747,83713,0
147385,-196,14892,5632,-243,-74,-2,169838,83613,0
147525,-108,14948,5588,-231,132,-98,169868,83635,0
147667,-152,14892,5472,-214,-64,-20,169947,83581,0
147807,-60,14956,5652,-166,104,-98,169799,83594,0
147947,-176,14932,5716,-283,67,-35,169819,83688,0
148087,-264,14816,5572,-432,-480,31,169841,83656,0
148227,64,14880,5744,-143,-429,-44,169907,83680,0
148367,96,14920,5860,-304,61,-144,169774,83614,0
148509,20,14944,5768,-256,-15,-63,169962,83632,0
148649,120,14796,5612,-37,-28,-115,169887,83708,0
148789,-8,14944,5700,45,-38,-163,169976,83737,0
148929,116,14872,5688,-92,-107,-174,169892,83676,0
149069,136,14928,5716,-182,102,-130,169883,83610,0
149211,-48,14976,5584,-122,268,-147,170040,83684,0
149351,-220,14952,5624,-171,139,-196,169973,83675,0
149491,-48,15028,5508,-219,245,-131,169796,83788,0
149631,-208,14904,5640,9,47,-192,169815,83662,0
149771,-52,14960,5716,-323,12,17,169849,83704,0
149913,-92,15020,5532,-66,308,64,169884,83621,0
150053,-24,14848,5656,-314,-371,-82,169834,83697,0
150193,-24,14912,5784,-209,274,0,169824,83772,0
150333,-4,14840,5448,-279,-79,-22,169897,83779,0
150473,-40,14904,5696,-36,-29,-134,169877,83745,0
150613,0,14816,5576,-123,16,31,169815,83700,0
150755,136,14884,5508,-220,391,-101,170013,83716,0
150895,-80,14920,5676,-111,450,-131,169926,83782,0
151035,-20,14940,5564,-118,425,-105,169812,83800,0
151175,-128,14992,5584,-147,238,-63,169768,83735,0
151315,-40,14956,5752,-143,50,-173,169762,83668,0
151457,-116,14876,5580,-208,-196,-5,169945,83729,0
151597,0,14984,5620,-197,-39,-88,169768,83673,0
151737,-260,14868,5476,-141,248,-85,169760,83874,0
151877,-104,14924,5596,-146,1,-106,169866,83745,0
152017,-116,14836,5588,-123,74,-69,169903,83800,0
152159,-116,14936,5620,-192,-66,-45,169910,83709,0
152299,-132,14940,5624,-153,153,-99,169920,83783,0
152439,-180,14860,5628,-173,76,-137,169926,83869,0
152579,-104,14868,5620,-94,322,-106,170032,83851,0
152719,-84,14928,5640,-159,-9,-19,169958,83847,0
152859,-100,14928,5624,-158,112,18,169967,83825,0
153001,-388,15032,5984,-172,-192,-69,170242,83840,0
153141,-8,14912,5436,14,393,-135,170233,83975,0
153281,-280,14976,5676,-150,462,-157,170228,83958,0
153421,-108,15004,5628,-225,-51,-62,170096,83890,0
153561,20,14916,5640,-518,104,-24,169576,83632,0
153703,-52,14932,5676,-78,-579,-253,169429,83637,0
153843,-376,14884,5704,-186,318,17,168736,83444,0
153983,-476,14908,5472,-88,141,-186,168305,83423,0
154123,-264,14872,5392,93,-188,-417,168001,83233,0
154263,-492,15516,8140,152,435,911,168628,83696,0
154405,8,14804,5480,-142,167,-14,169830,83799,0
154545,-176,14984,6092,-338,401,-53,169751,83804,0
154685,24,14864,5308,-730,2586,465,169772,83889,0
154825,688,15028,5692,105,1290,413,169771,83869,0
154965,-8,14944,5008,392,-1666,-857,169774,83818,0
155105,-144,14976,5832,-395,-7,299,169822,83843,0
155247,-184,14944,5416,71,-558,-309,170051,83827,0
155387,148,14964,5704,-95,-157,-80,169805,83870,0
155527,-168,14892,5504,-338,317,-63,169820,83934,0
155667,0,14956,5556,-150,-154,-188,169894,83864,0
155807,-44,14940,5472,-263,158,82,169879,83891,0
155949,0,14944,5480,-190,-93,-146,169981,83854,0
156089,60,15012,5708,-101,290,-184,169811,83843,0
156229,12,14888,5484,-165,340,-130,169855,83947,0
156369,-72,14808,5536,-72,-8,-79,169862,83923,0
156509,60,15032,5676,-139,64,13,169902,83893,0
156649,-32,14916,5388,-210,376,-22,169687,83829,0
156791,-404,14888,5460,-30,-178,-146,169827,83867,0
156931,156,14924,5556,-71,-323,-262,169770,83886,0
157071,40,14984,5568,-370,489,65,169738,83951,0
157211,-256,15000,5412,-186,-263,-89,169736,83837,0
157351,-24,14996,5556,-203,-171,-81,169707,83876,0
157493,0,14900,5620,-250,63,-77,169855,83865,0
157633,96,14872,5488,-125,91,-76,169868,83894,0
157773,-36,14900,5560,-174,178,-19,169835,83968,0
157913,92,14956,5544,-175,57,-99,169761,83948,0
158053,76,14896,5696,-97,74,-150,169808,83929,0
158193,8,14920,5596,-208,118,-41,169813,83905,0
158335,-12,14904,5664,-87,191,-141,169989,83940,0
158475,96,15000,5544,-128,222,1,169807,83955,0
158615,-20,14920,5488,-197,489,-62,169765,83983,0
158755,-68,14984,5532,-77,-11,-173,169838,83934,0
158895,-28,14900,5568,-242,161,55,169815,83935,0
159037,-108,14948,5532,-128,361,-65,169795,83911,0
159177,24,14968,5556,-259,260,-9,169711,83888,0
159317,-196,14924,5496,-293,302,-22,169738,84002,0
159457,-84,14944,5520,-171,-429,-131,169771,83947,0
159597,164,14960,5740,-242,-167,-40,169677,83928,0
159739,-16,14996,5616,-281,250,-21,169752,83864,0
159879,32,14844,5576,-230,-43,-113,169851,83934,0
160019,-52,14856,5556,-91,147,-121,169832,83997,0
160159,128,14952,5752,-144,-101,-155,169749,83989,0
160299,104,14892,5732,-237,187,8,169814,83946,0
160439,60,14924,5572,-139,-6,-111,169826,83924,0
160581,100,14908,5592,-188,20,-70,169988,83956,0
160721,28,14888,5644,-55,-122,-85,169833,83987,0
160861,116,14960,5708,-155,16,-24,169825,84047,0
161001,128,15000,5620,-234,125,-135,169910,83979,0
161141,132,14896,5604,-152,51,14,169941,84003,0
161283,-4,14728,5484,-189,281,-38,170038,83958,0
161423,16,14936,5616,-189,106,8,169821,83920,0
161563,168,14892,5472,-58,-54,-157,169880,84042,0
161703,140,14936,5616,-68,267,-99,169869,84020,0
161843,-64,14916,5468,-119,221,-145,169857,84002,0
161985,56,14904,5536,-200,-79,-41,169747,83936,0
162125,56,14916,5608,-252,-215,-85,169905,83940,0
162265,16,14888,5492,-241,-69,-21,169921,84046,0
162405,128,14912,5704,-131,109,-100,169992,84071,0
162545,136,14936,5692,-188,-16,-27,169863,84026,0
162685,132,14880,5680,-272,-42,-42,169923,84002,0
162827,124,14944,5616,-256,31,-38,170135,84048,0
162967,320,14984,5512,-36,-10,19,170084,84012,0
163107,-400,14976,5132,955,-453,951,169954,84085,0
163247,-8,14464,6020,8,3412,-1243,170052,84072,0
163387,1024,15448,4724,-846,-2093,23,169895,84011,0
163527,504,15572,5044,-620,163,1236,169938,83986,0
163669,172,14972,5548,-783,-1282,968,169938,83941,0
163809,652,14296,5480,-304,1665,399,169822,84025,0
163949,1656,14812,5800,44,-1970,197,169901,84063,0
164089,1280,14968,5896,227,-1017,681,169954,84045,0
164229,1240,14992,5696,423,690,309,170024,84004,0
164371,1984,15068,5824,-509,327,-221,170022,84013,0
164511,1464,14828,5180,-277,805,79,169955,83990,0
164651,1268,14928,5632,-110,158,-77,169984,84164,0
164791,1264,14824,5616,-377,93,-53,170065,84060,0
164931,1132,14844,5616,-116,222,-94,169939,84021,0
165073,1420,14984,5708,-55,-183,-160,170021,83951,0
165213,1408,14844,5656,-238,715,-171,170040,84054,0
165353,992,14892,5456,-34,497,-238,170063,84145,0
165493,876,14904,5600,-489,-383,-340,170047,84091,0
165633,1144,14784,5436,15,-127,-262,169932,84030,0
165773,1460,14936,5472,84,-211,143,170010,84009,0
165915,1240,14964,5436,95,115,29,170181,84067,0
166055,1164,15036,5428,-138,19,-8,170130,84096,0
166195,1396,14948,5392,-209,-569,-235,169971,84098,0
166335,1424,14944,5280,-197,-389,-13,170030,84026,0
166475,1352,14880,5132,126,-1124,-127,170008,84060,0
166617,1892,15028,5620,350,-385,-395,170158,84004,0
166757,1544,15260,5300,-376,888,13,170125,84070,0
166897,1176,14500,4608,-113,-838,-466,170003,84165,0
167037,2248,15336,6036,1134,912,-644,170071,84154,0
167177,1392,15144,5476,-237,5643,566,170090,84122,0
167317,704,15192,4160,-205,4423,998,170147,84083,0
167459,48,15552,4436,784,2766,521,170169,84080,0
167599,-4,15360,4580,1046,2627,-744,170045,84020,0
167739,-40,15524,4368,91,1136,-379,170111,84168,0
167879,-248,15228,4124,-323,-588,204,170175,84152,0
168019,148,15516,4520,643,-110,-528,170172,84124,0
168159,-136,15404,4252,-472,1238,135,170086,84106,0
168301,108,15280,3992,-250,1016,443,170250,84118,0
168441,-236,15224,4352,315,698,346,170230,84147,0
168581,68,15440,4608,-793,-1035,504,170183,84220,0
168721,-648,15672,4496,-1342,-1078,233,170174,84113,0
168861,276,15364,4352,-279,-1013,-826,170140,84132,0
169003,472,15024,4816,-17,-1968,-474,170248,84091,0
169143,-60,15648,4500,-704,-293,-233,170295,84157,0
169283,84,14996,4360,703,-754,-458,170204,84194,0
169423,460,15404,5152,212,41,-238,170158,84185,0
169563,304,15260,4508,-746,1248,427,170208,84160,0
169703,4,15252,4712,-432,420,-138,170223,84150,0
169845,388,15416,4636,-236,-377,-192,170362,84154,0
169985,480,15236,4856,-203,-160,-132,170206,84176,0
170125,504,15228,4876,-157,-371,139,170207,84211,0
170265,380,15304,4740,-311,237,31,170298,84189,0
170405,96,15256,4576,-35,-295,-68,170304,84205,0
170547,880,15260,4708,106,-143,-191,170325,84176,0
170687,428,15324,4828,-427,822,201,170246,84132,0
170827,340,15288,4552,-53,464,-174,170213,84273,0
170967,452,15248,4736,-371,500,-22,170181,84185,0
171107,184,15208,4696,60,285,-147,170070,84166,0
171249,324,15260,4752,-164,6,-29,169997,84144,0
171389,160,15200,4792,-269,90,-188,170097,84142,0
171529,356,15264,4780,-37,-365,-123,170037,84217,0
171669,276,15248,4740,-146,566,-97,170020,84217,0
171809,184,15328,4696,-185,27,-174,169967,84167,0
171949,416,15196,4932,-177,78,-171,169972,84113,0
172091,248,15268,4664,-310,311,115,170157,84185,0
172231,112,15192,4732,-48,-92,-173,170067,84163,0
172371,328,15332,4788,-158,-32,-47,169932,84262,0
172511,388,15236,4760,-162,255,-192,170070,84174,0
172651,284,15304,4724,-42,88,16,170036,84189,0
172793,408,15416,4728,-192,259,-52,170259,84212,0
172933,264,15292,4576,-213,409,-82,169975,84148,0
173073,204,15232,4788,-74,-194,-70,170055,84305,0
173213,384,15348,4880,-237,-56,27,170119,84246,0
173353,424,15296,4640,-211,-34,10,170170,84297,0
173495,464,15272,4876,-210,-44,-42,170048,84206,0
173635,440,15200,4708,-290,326,-57,170175,84235,0
173775,448,15296,4792,-176,208,-62,170114,84318,0
173915,340,15308,4732,-264,399,-48,170164,84337,0
174055,296,15160,4808,-99,108,-160,170039,84252,0
174195,524,15220,5016,-30,-77,-130,170032,84214,0
174337,296,15304,4800,-276,774,-172,170168,84257,0
174477,72,15232,4568,-142,24,-191,170090,84291,0
174617,388,15168,4912,31,-559,-186,170035,84313,0
174757,316,15284,4804,-266,158,8,170043,84283,0
174897,240,15228,4740,-65,-39,-92,170102,84248,0
175039,344,15256,4792,-147,-63,-30,170312,84303,0
175179,288,15360,4728,-246,253,39,170270,84307,0
175319,332,15232,4748,-83,-249,-29,170141,84375,0
175459,476,15268,4800,-292,340,-16,170274,84300,0
175599,164,15212,4780,-153,197,-3,170247,84337,0
175741,472,15252,4900,-21,-26,-110,170435,84352,0
175881,292,15264,4728,-190,296,11,170287,84246,0
176021,372,15352,4792,-136,297,-76,170251,84448,0
176161,400,15240,4744,-134,677,-76,170293,84345,0
176301,252,15212,4640,10,271,-182,170312,84339,0
176443,272,15240,4912,-22,43,-106,170313,84278,0
176583,148,15280,4668,-284,129,-9,170258,84304,0
176723,228,15316,4720,-133,-18,-180,170268,84394,0
176863,236,15272,4744,-74,-114,-68,170331,84390,0
177003,336,15328,4836,-127,236,-52,170353,84352,0
177143,200,15296,4696,-229,137,-56,170296,84354,0
177285,96,15268,4796,-304,193,-20,170479,84353,0
177425,340,15264,4852,-214,122,-22,170423,84400,0
177565,276,15200,4764,-128,126,-93,170409,84433,0
177705,276,15252,4844,-216,40,-17,170340,84386,0
177845,204,15300,4704,-152,81,-90,170401,84320,0
177987,276,15236,4772,-198,49,-77,170536,84399,0
178127,244,15384,4748,-210,158,-83,170518,84360,0
178267,352,15308,4768,-138,-78,-93,170353,84464,0
178407,236,15312,4788,-181,189,-126,170425,84396,0
178547,228,15200,4760,-258,343,-49,170432,84394,0
178689,224,15340,4672,-207,197,-96,170545,84363,0
178829,288,15180,4720,-130,130,-127,170329,84343,0
178969,128,15264,4804,-125,60,-113,170347,84440,0
179109,200,15252,4772,-173,218,-93,170385,84392,0
179249,152,15256,4796,-98,111,-104,170443,84421,0
179391,168,15252,4776,-216,20,-56,170318,84370,0
179531,144,15216,4696,-120,20,-115,170440,84357,0
179671,160,15296,4676,-173,-30,-74,170381,84443,0
179811,208,15204,4716,-148,-20,-131,170444,84469,0
179951,168,15208,4844,-161,126,-102,170316,84413,0
180091,116,15268,4884,-177,120,-101,170364,84368,0
180233,168,15224,4840,-73,-11,-134,170543,84434,0
180373,128,15216,4792,-43,-107,-48,170555,84400,0
180513,284,15320,4840,-152,42,-84,170326,84524,0
180653,128,15180,4776,-192,134,-68,170467,84453,0
180793,272,15312,4748,-124,194,-20,170474,84461,0
180935,136,15268,4704,-156,257,-46,170621,84436,0
181075,248,15212,4736,-172,-103,-140,170435,84445,0
181215,216,15232,4796,-98,171,-36,170475,84544,0
181355,288,15356,4884,-161,516,-7,170563,84546,0
181495,-36,15248,4612,-272,403,-62,170615,84507,0
181635,272,15220,4736,-185,-8,-195,170452,84477,0
181777,248,15276,4740,-224,157,33,170605,84463,0
181917,108,15260,4824,-195,378,-47,170510,84521,0
182057,224,15248,4776,-103,-270,-199,170517,84557,0
182197,260,15212,4896,-116,140,-111,170399,84512,0
182337,68,15252,4856,-156,-97,-33,170403,84474,0
182479,212,15344,4652,-170,26,-120,170596,84497,0
182619,104,15296,4708,-170,-28,-121,170579,84452,0
182759,252,15256,4816,-128,-78,-68,170459,84606,0
182899,208,15300,4800,-292,511,35,170545,84530,0
183039,132,15292,4748,-117,-144,-134,170575,84552,0
183181,260,15240,4792,-149,267,-68,170684,84490,0
183321,124,15296,4708,-56,-184,-109,170644,84544,0
183461,284,15252,4864,-225,54,-25,170586,84633,0
183601,88,15232,4668,-85,-267,-130,170688,84633,0
183741,372,15300,4876,-139,35,-74,170720,84601,0
183881,172,15168,4748,-106,274,-82,170680,84602,0
184023,232,15228,4796,-164,476,-60,170797,84574,0
184163,68,15344,4700,-156,221,-72,170696,84623,0
184303,232,15196,4748,-227,246,-42,170693,84664,0
184443,156,15220,4736,-174,333,-151,170640,84597,0
184583,152,15324,4764,-126,166,-140,170559,84522,0
184725,136,15156,4908,-121,196,-71,170693,84598,0
184865,92,15168,4768,-233,54,-74,170617,84561,0
185005,180,15312,4864,-45,-103,-213,170603,84668,0
185145,180,15304,4808,-190,195,-71,170607,84561,0
185285,112,15252,4864,-111,-63,-173,170646,84604,0
185427,208,15220,4744,-124,266,-27,170816,84593,0
185567,148,15376,4700,-122,-85,-48,170749,84579,0
185707,280,15232,4688,-134,167,-24,170711,84684,0
185847,48,15264,4720,-75,-17,-30,170743,84655,0
185987,276,15352,4716,-157,55,-26,170799,84682,0
186129,152,15264,4652,-131,11,-94,170890,84612,0
186269,328,15296,4756,-130,24,-77,170811,84662,0
186409,108,15176,4736,-261,371,-17,170743,84718,0
186549,276,15312,4800,-182,-5,-16,170766,84710,0
186689,192,15228,4708,-181,625,-17,170769,84677,0
186829,216,15256,4660,-119,125,-44,170588,84593,0
186971,224,15224,4772,-282,207,-48,170724,84622,0
187111,168,15284,4784,-233,199,-11,170643,84633,0
187251,160,15220,4852,-129,-226,-99,170607,84680,0
187391,160,15316,4776,-154,-77,-111,170557,84626,0
187531,180,15336,4820,-204,-88,-60,170621,84609,0
187673,312,15228,4780,-231,78,-90,170777,84627,0
187813,108,15204,4736,-209,-92,-86,170758,84577,0
187953,240,15296,4940,-184,-90,-169,170656,84733,0
188093,284,15224,4892,-221,198,-110,170690,84662,0
188233,236,15272,4904,-174,139,-171,170687,84667,0
188375,96,15248,4780,-95,188,-101,170812,84625,0
188515,156,15268,4896,-44,-123,-238,170766,84644,0
188655,160,15256,4700,-188,185,-114,170716,84755,0
188795,120,15188,4668,-64,43,-202,170777,84736,0
188935,252,15252,4808,-42,31,-140,170866,84711,0
189075,8,15200,4700,-189,425,-36,170760,84659,0
189217,-108,15240,4744,-156,-184,-70,170823,84665,0
189357,240,15256,4780,-309,164,-7,170750,84693,0
189497,24,15216,4664,-232,295,-63,170713,84723,0
189637,-12,15276,4884,-31,-59,-78,170689,84617,0
189777,160,15288,4688,-155,41,-36,170624,84639,0
189919,64,15200,4688,-146,-250,-140,170731,84612,0
190059,176,15224,4836,-220,71,-35,170730,84651,0
190199,-4,15304,4808,-120,160,-94,170654,84719,0
190339,128,15328,4784,-149,-90,-32,170716,84707,0
190479,72,15268,4756,-206,139,-24,170762,84686,0
190619,24,15188,4792,-133,-136,-70,170773,84726,0
190761,276,15256,4912,-184,60,-24,170859,84688,0
190901,72,15328,4680,-168,106,19,170804,84734,0
191041,164,15324,4772,-115,-50,-171,170797,84783,0
191181,100,15224,4760,-190,-111,-112,170903,84764,0
191321,248,15300,4828,-52,-132,-197,170770,84722,0
191463,72,15228,4796,-259,726,-11,170946,84745,0
191603,-24,15252,4576,-171,287,-118,170842,84701,0
191743,96,15204,4856,-113,20,-183,170862,84806,0
191883,184,15188,4872,-269,275,-24,170733,84745,0
192023,-24,15264,4972,-169,310,-98,170723,84746,0
192165,4,15136,4916,-168,153,-80,170698,84699,0
192305,68,15244,4684,-194,61,-71,170819,84685,0
192445,32,15212,4864,-96,-5,-139,170612,84750,0
192585,48,15220,4756,-96,29,-115,170692,84772,0
192725,152,15340,4716,-216,162,-120,170761,84755,0
192865,-52,15312,4748,-89,157,-111,170819,84752,0
193007,148,15164,4680,-68,-142,-45,170853,84722,0
193147,80,15228,4760,-118,109,-15,170808,84726,0
193287,116,15284,4772,-162,31,-36,170905,84842,0
193427,76,15312,4624,-93,-77,-99,170967,84814,0
193567,152,15288,4780,-151,122,-73,170832,84804,0
193709,-28,15284,4664,-262,349,58,170868,84793,0
193849,92,15216,4692,-77,-67,-87,171026,84770,0
193989,112,15332,4828,-2,-20,-82,170989,84871,0
194129,56,15304,4588,-428,579,74,170866,84855,0
194269,-56,15284,4708,-99,-116,-207,170867,84814,0
194409,172,15224,4736,-248,142,-152,170844,84738,0
194551,52,15288,4800,-122,102,-147,170978,84797,0
194691,112,15156,4764,-236,508,-66,170768,84739,0
194831,-172,15208,4696,-125,263,-133,170750,84834,0
194971,96,15328,4804,5,-444,-212,170858,84756,0
195111,80,15208,4828,-208,178,-153,170930,84814,0
195253,-160,15268,4844,-220,418,-118,170964,84790,0
195393,-80,15248,4692,-131,185,-85,170933,84777,0
195533,156,15328,4800,-135,-186,-75,170932,84926,0
195673,-68,15292,4780,-336,476,40,171048,84830,0
195813,-84,15316,4728,-75,-191,-108,170960,84824,0
195955,72,15268,4684,-176,95,29,171062,84813,0
196095,20,15304,4696,-127,-41,-105,171053,84818,0
196235,-136,15364,4768,-127,308,-88,171170,84953,0
196375,-72,15204,4740,-99,251,-76,171152,84895,0
196515,24,15244,4728,-154,235,38,171127,84908,0
196657,-104,15256,4764,-202,157,-100,171091,84854,0
196797,-96,15244,4812,-181,-45,-16,171191,84853,0
196937,36,15216,4760,-129,169,-85,171064,84920,0
197077,-80,15312,4744,-228,276,-59,171004,84923,0
197217,-52,15300,4720,-172,9,-144,170988,84865,0
197357,-4,15300,4780,-189,138,-72,171009,84814,0
197499,-36,15264,4876,-152,-219,-174,171152,84844,0
197639,-160,15288,4780,-194,78,-59,171016,84819,0
197779,-8,15224,4780,-114,-53,-178,171056,84997,0
197919,40,15252,4780,-165,145,-59,171161,84917,0
198059,-128,15240,4796,-126,180,-130,171171,84905,0
198201,-52,15244,4760,-169,-69,-70,171086,84830,0
198341,-108,15300,4840,-201,2,-53,171253,84882,0
198481,48,15232,4864,-142,145,-33,171209,84974,0
198621,8,15244,4684,-159,106,-118,171245,84984,0
198761,44,15280,4896,-155,162,-61,171133,84926,0
198901,-20,15188,4804,-171,144,-92,171189,84869,0
199043,40,15252,4748,-162,308,-98,171315,84943,0
199183,-64,15152,4724,-209,328,-59,171257,84911,0
199323,-76,15288,4708,-175,367,-82,171075,85010,0
199463,-84,15228,4836,-243,201,-120,171126,84881,0
199603,-68,15208,4764,-256,-24,-120,171093,84909,0
199745,-72,15232,4824,-132,-100,-171,171155,84850,0
199885,-212,15252,4836,-209,217,-61,171046,84897,0
200025,-276,15144,4772,-167,110,-149,171027,84982,0
200165,-168,15248,4848,-178,-48,-163,171085,84965,0
200305,-156,15204,4796,-161,-59,-173,171049,84907,0
200445,-148,15132,4708,-135,-104,27,171029,84884,0
200587,-232,15176,4820,-230,-60,-21,171226,84936,0
200727,-188,15212,4744,-177,-15,-65,171179,84965,0
200867,-52,15188,4860,-75,-211,-102,171097,84998,0
201007,48,15304,4920,-189,240,93,171172,84951,0
201147,-108,15200,4840,-122,134,-147,171155,84968,0
201289,-24,15204,4920,-82,170,-31,171350,85000,0
201429,-48,15256,4928,-94,73,-58,171133,84924,0
201569,0,15212,4796,-81,348,-20,171181,85063,0
201709,-164,15208,4776,-216,307,-13,171170,84994,0
201849,44,15184,4848,-149,-111,-132,171201,85027,0
201991,-56,15188,4864,-189,144,-47,171026,84939,0
202131,-104,15228,4752,-122,89,-66,171137,84938,0
202271,60,15256,4904,-163,230,-136,171056,85017,0
202411,-176,15276,4680,-175,-591,-141,171087,85036,0
202551,100,15300,4920,-223,35,-49,171028,84975,0
202691,28,15176,4800,-199,125,-283,171074,84971,0
202833,-140,15264,4840,-296,236,12,171271,85011,0
202973,104,15252,4764,224,-160,-346,171225,85009,0
203113,-188,15188,4964,-543,-72,11,171094,85133,0
203253,276,15252,4952,-33,-332,-230,171188,85021,0
203393,-136,15276,4840,-208,772,50,171245,85056,0
203535,-68,15276,4876,-97,-140,-175,171353,85024,0
203675,140,15280,4940,-332,339,-90,171221,85033,0
203815,-180,15216,4880,-167,379,-51,171294,85141,0
203955,-24,15280,4968,-209,306,-93,171328,85116,0
204095,-148,15224,4888,-141,268,-189,171300,85091,0
204235,-64,15156,4896,-187,263,-101,171159,85053,0
204377,-192,15204,4824,-120,136,-130,171326,85058,0
204517,-124,15196,4876,-154,24,-53,171261,85081,0
204657,-152,15124,5008,-205,144,-106,171165,85099,0
204797,-244,15148,4824,-153,-166,-75,171153,85016,0
204937,-80,15196,4932,-176,-144,-145,171189,85078,0
205079,-140,15156,4852,-183,10,-84,171344,85000,0
205219,-92,15248,4772,-140,96,-63,171408,85049,0
205359,-144,15120,4820,4,-84,-54,171325,85136,0
205499,-68,15224,4968,-121,61,-64,171386,85175,0
205639,-40,15200,4956,-223,165,-14,171424,85146,0
205779,-36,15248,4952,-110,48,-88,171363,85104,0
205921,28,15224,5020,-177,-6,-20,171508,85133,0
206061,-12,15196,4924,-170,22,-92,171441,85097,0
206201,-20,15248,4940,-146,247,-3,171563,85229,0
206341,-80,15144,4876,-212,440,-65,171535,85197,0
206481,-60,15152,4912,-186,126,-29,171418,85152,0
206621,-84,15196,4952,-212,110,-109,171421,85122,0
206763,-28,15120,4964,-251,94,-95,171521,85157,0
206903,-28,15176,4900,-86,78,-98,171418,85128,0
207043,-112,15160,4992,-175,109,-97,171263,85211,0
207183,-184,15220,4792,-131,-239,-102,171327,85110,0
207323,44,15168,4940,-80,-320,-138,171386,85156,0
207465,0,15200,4956,-164,9,-68,171405,85111,0
207605,48,15244,4856,-179,92,-20,171454,85110,0
207745,-72,15232,4816,-131,-76,12,171439,85156,0
207885,164,15212,4908,-98,-213,-74,171484,85247,0
208025,116,15208,4912,-94,291,-74,171569,85155,0
208165,-8,15272,4832,-115,125,60,171415,85160,0
208307,68,15296,4928,-141,-24,-132,171557,85138,0
208447,60,15276,4852,-155,-59,13,171585,85198,0
208587,360,15288,5004,-144,224,-142,171582,85253,0
208727,68,15204,4728,-274,628,-24,171492,85245,0
208867,104,15304,4852,-209,285,-151,171496,85192,0
209007,-4,15168,4760,-253,174,-118,171479,85110,0
209149,84,15224,4920,-159,87,-222,171548,85185,0
209289,48,15208,4928,-302,298,-109,171357,85139,0
209429,-72,15196,4784,-210,50,-207,171308,85273,0
209569,-36,15140,4924,-194,-208,-105,171384,85155,0
209709,72,15272,5080,-133,57,-160,171420,85186,0
209851,-64,15104,4952,-201,-10,-178,171383,85155,0
209991,108,15152,5024,-116,-9,-110,171519,85151,0
210131,-44,15208,4936,-241,261,-53,171499,85233,0
210271,-60,15116,4876,-117,-56,-91,171462,85248,0
210411,108,15136,4984,-203,-3,44,171430,85202,0
210551,-68,15172,4948,-159,31,-64,171466,85141,0
210693,132,15248,4860,-109,-182,-57,171641,85238,0
210833,-16,15256,5024,-119,101,-123,171513,85217,0
210973,176,15268,4956,-262,173,-28,171461,85325,0
211113,80,15160,4976,-133,645,-68,171495,85224,0
211253,-76,15216,4892,-187,201,-67,171561,85238,0
211395,60,15220,4924,-158,-14,-127,171416,85137,0
211535,-56,15132,4988,-151,-13,-102,171486,85198,0
211675,152,15224,4944,-179,-27,-143,171408,85257,0
211815,64,15312,4912,-144,166,-112,171421,85262,0
211955,-8,15216,4952,-138,40,-169,171276,85170,0
212095,76,15240,4872,-166,6,-146,171382,85138,0
212237,-40,15196,4788,-204,92,-55,171513,85218,0
212377,80,15176,5036,-97,-100,-116,171460,85193,0
212517,-40,15124,4884,-141,-27,-48,171372,85333,0
212657,-36,15136,4940,-128,-42,-97,171489,85242,0
212797,20,15168,4908,-78,278,-70,171555,85281,0
212939,100,15200,5004,-77,417,-28,171468,85179,0
213079,84,15176,4924,-224,417,-36,171545,85209,0
213219,-76,15196,4656,-216,-83,-103,171459,85304,0
213359,-20,15204,5028,-33,-429,-110,171498,85326,0
213499,208,15236,5020,-225,-15,-52,171433,85265,0
213639,-80,15204,4860,-216,214,-64,171516,85226,0
213781,144,15248,4968,-72,-50,-76,171646,85291,0
213921,36,15332,4956,-237,388,-34,171639,85314,0
214061,68,15176,4796,-28,-5,-66,171491,85376,0
214201,20,15192,4888,-244,-24,63,171595,85297,0
214341,36,15220,4884,-121,-138,-123,171649,85312,0
214483,168,15216,4976,-96,314,-63,171769,85308,0
214623,8,15216,4884,-247,352,-46,171616,85292,0
214763,40,15196,4872,-120,-225,-161,171688,85407,0
214903,212,15272,4884,-68,40,-82,171756,85375,0
215043,0,15316,4776,-159,188,-101,171814,85390,0
215185,72,15156,4796,-140,49,-109,171686,85331,0
215325,152,15236,5040,-43,159,-158,171853,85345,0
215465,-172,15248,4796,-494,618,172,171793,85432,0
215605,168,15232,4844,135,-717,-393,171793,85435,0
215745,424,15172,4964,-385,785,129,171637,85370,0
215885,-168,15120,4912,-227,33,-200,171653,85337,0
216027,304,15304,5068,-157,68,-36,171759,85371,0
216167,-80,15256,4924,-86,421,-150,171676,85283,0
216307,56,15220,4984,-69,173,-170,171565,85424,0
216447,-176,15476,4860,-195,703,-151,171578,85361,0
216587,0,14656,4672,906,3630,-274,171567,85356,0
216729,-492,15980,4420,821,2368,171,171655,85325,0
216869,-668,15360,4772,168,3028,22,171697,85315,0
217009,-1452,17496,4016,-629,1067,339,171821,85397,0
217149,-956,15304,3920,-522,1152,-261,172456,85555,0
217289,-1876,15228,4172,-1037,687,543,172292,85488,0
217429,-1528,15268,4096,-1268,164,235,171991,85460,0
217571,-1812,14056,4300,-1030,84,-27,172269,85483,0
217711,-1520,15116,4664,217,-927,-786,172185,85413,0
217851,-1940,15436,5308,-767,140,-1250,172363,85588,0
217991,-1632,14980,5488,-592,-1513,-1085,172297,85537,0
218131,-2036,14452,5324,24,-1149,-638,172277,85532,0
218271,-1804,14924,5516,-64,-1878,-324,172301,85489,0
218413,-1788,14392,5152,541,-536,176,172494,85493,0
218553,-1436,14884,5208,100,1053,392,172289,85523,0
218693,-688,15072,5020,-256,1973,1592,172195,85549,0
218833,-1524,15220,5132,159,921,157,172322,85514,0
218973,-1476,15216,4988,-566,481,-23,172368,85507,0
219115,-1428,15224,4844,-1017,-334,409,172391,85494,0
219255,-1220,14752,5088,-294,-1163,-338,172322,85451,0
219395,-1332,14940,5196,98,-1129,-577,172425,85617,0
219535,-1332,14812,5276,260,-1008,-672,172526,85559,0
219675,-1092,15112,5276,690,-369,-713,172366,85537,0
219817,-1436,15144,5312,3,-559,-253,172347,85521,0
219957,-1268,15020,5028,-596,483,-188,172495,85523,0
220097,-2040,15232,4988,-685,941,-24,172671,85651,0
220237,-1520,14816,5160,-430,-266,-262,172639,85666,0
220377,-1676,15108,5624,-671,-488,-382,172487,85600,0
220517,-1164,14652,5420,-930,-910,-82,172447,85506,0
220659,-924,14700,5556,-260,-651,2,172560,85575,0
220799,-1072,14728,6152,320,397,-502,172577,85515,0
220939,-1388,15108,5876,-423,544,125,172342,85644,0
221079,-1556,14672,5424,84,839,-183,172410,85533,0
221219,-1068,14868,5788,-67,168,17,172445,85567,0
221361,-1420,14892,5544,-115,800,-155,172543,85501,0
221501,-1684,14884,5660,-380,301,-261,172169,85458,0
221641,-1276,14828,5372,-384,208,-240,171984,85515,0
221781,-1584,14720,5316,-339,471,275,172117,85505,0
221921,-1900,14820,5728,-146,243,151,172250,85522,0
222061,-1788,14772,5568,-335,-82,-155,172216,85502,0
222203,-1708,14720,5740,-149,375,-287,172734,85588,0
222343,-1948,14748,5796,-346,64,-245,172841,85682,0
222483,-1544,14796,5756,-203,76,-51,172873,85735,0
222623,-1748,14736,5868,12,266,-42,172839,85670,0
222763,-1916,14520,5664,-181,96,-111,172719,85627,0
222905,-1936,14772,5824,287,277,-42,172851,85667,0
223045,-1784,14836,5648,-214,526,60,172795,85587,0
223185,-1924,14856,5488,-365,280,-281,172711,85738,0
223325,-1936,14584,5532,-212,-228,-515,172641,85645,0
223465,-1868,14592,5532,-78,-111,-250,172668,85652,0
223607,-1828,14800,5680,-160,-222,-72,172740,85558,0
223747,-2036,14556,5532,-342,-32,50,172830,85627,0
223887,-1632,14744,5776,120,-418,-105,172602,85682,0
224027,-1988,14792,5540,-238,95,83,172679,85699,0
224167,-1976,14776,5620,-75,333,-157,172742,85644,0
224307,-2060,14748,5568,-30,315,-339,172750,85618,0
224449,-1868,14736,5648,-122,89,-218,172745,85617,0
224589,-1756,14764,5600,-103,-27,91,172721,85645,0
224729,-2132,14764,5504,-308,254,305,172686,85756,0
224869,-2148,14820,5428,-199,313,8,172817,85644,0
225009,-1880,14620,5320,57,-176,-155,172631,85637,0
225151,-1644,14784,5504,515,225,59,172678,85582,0
225291,-1708,15188,5700,86,877,396,172532,85590,0
225431,-1832,15060,5340,-616,1029,381,172292,85621,0
225571,-1804,14860,5188,-552,1090,155,172152,85570,0
225711,-1788,14772,5048,-217,1039,192,172181,85517,0
225851,-1716,15084,5076,82,115,330,172228,85465,0
225993,-1932,14868,5248,123,570,414,172337,85560,0
226133,-1512,15172,5392,115,-80,-361,172112,85472,0
226273,-1484,14864,5040,-203,-395,-227,172065,85633,0
226413,-1520,15040,5004,19,-317,150,172107,85518,0
226553,-1736,15080,5088,347,43,-276,172092,85535,0
226695,-1500,15012,5120,-14,-295,-427,171949,85406,0
226835,-1452,14944,4968,-131,-38,-266,172081,85444,0
226975,-1620,14876,5160,-136,-111,-86,172006,85545,0
227115,-1600,15076,5088,-32,-97,-144,172105,85588,0
227255,-1400,15064,4788,-194,-140,107,171987,85484,0
227395,-1528,15104,4824,-106,381,583,171989,85502,0
227537,-1596,15112,4860,-232,404,128,172176,85454,0
227677,-1392,15016,4824,-252,250,-57,172240,85485,0
227817,-1248,15172,4748,-168,-6,-125,172009,85537,0
227957,-1236,15156,4704,-1,128,-46,172048,85583,0
228097,-1232,15172,4760,191,5,-121,172084,85528,0
228237,-1376,15168,4976,-138,73,-195,172111,85530,0
228379,-1248,15144,5028,-293,-143,-364,172120,85474,0
228519,-1172,15164,5036,-381,196,-210,172126,85534,0
228659,-1396,15116,4864,-406,210,17,172094,85600,0
228799,-1572,15080,4980,-246,188,-223,172156,85621,0
228939,-1568,15048,5020,-172,92,-360,172081,85553,0
229079,-1284,14992,4980,-87,29,-121,172030,85529,0
229221,-1492,15016,5020,-98,56,74,172175,85502,0
229361,-1568,15108,4992,-116,26,-48,172165,85511,0
229501,-1492,15080,4916,-169,-146,-49,172108,85628,0
229641,-1528,15064,4992,-154,-18,-79,172126,85602,0
229781,-1532,15048,5068,-170,61,-39,172162,85557,0
229921,-1276,15148,5004,15,253,62,172242,85506,0
230063,-1472,15252,4744,-308,675,93,172390,85575,0
230203,-1676,15032,4680,-309,579,138,172209,85535,0
230343,-1500,15200,4984,-193,-135,-258,172206,85698,0
230483,-1368,15024,4948,-120,-321,-283,172281,85572,0
230623,-1408,15156,5104,-137,26,-108,172287,85608,0
230765,-1368,15016,4964,-248,-166,-86,172274,85521,0
230905,-1308,15184,5144,-243,-62,-174,172287,85569,0
231045,-1400,15096,5196,-190,-52,-179,172267,85645,0
231185,-1292,15008,5148,-185,27,-129,172365,85620,0
231325,-1412,15016,5072,-256,159,28,172326,85624,0
231467,-1416,15072,5128,-146,-30,-84,172207,85546,0
231607,-1236,15100,5032,-325,-203,-161,172366,85561,0
231747,-1204,15036,5112,-130,-260,-96,172326,85658,0
231887,-1344,15040,5168,-107,-38,42,172386,85682,0
232027,-1336,14936,5272,-197,219,23,172257,85601,0
232167,-1148,15052,5120,-170,359,18,172289,85540,0
232309,-1216,15108,4992,-286,288,88,172430,85613,0
232449,-1348,15036,5000,-243,-80,12,172415,85636,0
232589,-1368,15072,5092,82,-83,-367,172349,85634,0
232729,-1272,14960,5244,-76,26,-356,172294,85600,0
232869,-1208,15036,5252,-205,245,-106,172234,85588,0
233011,-1304,15020,5088,-349,39,185,172409,85622,0
233151,-1592,15024,5072,-223,-6,-36,172397,85605,0
233291,-1424,14992,5148,51,55,-351,172227,85662,0
233431,-1228,15048,5028,-40,249,-255,172325,85602,0
233571,-1372,14972,5204,-230,101,-125,172260,85621,0
233713,-1344,15048,5108,-411,47,123,172454,85636,0
233853,-1448,14956,5056,-251,168,87,172319,85576,0
233993,-1452,14988,5080,-125,139,-119,172190,85725,0
234133,-1280,14988,5084,-43,99,-124,172268,85587,0
234273,-1196,15052,5048,-57,-33,48,172230,85624,0
234415,-1228,15260,5052,-86,-268,70,172415,85618,0
234555,-1300,15032,5060,11,-242,-165,172190,85540,0
234695,-1176,15088,5132,-156,-160,-290,172233,85718,0
234835,-936,15036,4936,45,132,15,172318,85640,0
234975,-1280,14980,5192,-83,340,327,172335,85679,0
235117,-1332,15144,5040,-306,44,24,172211,85537,0
235257,-1104,15232,4944,-215,224,-197,172314,85597,0
235397,-1064,15112,4964,-111,41,-152,172248,85705,0
235537,-1192,15204,5052,-169,-72,-131,172323,85722,0
235677,-1264,15036,4980,-152,16,-127,172267,85655,0
235817,-1292,15180,5032,-93,143,-260,172198,85647,0
235959,-1212,14916,5204,-99,109,-318,172368,85638,0
236099,-1168,15168,4992,-117,397,-181,172316,85707,0
236239,-1288,15004,5068,-48,405,-101,172331,85738,0
236379,-1280,15192,5000,-91,441,-45,172197,85660,0
236519,-1256,15164,4800,-324,294,252,172241,85584,0
236661,-1404,15180,4836,-217,87,268,172387,85670,0
236801,-1524,15156,4984,-306,107,-46,172319,85691,0
236941,-1304,15096,4896,-268,-16,-232,172158,85713,0
237081,-1276,15080,4900,-32,-184,-114,172225,85678,0
237221,-1172,15116,4784,83,-75,-22,172227,85617,0
237363,-1244,15068,4872,178,181,134,172409,85683,0
237503,-1168,15156,4956,48,113,108,172224,85673,0
237643,-1196,15272,4840,-205,380,62,172236,85743,0
237783,-1248,15240,4816,-192,305,-86,172293,85727,0
237923,-1164,15152,4756,-219,498,-113,172309,85697,0
238065,-1220,15204,4708,-139,375,-137,172348,85703,0
238205,-1216,15220,4940,-81,447,-46,172313,85674,0
238345,-1376,15184,4752,-251,353,-23,172314,85806,0
238485,-1404,15268,4588,-240,251,5,172447,85709,0
238625,-1400,15240,4688,-118,185,-88,172296,85719,0
238767,-1372,15164,4672,-150,54,-194,172431,85737,0
238907,-1320,15168,4860,-282,44,-186,172343,85675,0
239047,-1392,15036,4884,-182,110,-38,172367,85861,0
239187,-1304,15180,4660,-153,300,-29,172382,85742,0
239327,-1248,15168,4716,-97,-53,44,172215,85727,0
239469,-1416,15240,4892,-220,-61,260,172325,85709,0
239609,-1256,15216,4840,-392,-38,64,172339,85712,0
239749,-1236,15264,4864,-65,316,101,172378,85839,0
239889,-1280,15360,5076,-206,155,-2,172301,85744,0
240029,-1300,15048,4648,-88,279,-187,172339,85791,0
240171,-1180,15152,4744,131,271,-210,172341,85752,0
240311,-1220,15148,4816,-262,120,20,172512,85757,0
240451,-1444,15160,4904,-277,-7,8,172311,85822,0
240591,-1252,15092,4820,-290,-37,-161,172369,85855,0
240731,-1164,15356,4952,8,-103,-239,172413,85807,0
240871,-1412,15056,5112,-293,-214,-112,172460,85753,0
241013,-1128,15148,4920,-300,67,-280,172579,85807,0
241153,-1192,15084,4812,15,438,-253,172435,85760,0
241293,-1116,15228,4892,-66,122,119,172399,85902,0
241433,-1384,15176,4720,-197,-69,-72,172493,85831,0
241573,-1204,15204,4712,-20,-97,-179,172514,85839,0
241715,-1120,15224,4828,-25,-87,-64,172446,85720,0
241855,-1136,15192,4892,-65,224,61,172551,85786,0
241995,-1236,15184,4844,-182,238,81,172537,85871,0
242135,-1188,15268,4652,-217,192,-59,172603,85887,0
242275,-1168,15176,4660,-41,186,-63,172557,85814,0
242415,-1288,15196,4840,-184,361,-28,172535,85765,0
242557,-1260,15188,4660,-255,6,-126,172689,85832,0
242697,-1140,15232,4592,-213,-18,18,172655,85866,0
242837,-1344,15272,4740,51,36,-320,172597,85885,0
242977,-1080,15232,4808,-80,222,-330,172569,85806,0
243117,-1320,15204,4844,-376,-378,-109,172499,85818,0
243259,-1172,15192,4776,-382,41,-77,172686,85832,0
243399,-1212,15152,4656,-376,-1739,-73,172600,85763,0
243539,-1264,15052,4796,-186,257,-118,172495,85876,0
243679,-1196,15172,4768,-100,362,-198,172523,85827,0
243819,-1444,15040,5240,-550,-385,-200,172469,85837,0
243959,-1196,15184,4880,-684,187,-468,172447,85809,0
244101,-1408,14884,4888,-152,453,-344,172518,85787,0
244241,-1320,15056,5240,-297,-65,-47,172385,85830,0
244381,-1464,14736,5092,-296,-138,-20,172418,85873,0
244521,-1296,15096,5276,-108,-238,53,172480,85828,0
244661,-1180,14968,5260,-215,-135,-124,172263,85778,0
244803,-1264,15080,5352,71,203,124,172429,85787,0
244943,-1356,15084,5232,-126,10,147,172346,85762,0
245083,-1188,15004,5196,-104,598,111,172359,85874,0
245223,-1224,14968,4956,-232,629,154,172284,85832,0
245363,-1052,15300,4776,292,736,191,172240,85797,0
245503,-1392,15216,5124,206,593,-227,172269,85737,0
245645,-1304,14976,4896,-627,-365,-255,172435,85819,0
245785,-1120,15084,4756,-11,-65,-434,172320,85800,0
245925,-1048,15028,4808,181,335,-9,172228,85918,0
246065,-1212,15248,5060,-175,263,360,172361,85812,0
246205,-1328,15136,4844,-347,108,471,172387,85849,0
246347,-1344,15280,4624,-129,189,162,172392,85766,0
246487,-1348,15180,4752,-190,-136,-32,172430,85804,0
246627,-1276,15224,4904,-81,92,-318,172382,85903,0
246767,-1336,15060,4836,-203,-56,-355,172422,85961,0
246907,-1192,15112,4872,-92,383,-327,172456,85883,0
247047,-1340,15096,4844,-265,154,-60,172368,85861,0
247189,-1348,15112,4848,-198,222,-60,172562,85896,0
247329,-1336,15020,4912,-183,133,-226,172471,85823,0
247469,-1444,15012,4944,-304,37,-190,172503,85952,0
247609,-1460,15028,5088,-40,100,-37,172449,85900,0
247749,-1248,14912,5072,62,425,-43,172471,85894,0
247889,-1188,15220,4928,-427,262,508,172451,85885,0
248031,-1524,15140,4832,-382,226,345,172618,85858,0
248171,-1452,15184,4752,-30,-178,-261,172447,85878,0
248311,-1028,15156,4796,206,-470,-402,172432,85949,0
248451,-1036,15160,5004,153,-221,-113,172561,85873,0
248591,-1024,15268,4960,-198,-49,132,172510,85895,0
248733,-1256,15176,4828,-484,83,184,172538,85869,0
248873,-1180,15240,4740,-289,126,-12,172540,85865,0
249013,-988,15196,4824,-131,127,-18,172543,85954,0
249153,-1160,15204,4912,-110,188,-54,172649,85967,0
249293,-1228,15168,4828,-267,-175,-132,172506,85914,0
249433,-1180,15104,4784,30,114,-316,172532,85884,0
249575,-1120,15296,5192,-78,-269,-344,172708,85936,0
249715,-1000,15088,5032,-334,-223,-339,172693,85943,0
249855,-1096,15068,4992,-207,-237,-167,172512,86007,0
249995,-1184,15120,5092,-28,-102,-303,172601,85896,0
250135,-1112,15096,4964,-84,46,-334,172578,85934,0
250277,-1036,15064,4968,-188,524,12,172691,85909,0
250417,-1388,15040,4924,-327,-95,212,172665,85917,0
250557,-1336,15068,4792,-75,228,176,172550,85990,0
250697,-1480,15156,5024,-5,541,-37,172587,85996,0
250837,-1128,15272,5000,-118,190,-115,172629,85939,0
250977,-1196,15144,4808,-388,26,-16,172622,85908,0
251119,-1320,15188,4792,-187,-28,-214,172686,85932,0
251259,-1148,15080,4932,-54,-254,-287,172602,85862,0
251399,-1068,15168,5036,61,165,-253,172630,86015,0
251539,-972,15228,4880,-285,213,78,172674,85969,0
251679,-1320,15080,5008,-224,-619,-67,172535,85915,0
251819,-1316,15144,4932,-178,185,-247,172519,85912,0
251961,-1264,15168,4912,-150,277,-264,172683,85960,0
252101,-1100,15020,4816,-123,464,18,172668,85961,0
252241,-1380,15220,5132,-593,293,128,172512,86030,0
252381,-1296,15240,4940,-620,-681,15,172561,85914,0
252521,-1036,15048,4808,220,-86,-584,172517,85955,0
252663,-1292,15144,5040,-32,-600,-204,172617,85891,0
252803,-988,14984,5024,-35,7,161,172599,85907,0
252943,-1068,15208,5088,-85,138,187,172470,86001,0
253083,-1244,15148,4868,-282,301,120,172534,86011,0
253223,-1224,15104,4820,-101,374,-114,172568,85963,0
253363,-1032,15260,4772,167,458,-139,172553,85919,0
253505,-1128,15408,4888,119,259,-168,172574,85953,0
253645,-1364,15272,5028,-162,414,-297,172527,85881,0
253785,-1192,15020,4828,-512,-481,-485,172571,86048,0
253925,-1200,15312,4784,-250,-360,-86,172618,85988,0
254065,-1192,15028,5084,-200,117,329,172471,85973,0
254205,-1112,15368,5008,-511,117,399,172466,85922,0
254347,-1332,15212,5100,-142,92,-22,172628,85981,0
254487,-1088,15176,4940,-267,-18,-47,172603,85990,0
254627,-1340,15204,4944,-161,-130,-110,172410,86007,0
254767,-872,15200,4976,388,54,-448,172526,85938,0
254907,-940,15140,5220,-214,395,-191,172513,85967,0
255049,-764,15092,4704,-730,-269,381,172626,85908,0
255189,-992,15224,4728,-79,-3,521,172552,85927,0
255329,-1100,15108,4796,196,-59,-25,172506,86004,0
255469,-960,15264,4932,343,243,-358,172585,86029,0
255609,-816,15312,4800,-358,-130,-110,172628,85993,0
255749,-1004,15120,4684,-354,79,-62,172468,85901,0
255891,-996,15196,4756,-161,-272,-157,172682,85980,0
256031,-888,15224,4820,129,-272,-328,172651,85945,0
256171,-812,15316,5104,-86,-537,-386,172637,86096,0
256311,-632,15080,4848,-446,49,119,172606,86006,0
256451,-1008,15268,4924,-195,227,192,172646,86017,0
256593,-856,15248,4796,-148,271,-225,172673,85978,0
256733,-640,15392,4600,-92,392,-77,172801,85950,0
256873,-1040,15264,4768,208,473,-300,172634,86058,0
257013,-1060,15152,4848,-181,-635,-511,172719,86060,0
257153,-932,15200,4736,-95,-630,-321,172681,86022,0
257293,-940,15280,5000,-96,-391,-305,172781,85949,0
257435,-804,15192,4992,-193,411,-61,172788,86007,0
257575,-1016,15256,4720,-128,754,88,172749,85980,0
257715,-1344,15332,4564,-276,773,277,172760,86126,0
257855,-1372,15104,4552,238,128,-316,172778,85992,0
257995,-1220,15120,4620,216,-116,-559,172725,86004,0
258137,-984,15780,4716,-283,-474,2,172802,85962,0
258277,-1176,15048,4668,-662,-499,135,172817,86015,0
258417,-1208,15176,4688,113,282,-95,172736,86083,0
258557,-1200,15192,4976,-237,294,-125,172685,86070,0
258697,-1140,15140,4736,-507,207,-8,172721,86008,0
258837,-1344,15208,4496,-318,234,121,172780,85988,0
258979,-1340,15136,4584,20,66,-180,172860,86027,0
259119,-1068,15252,4824,-132,-313,-265,172716,86035,0
259259,-876,15164,4808,-153,-207,-119,172751,86093,0
259399,-1152,15164,4740,-313,-57,136,172822,86020,0
259539,-1076,15180,4668,-139,154,-52,172804,86025,0
259681,-1056,15408,4572,-9,49,-228,172873,86012,0
259821,-892,15340,4768,-4,210,-175,172780,86018,0
259961,-1096,15300,4812,-280,-498,-202,172855,86123,0
260101,-1288,15236,4940,-425,-125,-108,172879,86072,0
260241,-980,14892,4592,-99,212,-661,172814,86068,0
260383,-1044,15036,4668,-555,-733,308,172808,86018,0
260523,-1172,15360,4892,625,1273,409,172856,85997,0
260663,-936,15236,4732,-670,-40,383,172825,86106,0
260803,-796,15396,4804,418,152,-217,172789,86109,0
260943,-1252,15400,4616,-434,-1141,-56,172733,86048,0
261083,-856,15108,4744,331,117,-475,172793,85986,0
261225,-1216,15416,4816,-483,-974,75,172928,86041,0
261365,-772,15272,4812,586,-141,-467,172861,86002,0
261505,-1004,15312,4624,-651,-424,168,172733,86135,0
261645,-804,15144,4528,528,261,-432,172785,86042,0
261785,-900,15464,4624,-245,-219,-35,172781,86060,0
261927,-808,15280,4780,77,335,-355,172817,85972,0
262067,-792,15312,4464,-195,919,255,172786,86003,0
262207,-1244,15144,4548,-870,795,659,172742,86095,0
262347,-1104,15472,4264,-333,530,124,172810,86114,0
262487,-1176,15524,4620,1,-240,-408,172828,86068,0
262627,-916,15008,4532,-79,101,-664,172766,86011,0
262769,-692,15316,4420,279,595,-5,172917,86050,0
262909,-1124,15400,4792,-293,-519,131,172852,86004,0
263049,-1160,15264,4664,-590,256,154,172876,86170,0
263189,-1096,15212,4796,-493,10,-444,172815,86054,0
263329,-244,14968,4668,-350,-1402,-255,172799,86083,0
263471,-676,15332,4828,-143,4,287,172808,86024,0
263611,-1108,15160,4944,-115,579,68,172910,86019,0
263751,-1044,15248,4672,-203,-131,-253,172765,86090,0
263891,-812,15180,4856,-46,-299,-215,172776,86125,0
264031,-840,15292,4900,-125,-39,-22,172773,86061,0
264171,-984,15160,4804,-199,15,15,172810,86032,0
264313,-980,15216,4788,-199,7,-95,172835,86032,0
264453,-760,15236,4760,-193,-154,-140,172754,85983,0
264593,-948,15252,4852,-115,-76,-311,172785,86148,0
264733,-880,15124,4916,-166,-24,-310,172813,86052,0
264873,-892,15064,4808,-167,51,-185,172704,86039,0
265015,-948,15132,4968,-199,312,-43,172777,85979,0
265155,-992,15196,4856,-159,316,12,172797,86047,0
265295,-968,15296,4688,-88,168,75,172811,86115,0
265435,-956,15260,4772,-25,342,-145,172742,86041,0
265575,-1032,15112,4828,-134,-98,-62,172772,86080,0
265717,-1048,15228,4872,-83,-88,-129,172804,86018,0
265857,-1012,15388,4760,-64,41,-218,172928,86024,0
265997,-1048,15132,4748,-32,164,-188,172760,86104,0
266137,-1128,15144,4680,-192,268,-36,172805,86116,0
266277,-1164,15176,4576,-186,289,-75,172839,86080,0
266417,-1092,15352,4620,-235,54,-51,172880,86033,0
41967,2568,14884,4840,-84,-212,7,151721,69920,0
42107,2736,15056,5040,-66,97,-39,151807,69875,0
42249,2764,15120,5064,-204,67,-105,151887,69950,0
42389,2776,14980,5088,-266,216,149,151821,69996,0
42529,2528,14676,4980,86,486,343,151798,70008,0
42669,3072,16044,5480,789,1322,524,151825,69982,0
42809,4340,13896,5052,3266,6757,4082,151703,69941,0
42951,6324,15944,3948,1424,12548,6547,151588,69909,0
43091,5336,15284,4776,-4354,6477,4352,151489,69875,0
43231,5180,13260,5192,-4132,4545,2249,151797,70151,0
43371,1940,15520,5804,-2025,1716,-513,152348,70168,0
43511,1856,12064,6148,3714,5117,-1634,152833,70332,0
43653,328,15424,7552,7854,1970,-6894,153300,70343,0
43793,-536,14964,7120,4648,-3499,-6946,152964,70234,0
43933,2028,15024,6516,4220,4655,-3109,152243,70224,0
44073,1272,16504,3424,-3791,5322,6234,151968,70143,0
44213,864,16404,828,-1785,6656,7580,152488,70292,0
44355,2480,16860,3292,-412,5874,6442,152680,70277,0
44495,3372,15124,3736,-2428,1983,4303,152717,70323,0
44635,5168,13780,4180,-3431,-168,2820,152619,70398,0
44775,3728,14860,5348,-2104,567,-462,152770,70440,0
44915,1764,14268,4788,-1150,-1489,-2881,153243,70579,0
45057,1736,14904,4932,483,-4681,-7860,153395,70521,0
45197,768,16296,6732,2980,-4595,-8868,153685,70615,0
45337,508,14208,5748,1080,-6956,-7913,153476,70698,0
45477,2344,14184,5120,465,-10834,-3810,152811,70424,0
45617,996,14972,5736,-2399,-24,3708,152990,70495,0
45759,2272,16788,6580,-4663,-721,6654,152631,70418,0
45899,1852,14312,6828,-4406,2056,6507,152945,70485,0
46039,2704,13760,7356,-4616,-1673,2618,152913,70551,0
46179,4128,13028,8156,-3321,-3104,-2420,152887,70581,0
46319,5056,10968,9112,-2038,-3313,-3189,152536,70501,0
46459,2632,12216,8540,-2796,-4860,-5718,152924,70540,0
46601,2240,13096,8688,-1818,-8702,-9052,153279,70672,0
46741,1788,13440,8688,-1502,-11202,-10344,153548,70808,0
46881,4216,11940,8644,-3551,-12507,-7341,153577,70830,0
47021,5220,11432,8620,-1305,-8279,-3269,153239,70694,0
47161,5772,12496,9976,-2071,-2506,-1349,153407,70645,0
47303,7948,11144,10328,-7188,-4733,2268,153037,70619,0
47443,7732,9856,10100,-7318,-5167,2536,153125,70657,0
47583,6776,7356,9572,-5653,-1901,754,153278,70760,0
47723,7080,8804,9700,-3321,-3364,-5329,153398,70694,0
47863,6060,9036,8440,-1116,-5726,-10225,153545,70773,0
48005,6616,11688,8324,388,-9178,-13694,153744,70775,0
48145,9804,11988,8500,1500,-9425,-11024,153408,70713,0
48285,8068,11688,7616,1429,423,-3277,153747,70943,0
48425,6996,13576,7816,2375,281,-506,153930,70912,0
48565,7444,12652,7796,1206,2237,2318,153873,70889,0
48707,8376,12304,7192,-1734,4592,7865,153773,70779,0
48847,9160,13408,7056,-2577,4353,9797,153740,70818,0
48987,9024,9260,7880,-263,6724,10907,153966,70965,0
49127,8760,8408,8928,458,7266,7953,154020,70966,0
49267,7736,6596,9216,4661,3411,4529,154201,70986,0
49409,6372,9332,9052,5233,5546,-204,154534,71051,0
49549,7492,10440,9968,5321,-43,-4797,154600,70988,0
49689,6744,10556,9692,8503,8258,-3412,154320,71015,0
49829,6504,13264,8432,6970,7709,2267,153951,70975,0
49969,6364,14216,7504,3245,11400,9346,153839,70943,0
50109,8476,14512,6704,-1073,11515,14167,153401,70770,0
50251,7956,13608,10184,-7943,13117,16144,152865,70742,0
50391,7180,4732,10572,-7116,8791,17353,153099,70844,0
50531,6420,1152,11732,-1983,5003,14591,153311,70910,0
50671,7676,288,13004,3304,1207,12609,153452,70913,0
50811,7672,1432,13388,1157,975,12733,153370,70834,0
50953,4656,1132,11604,3764,-133,7219,153674,70924,0
51093,4324,3732,12496,9344,-3956,-2141,154465,71043,0
51233,6496,8284,13580,11626,-2292,-11534,154841,71276,0
51373,6444,9720,11352,8077,590,-7999,154572,71079,0
51513,5728,11840,9532,7965,1187,-5982,154421,71072,0
51655,4128,14368,7972,8206,-207,-5249,154568,71067,0
51795,5572,14360,6816,5175,2769,-951,154083,70958,0
51935,6500,15736,6140,2088,8264,2508,153618,70954,0
52075,5540,13584,4340,-3490,2772,7010,153466,70856,0
52215,5756,15140,4724,-5687,2914,4806,153721,70958,0
52357,5124,14676,6048,-6290,-5137,781,154008,70986,0
52497,5300,12080,7240,-2795,1266,661,154147,71023,0
52637,4904,11992,8692,-92,-2084,-4135,154288,71132,0
52777,4056,11844,6580,2948,-4990,-9153,154203,71050,0
52917,4944,14436,6648,4453,-7351,-9605,154044,71002,0
53059,4308,16532,5000,3319,-7696,-8892,154047,70970,0
53199,4256,14940,3852,962,-7071,-5546,153872,70890,0
53339,2896,17628,3784,-3982,-4031,1391,153850,71001,0
53479,3748,15356,4124,-7386,-6784,6098,153957,70978,0
53619,5952,13048,6584,-5360,-2564,4586,154013,71015,0
53761,4384,13644,6880,-5437,-1488,-479,154558,71157,0
53901,3780,12012,8112,-5928,-9488,-6298,154633,71128,0
54041,3696,13484,8908,-2473,-6624,-9474,154482,71180,0
54181,3152,12200,7132,581,-4726,-10126,154647,71196,0
54321,4144,14724,7144,897,-13157,-9768,154491,71057,0
54463,5072,13288,6916,187,-5863,-3837,154141,70981,0
54603,4388,14036,7304,-1583,-4563,1207,154126,71034,0
54743,4684,14300,8592,-7429,-6970,3927,154459,71172,0
54883,6648,11048,9232,-10819,-10192,2310,154082,71025,0
55023,8084,8956,10092,-7993,356,1205,153905,70923,0
55165,7288,7720,10364,-7444,1485,-156,153667,70910,0
55305,6584,6732,11388,-5158,-3143,-2764,153472,70918,0
55445,7648,6036,12636,-4778,629,-2636,153552,71020,0
55585,6284,4956,14112,-4415,2908,-1205,153228,70861,0
55725,4648,2608,13000,-3054,1465,124,153249,70826,0
55867,3332,2820,11272,1902,-2141,-2000,153331,70895,0
56007,5136,5468,12760,7510,-3147,-4681,153547,70982,0
56147,7392,8604,11920,8297,-3117,-8322,153632,71037,0
56287,10212,10368,11824,4982,2160,-1713,153280,70878,0
56427,7568,10424,12032,-1941,-72,3533,152876,70726,0
56569,5864,8380,10740,-3140,2971,6165,153048,70836,0
56709,6020,9184,11720,-1683,1046,2192,153217,70876,0
56849,6316,7196,11956,-337,2168,3392,153414,70983,0
56989,6348,7340,11936,-348,2484,3065,153229,70852,0
57129,6180,7152,12736,1244,2289,4337,153330,70884,0
57271,5928,6416,11932,3555,3558,7085,153452,70895,0
57411,6788,7484,13140,4262,5032,8582,153527,70884,0
57551,6404,7040,11632,3938,4298,10142,153182,70968,0
57691,7412,6828,11160,4003,3744,9030,153355,70919,0
57831,8972,6896,12392,4536,3911,7687,153393,70941,0
57973,8604,4068,11336,2568,2754,10115,153500,70864,0
58113,11264,4636,12156,3364,4180,11448,153489,70940,0
58253,9944,5232,11448,3210,7372,13230,153379,71014,0
58393,8480,6320,10964,3135,3602,7375,153571,71034,0
58533,6360,7152,10588,4515,1190,2884,154132,71122,0
58673,2968,8424,11328,6400,100,-3335,154684,71204,0
58815,5972,12552,10452,10563,-323,-9945,154640,71142,0
58955,6200,11884,9524,10168,992,-6646,154309,71199,0
59095,1388,13840,7856,7063,-885,-8645,154603,71229,0
59235,3256,16760,5972,5880,-2297,-4363,153503,70918,0
59375,2712,15152,5036,1557,-25,783,153482,70847,0
59517,2284,15636,4516,-953,-412,2143,153591,70938,0
59657,3208,14964,4332,-2210,2969,3792,153805,71017,0
59797,4864,17200,3392,-849,5163,1885,153938,71111,0
59937,3816,15060,3108,-3800,-805,5777,154522,71152,0
60077,5376,13924,5072,-3217,-759,4246,154691,71213,0
60219,5472,13856,5820,-1175,-1780,272,155004,71260,0
60359,5016,13532,5708,-111,-1219,-1324,154931,71281,0
60499,4176,14528,4648,-163,-4507,-4714,155085,71471,0
60639,3940,15016,4844,1048,-3779,-6727,155171,71379,0
60779,4452,15756,5936,-436,-4405,-4899,155105,71383,0
60921,2864,14060,5212,-943,-4868,-4250,155146,71365,0
61061,3320,15344,5492,-62,-5214,-4529,155419,71424,0
61201,3396,14932,5300,-49,-2686,-1637,155297,71504,0
61341,2880,14928,4784,-933,-3222,-287,155274,71428,0
61481,2116,15064,4524,-1398,-1966,1084,155320,71455,0
61623,3856,15976,4832,-3437,-1296,3708,155198,71375,0
61763,4804,14628,5500,-1642,-368,1749,155258,71402,0
61903,4628,13680,5664,-1846,-1007,762,155269,71483,0
62043,4280,14608,6224,-2668,-4844,-3309,155301,71466,0
62183,4216,12872,6100,-4129,-7781,-3847,155371,71478,0
62325,3976,14068,6744,-2298,-7227,-6282,155439,71413,0
62465,3904,12960,6568,-661,-6267,-5829,155656,71459,0
62605,3392,15036,7356,125,-5429,-5654,155569,71570,0
62745,2644,13332,6536,-418,-4245,-3565,155710,71594,0
62885,3772,14488,6376,515,-2255,-2966,155580,71511,0
63025,3812,14448,6172,-710,-444,117,155455,71415,0
63167,4380,14420,6676,-2377,-2594,2274,155470,71412,0
63307,4960,14512,7732,-5889,-4226,3185,155563,71528,0
63447,6740,12664,7780,-8247,-7175,1386,155617,71576,0
63587,7924,10228,8264,-7691,-7013,-354,155335,71428,0
63727,8876,9444,8332,-6641,-3783,-1103,155254,71386,0
63869,8508,9884,8952,-5689,-4791,-4381,155306,71456,0
64009,7704,7872,8664,-2698,-2498,-5603,155427,71523,0
64149,7872,10472,8240,-1547,-5189,-8981,155504,71591,0
64289,8424,11316,8752,1365,-4251,-10706,155517,71554,0
64429,6396,12964,7748,3263,-2188,-8249,155676,71495,0
64571,6088,12828,7380,1954,-4551,-4662,156116,71623,0
64711,5104,15228,6944,1990,1056,-1284,156235,71658,0
64851,4344,14336,6036,126,724,1060,156364,71776,0
64991,5376,14652,6080,-1993,1814,4591,156252,71650,0
65131,8652,13572,6328,-6379,-3245,11207,155996,71611,0
65273,10504,11064,7548,-5990,2992,11336,155805,71601,0
65413,9432,6416,8240,-2444,951,7101,155871,71586,0
65553,11216,5520,8952,-1206,597,3674,155620,71641,0
65693,11088,5236,9428,-1065,1335,943,155639,71529,0
65833,9552,4356,8096,3696,1466,-3212,155595,71557,0
65975,10020,7536,8960,7426,732,-8100,155655,71612,0
66115,10648,10732,7336,6505,4640,-7258,155891,71667,0
66255,6788,13908,7876,6185,1417,-6968,156539,71890,0
66395,5676,14064,5832,5015,7922,-3120,156477,71735,0
66535,6044,16052,5108,2790,9242,4417,156121,71688,0
66677,7756,15312,4828,-2456,12187,15157,155592,71547,0
66817,8236,12412,6592,-831,15444,16936,154663,71350,0
66957,8596,9484,8484,-914,10080,17985,154499,71487,0
67097,10196,6420,10580,1770,9918,13306,154333,71381,0
67237,7772,4880,10932,2419,4563,11228,154453,71377,0
67379,8404,4116,11636,3603,2473,9240,154641,71364,0
67519,9680,3868,12020,4461,1124,6179,154579,71369,0
67659,9324,4484,10992,4571,-1072,4262,154581,71479,0
67799,8624,6156,9308,9040,8808,1790,154627,71442,0
67939,4404,11236,9896,10205,1403,-2641,154764,71478,0
68081,3756,11940,10548,9559,-2144,-7958,154693,71332,0
68221,4656,14604,8904,8689,-1453,-8889,154504,71347,0
68361,3680,16172,6996,5255,-4040,-5452,154250,71373,0
68501,2252,14916,5288,338,-214,310,154710,71455,0
68641,2868,14772,5568,1199,3832,1654,155135,71524,0
68781,2608,16180,6240,-2768,3702,4430,155304,71526,0
68923,4476,15688,6080,-5669,2499,8990,155757,71646,0
69063,5660,13804,5520,-5038,690,9483,155816,71733,0
69203,7284,11184,6604,-2519,1441,9887,155770,71756,0
69343,9376,10860,7452,-849,1528,4209,155879,71729,0
69483,8632,9376,7376,170,-2259,-606,155626,71568,0
69625,9780,9088,8288,444,338,-2822,155831,71657,0
69765,8124,10100,7396,353,-3251,-6140,155862,71774,0
69905,7764,11772,6200,2171,-2092,-7943,156193,71920,0
70045,5856,14884,5132,4262,-1704,-10600,156542,71900,0
70185,4180,16604,5632,2748,78,-6630,156605,71919,0
70327,2744,14716,5300,2226,-752,-3661,156535,71870,0
70467,932,15560,4768,1393,-1532,-4402,156906,71972,0
70607,1728,16772,3984,70,-2517,-1711,156740,72038,0
70747,2460,15036,3992,-1728,-699,2430,156576,71878,0
70887,2156,15516,3788,-2889,-529,4501,156642,71945,0
71029,3164,16272,5084,-7066,-36,10148,156514,71879,0
71169,6744,13604,5580,-6237,769,8020,156363,71844,0
71309,6744,11676,6864,-2730,-739,2694,156213,71975,0
71449,7048,10464,7032,-2283,-1502,646,156326,71967,0
71589,8956,11388,7212,-3214,-3230,-5107,156650,72039,0
71731,7692,10900,7424,-3683,-6077,-6669,156761,71957,0
71871,5912,13008,8208,-4590,-3498,-7431,156854,72053,0
72011,5352,12872,7588,-7566,-10005,-11012,156937,72162,0
72151,5852,12828,8472,-5448,-10786,-12043,157096,72156,0
72291,6200,10384,8380,-2413,-11510,-9070,157126,72099,0
72433,5500,12500,8296,1214,-3449,-7006,156855,72004,0
72573,5448,13740,8204,-1632,-3964,-1297,157119,72053,0
72713,6512,12608,8964,-5188,-4942,3656,157055,72130,0
72853,7368,11152,9048,-8349,-3493,4657,157040,72132,0
72993,8536,9564,9788,-10480,-3531,3390,156803,72040,0
73133,9148,6880,9824,-9181,-3733,-975,156494,71945,0
73275,8932,4456,8572,-5682,-5138,-7205,156831,72015,0
73415,10740,5444,8316,-4412,-4872,-9509,156656,72024,0
73555,11420,7236,9020,-338,-4853,-10524,156172,71995,0
73695,9260,8980,8464,-709,-4803,-7736,156512,72002,0
73835,9860,9932,8184,-639,-5735,-7664,156787,72013,0
73977,8012,11080,7332,1011,-2860,-8261,157072,72093,0
74117,6768,13044,7580,2262,-547,-6236,156889,72045,0
74257,8568,12720,7848,1546,1180,822,156598,72019,0
74397,8440,11676,6552,-880,3485,4238,156821,72049,0
74537,8992,12676,5628,-1142,2214,6546,156806,71976,0
74679,9356,11128,6224,-205,3421,8135,156755,71983,0
74819,12124,10708,6612,285,-641,6342,156537,71909,0
74959,10860,7540,7264,2140,3765,9974,156678,72030,0
75099,11964,6904,7852,588,2745,6922,156802,71979,0
75239,11816,6368,8796,1191,163,2645,156665,71968,0
75381,10120,4992,8212,2258,2102,-1672,157097,72064,0
75521,10408,7560,7424,901,888,-6694,157053,72040,0
75661,10604,8836,7100,1741,824,-7124,156885,72142,0
75801,10008,11056,8796,7402,4179,-7105,156202,71855,0
75941,9972,11164,8264,4463,5463,1741,155957,71869,0
76083,9984,13388,7568,4233,6442,6830,156091,71834,0
76223,9700,11224,5656,4077,7094,11415,156408,71923,0
76363,14644,14056,6852,1938,14531,20594,155122,71786,0
76503,9620,3364,9108,-1232,7167,23591,155021,71749,0
76643,10656,816,9724,5441,5832,18300,155279,71787,0
76785,10204,192,10248,8045,85,14364,155541,71749,0
76925,10672,-72,11624,4422,1487,8218,155871,71830,0
77065,8396,160,9556,4403,-3926,3388,155946,71942,0
77205,10892,3876,10112,9326,1081,-2027,156465,72100,0
77345,9752,5968,11484,7304,-2006,-6601,156976,72096,0
77487,11368,7616,10104,4892,-3028,-5415,157489,72186,0
77627,9016,9460,8144,8137,1954,-8395,157737,72253,0
77767,8440,13120,6584,7667,341,-10321,157924,72364,0
77907,4864,15508,5948,6438,-421,-9860,158157,72331,0
78047,3384,15716,5184,3816,-1322,-6417,158132,72317,0
78189,3604,15484,4164,64,-639,-253,157824,72174,0
78329,3700,15508,4068,-831,1679,3726,157799,72204,0
78469,4380,15464,3456,-1404,4685,7043,157718,72335,0
78609,4912,16856,2944,-1786,5286,7827,157619,72279,0
78749,4776,13296,3056,-498,3163,5541,157833,72336,0
78891,7396,14908,4464,-3003,-1566,2769,157791,72269,0
79031,8724,12640,5672,-2510,-2914,1765,157725,72222,0
79171,7240,12532,5520,-1247,-2002,-1961,157691,72334,0
79311,5444,12760,4572,-1789,-1233,-5924,157892,72354,0
79451,4904,15256,4416,-1055,-5014,-10926,158009,72387,0
79593,5300,15184,5196,790,-2369,-8870,157898,72299,0
79733,2784,14608,5848,1048,-4409,-8121,157696,72216,0
79873,1744,14536,5608,-612,-6538,-5326,157892,72432,0
80013,3104,15256,5548,-2139,-6464,1260,157843,72384,0
80153,3360,14936,5924,-4268,-5645,4242,157866,72372,0
80295,3456,14252,6572,-3284,-2195,6573,157681,72282,0
80435,5056,14172,7380,-3263,4888,9667,157566,72268,0
81039,6852,12764,8568,-4064,1676,5718,0,0,0
81427,8148,11628,7408,-1003,-7191,-12247,0,72499,0
81557,5732,12980,9456,149,81,-2165,158222,72520,0
81699,4524,13976,8184,-2197,-3524,169,158646,72573,0
81839,6980,13132,8732,-2329,-2627,5128,158389,72480,0
81979,6544,11892,9828,-5836,-7072,6695,158520,72652,0
82119,9960,10140,10100,-10394,-6583,6857,158273,72501,0
82259,11264,7104,7696,-12724,-5252,5602,158287,72466,0
82401,10924,4312,5756,-10862,-4909,810,158312,72431,0
82541,12004,4780,5248,-4378,-2913,-8783,158488,72446,0
82681,13504,5620,5800,-1634,-776,-14593,158427,72617,0
82821,14120,8960,4684,-464,-3638,-13607,158243,72491,0
82961,13480,10692,5160,443,-2581,-9651,157852,72405,0
83103,14040,11232,3904,19,-1205,-4167,157783,72294,0
83243,11144,13376,5628,-672,-1610,-89,157808,72265,0
83383,10836,11828,5008,-1827,5357,6673,157968,72467,0
83523,10292,12200,4988,-4171,3195,8106,157755,72394,0
83663,10720,9344,7700,-2253,3288,7709,157923,72424,0
83805,9860,5556,8768,-375,4010,4837,157651,72275,0
83945,8280,5300,7844,2237,426,-1806,158265,72429,0
84085,10904,8188,8052,5573,1638,-6510,158068,72506,0
84689,10668,10004,6588,4505,2274,-6685,0,0,0
84827,11980,9604,7728,-791,6531,13131,157269,72319,0
84967,13744,9304,8356,-2953,4162,13299,157018,72236,0
85107,10856,5908,7572,-787,6479,12117,157133,72213,0
85249,9164,3852,9256,-672,4907,7090,157273,72251,0
85389,9948,2220,11352,-973,1996,3519,157224,72240,0
85529,10412,1184,13976,-2292,5599,4981,156487,72177,0
85669,6472,-1244,12492,-1580,6149,6384,155875,72087,0
85809,6352,-1420,14148,861,2627,6525,156132,72164,0
85951,5496,-2172,13688,1350,551,4708,156549,72294,0
86091,7320,-1788,13628,4231,313,5579,156881,72400,0
86231,4756,-1900,14620,419,2280,8976,156766,72416,0
86371,5364,-3424,13252,-1080,-3860,10473,157009,72417,0
86511,6916,-5116,12108,3729,-12989,6957,157144,72394,0
86653,10220,-3580,11404,8695,-5331,6789,157373,72411,0
86793,12728,-3676,12604,7941,-3585,9548,157168,72382,0
86933,10528,-3788,9296,10346,2565,14709,156935,72363,0
87073,6756,2704,9180,13839,-1184,271,156995,72340,0
87213,10584,10036,10256,12934,-7801,-12187,158156,72558,0
87355,9028,11424,9540,9463,2809,-15520,158586,72648,0
87495,7016,15408,8872,7250,525,-13520,158874,72706,0
87635,4864,13372,6476,2976,298,-6285,158748,72697,0
87775,3568,14552,6232,3559,4142,-4152,158738,72632,0
87915,2740,14684,5728,-164,-299,631,158408,72573,0
88057,4076,15820,7148,-2348,2014,3690,158123,72507,0
88197,4732,14280,5640,-4550,-45,6487,158201,72534,0
88337,4776,15148,4788,-214,5799,7136,158357,72716,0
88477,6468,14568,6140,-1204,6,5670,158440,72605,0
88617,7064,12004,5536,-1536,-2786,4376,158487,72632,0
88759,7460,12332,6280,-1276,-981,-672,158695,72687,0
88899,7636,13000,6256,-649,-3085,-6049,158684,72648,0
89039,6096,14004,5484,406,-1992,-8027,158526,72805,0
89179,4524,14508,4948,-513,-5193,-8982,158696,72732,0
89319,4280,15152,5704,3269,-1743,-9365,158622,72701,0
89461,2740,15056,6100,1987,-2772,-7035,158744,72685,0
89601,2260,14332,5636,-947,-3427,-2376,158506,72611,0
89741,2864,15760,4972,-1731,-3166,-197,158494,72782,0
89881,2324,14992,4792,-1473,485,2980,158603,72766,0
90021,2736,14724,5256,-1080,2073,5028,158571,72739,0
90163,5000,17384,6052,-2471,3529,6296,158349,72645,0
90303,4488,13168,5500,-4472,-3004,4942,158573,72710,0
90443,5692,12464,7540,-4724,-1540,2155,158490,72809,0
90583,6144,14856,8396,-6908,-9101,-4182,158668,72837,0
90723,6676,10584,7628,-6223,-7670,-5248,158524,72765,0
90863,5960,11436,8524,-8987,-7727,-7403,159041,72865,0
91005,7536,11572,9432,-10690,-9597,-8883,159355,72928,0
91145,6968,8068,8104,-5404,-6305,-8899,159465,72983,0
91285,7136,10032,8860,1107,-3287,-9205,159406,73031,0
91425,6324,12140,9576,2316,-296,-6122,159327,72941,0
91565,6084,11004,8860,740,-3498,-3437,159118,72801,0
91707,6296,12644,8844,36,-1543,-335,159064,72823,0
91847,7608,13104,8324,-1252,327,3243,158503,72688,0
91987,9228,12624,7768,-770,591,5884,158299,72719,0
92127,7368,9964,7452,-302,585,8292,158458,72652,0
92267,8464,9912,8444,1123,1877,3564,158622,72705,0
92409,7784,10804,8732,2173,51,-1668,158557,72690,0
92549,6212,10368,7852,5263,6220,-5202,158640,72675,0
92689,6088,14672,7816,3586,3718,-7460,158899,72906,0
92829,3552,12800,7128,3461,4051,-6310,158744,72714,0
92969,1844,13888,5812,4294,7866,-2797,158488,72668,0
93111,3368,15488,4448,3419,4267,3723,158337,72593,0
93251,5704,14596,3672,2757,10198,8999,157998,72470,0
93391,4260,16636,3820,-879,7095,7087,158056,72645,0
93531,6608,14208,4360,-427,7783,9371,158000,72594,0
93671,6160,14268,4568,-147,9032,5727,158378,72680,0
93813,6052,14632,5084,-1247,4359,2418,158610,72651,0
93953,4472,13164,4904,946,1654,-441,158901,72747,0
94093,3016,15120,5376,3297,4046,-5704,158815,72840,0
94233,3112,13876,6684,1838,-1368,-4938,158790,72797,0
94373,1920,13916,7752,2963,792,-4646,158847,72783,0
94515,3296,13832,6536,2246,1894,-2669,158728,72680,0
94655,2952,14772,5072,168,4655,3669,158513,72613,0
94795,3916,15792,3576,-958,5724,6358,158571,72754,0
94935,3052,15088,3664,-666,3117,7426,158747,72808,0
95075,6036,15176,5076,-377,7851,4811,158765,72702,0
95215,6280,14796,5360,-3868,194,4189,158764,72625,0
95357,6536,13456,4996,-3498,1257,4498,158987,72710,0
95497,7104,11948,5996,-1984,-1402,1486,159058,72772,0
95637,4668,10892,6160,1428,4275,-1754,159274,72885,0
95777,5436,15704,6948,2744,-724,-4827,159307,72842,0
95917,3880,12540,6600,4172,-1463,-6577,159245,72758,0
96059,4876,14560,6864,4313,-3871,-7338,159287,72762,0
96199,3516,14796,6348,1709,-1094,-4260,159282,72761,0
96339,3656,14636,5216,-300,-3472,-1353,159039,72821,0
96479,3580,15716,4904,-1359,-887,1956,159106,72743,0
96619,3964,15320,4204,-1539,293,5462,158950,72734,0
96761,4284,16744,4288,-1594,5805,7382,159249,72828,0
96901,4252,15016,3976,-1841,-1775,5031,159049,72730,0
97041,6392,12984,4608,-263,-1587,3585,159216,72937,0
97181,5164,13500,4708,-1657,-1276,-605,159301,72878,0
97321,6172,14868,5040,459,-3172,-6127,159326,72886,0
97463,4660,14664,4276,1027,1237,-6923,159225,72825,0
97603,2972,14576,3436,-461,-5169,-6642,159482,72915,0
97743,2604,17144,4748,1471,-2062,-6317,159468,72996,0
97883,2244,13652,4860,1301,24,-3855,159519,72969,0
98023,1836,15876,5216,-605,-1964,-2443,159446,72937,0
98165,2912,14336,4704,-1318,-1551,2136,159290,72868,0
98305,1864,15652,4548,-2231,-454,5015,159496,72882,0
98445,2484,15168,3764,-1372,726,5393,159444,72944,0
98585,3664,16568,3952,767,4834,3784,159426,73017,0
98725,4248,13924,3788,972,-67,1950,159420,72909,0
98865,4612,15356,4344,-1380,638,2226,159551,72912,0
99007,5888,13420,4440,-105,-1558,410,159470,72898,0
99147,4568,14496,4084,-418,-686,-378,159526,72951,0
99287,4068,15220,3420,582,-1273,-3645,159581,73058,0
99427,2736,15884,3400,673,-2763,-5816,159681,72997,0
99567,2856,15556,3704,770,-2086,-6602,159578,72961,0
99709,3276,15456,4152,-447,-1755,-4124,159537,72948,0
99849,3220,13852,4184,766,2112,116,159445,72864,0
99989,3044,15656,4548,-990,8917,5356,159469,72979,0
100129,2588,16100,5440,-3690,6938,7256,159315,72930,0
100269,2216,15516,6124,-4182,603,6622,159462,72963,0
100411,3764,13628,5756,-2403,2675,5063,159613,72891,0
100551,4820,17020,5172,1114,-209,1375,159655,72927,0
100691,2780,11052,4612,-819,3299,3900,159575,73009,0
100831,4468,15076,5628,2108,-4570,-2591,159583,73015,0
100971,7596,16784,5188,4185,489,-6606,159424,72961,0
101111,5452,14568,4040,1082,-11151,-7460,159368,72927,0
101253,4540,14868,3956,1754,-2245,-7646,159467,72960,0
101393,4652,16356,4144,618,-5562,-6200,159376,72982,0
101533,3520,13876,4904,-455,2385,3002,159293,73035,0
101673,2116,16568,4916,-4160,8554,6781,159510,73042,0
101813,2812,15788,5784,-7127,726,8711,159536,73002,0
101955,4544,13048,6768,-3549,1691,6080,159586,73014,0
102095,4908,12796,7648,-2320,2312,4169,159789,73033,0
102235,4636,13244,7132,-2077,-870,2996,159736,73153,0
102375,5160,11344,6644,1149,-3806,-1443,159629,73034,0
102515,5304,12140,6696,2879,-591,-1638,159697,73084,0
102657,6804,12784,5860,4182,-2279,-4412,159812,73076,0
102797,7132,14092,5112,4123,-2678,-5833,159839,73076,0
102937,5600,16104,4248,2741,-1114,-7074,159711,73170,0
103077,4600,15196,3292,1122,-5639,-5020,159779,73161,0
103217,5060,15784,3752,891,1625,-2406,159795,73155,0
103359,5672,14896,3892,990,2801,-936,159714,73062,0
103499,4260,16012,3652,-2279,6017,4345,159772,73052,0
103639,3460,16996,3428,-4388,3984,6312,159840,73160,0
103779,3860,14292,3988,-4649,-1680,6728,159955,73223,0
103919,5824,15584,6696,-3112,-59,4837,159927,73114,0
104059,4904,11036,6440,-2962,606,5267,160044,73102,0
104201,5420,12376,6260,-27,1361,-386,160236,73211,0
104341,4452,12860,5904,1787,745,-4020,160076,73162,0
104481,3928,15516,4836,2128,-314,-4792,160144,73272,0
104621,5816,15376,3944,2647,-1942,-6843,159961,73169,0
104761,4552,15472,3344,4375,-3637,-8397,160041,73194,0
104903,4124,15552,3520,2620,-3605,-6073,160191,73222,0
105043,3224,16516,3536,-969,-2807,-2336,160163,73170,0
105183,3788,16092,3592,-1819,-3757,1952,159999,73285,0
105323,3312,14244,4332,-697,2629,2363,160054,73246,0
105463,1184,15640,3716,-3958,1433,6404,160184,73283,0
105605,4856,14404,5060,-3195,1057,9319,160136,73181,0
105745,4420,14340,5048,-1327,900,1652,160174,73228,0
105885,5316,13292,5108,-1074,-2751,996,160186,73301,0
106025,6444,15324,5440,1908,121,-2269,160267,73321,0
106165,4968,14116,4628,356,109,-2262,160358,73284,0
106305,4920,14684,4072,502,-1200,-5928,160244,73252,0
106447,4968,16136,3712,1409,-604,-5662,160370,73243,0
106587,4300,16984,3328,234,-2110,-3498,160221,73311,0
106727,3784,13432,3228,657,-426,-2618,160272,73351,0
106867,2140,16916,3280,-1121,-2502,-2361,160326,73310,0
107007,2988,14284,3620,66,229,-565,160388,73246,0
107149,2004,15932,4140,-957,1666,1880,160453,73304,0
107289,2628,14184,4588,-2453,-211,4225,160402,73264,0
107429,4504,15340,5300,667,2444,2814,160259,73366,0
107569,3384,15340,4576,-2101,1648,6038,160512,73312,0
107709,4604,15964,4548,519,3546,4482,160686,73329,0
107851,2532,13428,3344,818,1950,1511,160653,73298,0
107991,4276,16480,4328,2104,2536,1182,160885,73333,0
108131,4368,15700,4464,2581,2381,-5423,160751,73427,0
108271,4424,14936,3552,1873,-3210,-7071,160723,73372,0
108411,3508,15008,3440,342,-5853,-5860,160663,73384,0
108553,4080,17304,4232,-746,-2955,-3571,160599,73290,0
108693,3296,13292,4020,-1158,-1255,1313,160801,73373,0
108833,2968,15496,3808,-624,1672,1465,160707,73439,0
108973,3068,14576,4548,-1033,4546,4147,160749,73432,0
109113,3600,18148,6060,-1762,3172,6147,160710,73385,0
109255,2932,13476,5372,-1275,6833,5799,160749,73358,0
109395,2356,15528,5152,-1755,231,3189,160961,73373,0
109535,3264,14396,4812,405,809,1524,160851,73460,0
109675,3928,14108,4844,427,-1215,-1051,161068,73537,0
109815,4604,13908,4752,2536,17,-3107,160938,73428,0
109955,4480,15352,3964,2441,-312,-3964,160949,73388,0
110097,4112,16880,3540,1290,-1267,-4808,160980,73466,0
110237,4308,15568,3448,1665,-5498,-5861,160930,73454,0
110377,3252,14956,3860,170,-2744,-3090,160914,73521,0
110517,3176,17040,3860,-808,-1931,-3241,160776,73432,0
110657,3312,14224,4220,-839,4466,2408,160862,73440,0
110799,3620,14524,4176,-2404,5323,5345,160988,73452,0
110939,3136,17124,5504,-2654,5639,6286,160965,73431,0
111079,1884,14372,5224,-3273,3916,5880,160894,73536,0
111219,3908,13852,5608,-860,1727,2833,160966,73432,0
111359,2856,14416,6088,669,1747,574,160977,73461,0
111501,2448,15012,5716,257,-1486,-796,161101,73502,0
111641,2640,14608,4508,576,-2370,-2044,160971,73450,0
111781,3676,15424,3884,2138,-3794,-5819,160902,73592,0
111921,4312,16876,3888,2661,-2616,-6795,160898,73469,0
112061,3188,15172,3304,1949,-8438,-4610,160870,73455,0
112203,2768,14836,3912,884,434,-2163,160891,73425,0
112343,2128,17040,3460,-3629,-7067,137,160928,73419,0
112483,3316,14036,3968,-681,2965,1885,160922,73565,0
112623,2392,15756,4400,-1811,2280,2791,160916,73480,0
112763,1260,16256,4136,-2765,3310,5303,160965,73501,0
112905,2384,15684,4668,-1111,-682,3136,160938,73432,0
113045,2876,13668,5340,-69,633,1147,161138,73468,0
113185,3652,14684,5868,631,536,-34,161112,73546,0
113325,3472,14720,5040,-100,-641,-1519,161126,73492,0
113465,2892,15012,4212,-724,-2981,-3142,161107,73502,0
113607,3032,15096,4020,944,-2559,-3699,161093,73447,0
113747,2912,15304,4044,1233,-2688,-3799,161132,73453,0
113887,2964,17028,3816,1173,-1584,-4759,161032,73551,0
114027,2568,14588,3988,1102,718,-1279,161009,73471,0
114167,1060,16796,3328,-1594,1158,956,160975,73496,0
114309,2012,14936,3496,-256,2378,2438,160984,73438,0
114449,1600,15260,3408,-3,2514,2191,161134,73461,0
114589,2928,15224,3804,-111,3829,2077,160993,73500,0
114729,3172,15624,4224,-952,5431,2008,160818,73449,0
114869,2884,16200,4228,-3024,2622,4867,160892,73430,0
115011,3092,14244,3988,-3077,1794,5016,160970,73403,0
115151,1832,13856,3916,-759,-2896,573,161081,73399,0
115291,2308,15160,4884,567,3022,357,161140,73518,0
115431,3500,13956,5800,1221,-3990,-3976,160996,73450,0
115571,4320,14848,5880,2362,-747,-5974,160974,73445,0
115713,3412,15204,5016,1643,-3781,-5566,160976,73363,0
115853,3300,15016,5004,921,-2716,-2302,161048,73408,0
115993,2304,16688,5000,411,1365,-375,160853,73487,0
116133,3736,13196,4112,-1954,2685,3879,160898,73445,0
116273,4360,17012,4520,-2197,3294,5258,160800,73410,0
116415,3724,15400,3524,-3513,2870,9535,160995,73381,0
116555,1432,15096,3736,1865,1730,-911,161029,73450,0
116695,3140,14776,4384,3804,1193,-6826,161082,73555,0
116835,4244,17268,4168,2522,-6379,-9877,160931,73488,0
116975,4496,13652,4212,1432,-4906,-4891,160818,73391,0
117117,804,14356,4900,-1768,1635,1152,160778,73388,0
117257,4168,16808,5712,-199,6441,2876,160900,73374,0
117397,2640,15548,5676,-4072,2189,6694,160892,73473,0
117537,4180,15324,5376,-3252,-255,6965,160903,73506,0
117677,3404,13840,5432,-1793,2227,5617,160914,73428,0
117817,4124,14240,5548,-71,1149,2620,160998,73409,0
117959,4756,14072,6304,589,279,387,161094,73450,0
118099,5784,13520,6232,324,-173,-247,160946,73446,0
118239,5744,14172,5608,199,-28,-515,160788,73492,0
118379,5668,14360,5000,-451,1080,866,160832,73425,0
118519,4504,15356,4204,212,-2100,-585,160834,73392,0
118661,3784,13464,2428,4440,1561,-5584,161087,73512,0
118801,3972,16740,3864,5507,-1660,-11846,160986,73504,0
118941,5296,16168,4812,34,-7335,-5274,160860,73507,0
119081,5272,16624,4624,-1644,-2706,418,160732,73446,0
119221,3672,14964,4060,-3264,352,5550,160882,73480,0
119363,2736,16228,3996,-3092,660,4142,160870,73494,0
119503,2772,14608,4768,-3239,2419,5137,161052,73493,0
119643,3976,16128,5028,-4238,-5030,2201,161122,73622,0
119783,3960,13128,5052,1107,2642,-142,161109,73505,0
119923,3328,13732,5364,891,-2327,-3053,161103,73528,0
120065,3848,15180,5080,3264,-832,-4983,161168,73551,0
120205,2788,15284,4752,2568,-2448,-7988,161208,73516,0
120345,3340,15700,4216,262,-5738,-5905,161148,73643,0
120485,2876,14976,4052,-539,-2514,-605,160960,73544,0
120625,1132,15736,3692,-1385,1134,2123,161118,73582,0
120767,1916,16512,3272,-667,3357,2958,161140,73536,0
120907,1664,15936,3108,-1439,1535,3748,161321,73573,0
121047,3140,15232,3764,-2321,-2004,4897,161059,73636,0
121187,3688,15280,4072,-1376,-1061,1646,161179,73649,0
121327,3508,15328,4748,1489,3375,-778,161179,73615,0
121467,3024,14252,4120,469,1893,-481,161318,73595,0
121609,2896,13812,4088,2492,254,-2762,161314,73559,0
121749,2588,15748,4812,3785,883,-5615,161264,73648,0
121889,3116,15216,4800,2861,285,-5545,161243,73695,0
122029,2284,15916,5156,-408,3837,856,161143,73592,0
122169,2696,16900,3876,-4361,911,7999,160992,73518,0
122311,2152,16004,3396,-6066,3819,11669,161272,73660,0
122451,3524,12748,3300,-690,2036,3667,161358,73650,0
122591,3996,15168,4240,3401,4380,-5664,161547,73757,0
122731,4192,15464,4152,2513,-4662,-6282,161219,73593,0
122871,3004,16424,3956,1139,-7749,-4746,161176,73619,0
123013,3672,15280,3808,570,-5518,-6806,161293,73632,0
123153,4100,18368,4300,93,-1300,-5422,161268,73601,0
123293,3832,13336,4320,-561,4735,2840,161111,73671,0
123433,3080,15536,4624,-2716,2222,4868,161079,73630,0
123573,2632,14212,4004,-2975,4795,6749,161262,73665,0
123715,3768,17768,5740,-552,6015,5265,161177,73567,0
123855,3712,13104,6532,-1790,5924,6898,161216,73574,0
123995,4224,14440,6656,-1029,894,3228,161209,73694,0
124135,3476,13060,5776,-1147,699,1529,161413,73704,0
124275,3648,13580,5140,1474,-2974,-3369,161450,73704,0
124417,2856,14744,4816,3664,408,-5395,161285,73642,0
124557,5568,15420,4128,3755,244,-8405,161377,73650,0
124697,3420,19064,3732,3289,-5593,-6773,161242,73719,0
124837,2692,14140,3540,2013,-158,-2579,161311,73738,0
124977,3900,15336,3952,-1505,-1466,-568,161290,73663,0
125117,3372,16816,3836,-2924,-2855,3962,161101,73614,0
125259,2596,14844,3716,-2333,5237,6731,161368,73644,0
125399,1156,16232,3504,-4101,96,4956,161368,73715,0
125539,-1556,15576,1868,-1493,-600,279,161620,73813,0
125679,1328,17028,3904,2750,-2541,-4903,161459,73714,0
125819,2136,14748,4780,3258,-2361,-7442,161466,73651,0
125961,2552,15452,4476,1921,-6410,-7019,161534,73727,0
126101,2316,16232,4852,275,-3093,-2096,161411,73673,0
126241,2888,14532,3524,-1384,-2341,1987,161297,73781,0
126381,952,16728,3732,-1936,-578,5235,161339,73674,0
126521,912,15520,3224,-1550,3508,6354,161385,73692,0
126663,2328,16740,3296,-1000,4488,2750,161451,73697,0
126803,2264,14440,3012,-625,1535,1523,161367,73629,0
126943,2980,15700,3888,-1490,384,1845,161473,73794,0
127083,3520,13288,4192,84,-3177,486,161373,73697,0
127223,2952,14520,4996,1026,620,-758,161525,73745,0
127365,2700,14976,4480,231,-661,-1055,161325,73658,0
127505,2312,17032,3408,324,-74,-3608,161460,73715,0
127645,2788,14948,3576,-294,-4566,-3600,161437,73788,0
127785,2804,15524,4208,-788,-4262,-4211,161452,73764,0
127925,3296,16880,4776,499,1931,-1520,161303,73703,0
128067,2732,12672,4384,706,7751,3365,161282,73680,0
128207,2564,18856,4868,-1970,8719,1753,161438,73681,0
128347,3772,14384,4992,-3914,-3132,8711,161383,73714,0
128487,3284,14284,6368,-1208,2642,5169,161231,73736,0
128627,3956,13292,5968,-697,2666,3721,161372,73688,0
128767,3688,15852,6112,552,3353,1698,161336,73626,0
128909,1672,14124,5160,53,3049,2848,161487,73749,0
129049,3276,12884,4592,1025,-2001,-1517,161590,73778,0
129189,5460,14920,5076,4306,-1049,-6512,161457,73787,0
129329,5004,14540,5128,1731,-4983,-5260,161371,73695,0
129469,5228,16352,4640,461,-4212,-4539,161227,73682,0
129611,4372,14156,4424,-322,-3248,-1885,161389,73747,0
129751,3776,15080,4516,-1322,-2223,-2143,161398,73712,0
129891,3712,15672,4888,-2426,-1025,1177,161415,73825,0
130031,3840,15716,6092,-5339,1218,6714,161181,73721,0
130171,5880,15220,6296,-12075,20706,16381,159236,73371,0
130313,3912,9784,9800,-12332,9545,11708,158219,73098,0
130453,3372,4792,13788,-7803,5018,9345,158286,73080,0
130593,3024,1928,13868,-5517,1159,5572,158225,73203,0
130733,3828,1308,14292,-3114,-2470,3234,158291,73236,0
130873,4384,464,14028,633,-3902,986,158569,73243,0
131013,4836,676,14132,424,-1116,595,158680,73183,0
131155,3508,1144,12384,5500,-2090,-4344,158827,73222,0
131295,3812,5040,14752,9000,-1209,-7036,158651,73234,0
131435,4124,8008,11632,8004,-4026,-7876,158774,73298,0
131575,5036,13736,9592,7938,-8385,-9680,159018,73283,0
131715,5824,14920,7572,8188,-26,-7403,159032,73269,0
131857,3424,14172,5744,8553,1113,-7043,158991,73225,0
131997,3036,15984,5856,1189,-2371,-4048,158641,73069,0
132137,4392,14368,5412,-1932,-3015,535,158321,73157,0
132277,3348,14904,5928,-1362,4037,4080,158221,73062,0
132417,2340,15408,5336,-3831,-882,4585,158744,73222,0
132559,3508,14068,4932,-3598,-1122,4435,159512,73330,0
132699,3332,14420,5988,-3631,-760,2721,160264,73503,0
132839,4160,14180,7148,545,-1834,-1325,160253,73585,0
132979,4208,12732,6856,614,878,-1032,160404,73662,0
133119,4204,14196,6856,2094,177,-2430,160473,73603,0
133259,4056,12948,6008,2049,-8,-2694,160646,73589,0
133401,3020,15372,5628,1341,-3780,-3488,160769,73669,0
133541,2784,15164,4492,2198,-2029,-3493,160687,73676,0
133681,2268,14800,4516,2718,-1973,-3678,160710,73736,0
133821,2500,17316,4016,1136,2540,-2373,160847,73690,0
133961,3124,14152,3372,-1224,-1006,1990,160716,73634,0
134103,2216,16564,3872,-2283,2434,3628,160891,73718,0
134243,3280,15040,4280,-1560,1085,4011,160825,73593,0
134383,3276,14836,4544,-1508,3272,4188,160814,73783,0
134523,4216,15412,4920,-958,2223,3091,160747,73610,0
134663,5008,14412,5140,-1405,751,2843,160633,73596,0
134805,6052,12860,6380,-501,758,506,160685,73573,0
134945,6728,13600,6188,946,2177,-326,160515,73487,0
135085,4720,13640,4636,970,3837,1489,160708,73711,0
135225,4452,14952,4992,-1985,-1279,613,160742,73622,0
135365,4016,14336,4344,-2376,-3063,-1248,160852,73636,0
135507,4172,16996,4728,2167,-1909,-7370,161015,73668,0
135647,4008,13660,5728,4574,3711,-5464,161048,73601,0
135787,4668,15440,6408,947,-5800,-4904,160788,73713,0
135927,4472,13700,5924,-989,-2921,-301,160729,73596,0
136067,5000,14436,6092,-2344,-724,2068,160660,73552,0
136209,4160,15168,5840,-2650,2172,6491,160670,73540,0
136349,4068,14212,5312,-1232,3565,5249,160810,73516,0
136489,3984,15828,5792,39,2819,3738,160779,73707,0
136629,3740,11952,4412,-609,2425,3333,160816,73588,0
136769,4592,13820,5928,-347,1748,476,160964,73614,0
136911,5600,14096,5328,2620,-631,-2179,160805,73575,0
137051,5340,14312,5756,5467,3186,-3735,160861,73547,0
137191,4220,14936,5284,2682,-3579,-4123,161003,73721,0
137331,4268,15736,4208,-542,-10046,-6079,160929,73605,0
137471,4344,15568,4900,153,-4912,-5027,160815,73595,0
137613,3720,14712,4796,-229,3017,-268,160948,73606,0
137753,2808,13932,4468,-3568,2893,2761,160977,73550,0
137893,3756,13900,5556,-3431,1697,6347,161031,73728,0
138033,4476,15308,7188,-1760,3908,5880,160733,73531,0
138173,3880,14144,5632,-2554,5003,4622,161079,73634,0
138315,3780,13592,5604,72,-75,1186,161137,73624,0
138455,2596,14120,5792,1202,-1020,-1458,161121,73577,0
138595,3068,14668,5740,1349,-4363,-4987,161057,73721,0
138735,4768,14724,4580,-212,-10052,-5261,160906,73572,0
138875,5176,14844,4392,1901,-2379,-6160,160777,73557,0
139017,3432,16572,4676,2214,-834,-4929,160766,73543,0
139157,3172,14156,4240,389,1206,576,160781,73472,0
139297,3524,15936,4200,-423,3892,103,160764,73633,0
139437,3960,14868,4052,-2007,913,4096,160751,73540,0
139577,2980,15348,4576,-1660,2659,4119,160686,73537,0
139719,2912,15144,4700,-2635,2774,4255,160848,73592,0
139859,2712,14936,4912,-3731,-1143,3001,160974,73572,0
139999,3120,15576,5044,-7,63,-337,160971,73722,0
140139,2836,13248,4648,2108,-1360,-3338,161003,73622,0
140279,3428,15980,5740,4718,-156,-7517,161039,73649,0
140421,2860,15672,4980,1889,-4123,-5925,160923,73553,0
140561,3112,15180,4272,-673,-4848,-2851,160929,73535,0
140701,3716,15000,4120,-1050,-715,1276,160708,73620,0
140841,2352,16752,4240,-2467,2227,5253,160852,73631,0
140981,2108,15476,3772,-2587,1322,4664,160972,73673,0
141123,3536,14188,4128,-1260,1066,2421,161057,73632,0
141263,3216,13968,4784,318,-677,-1252,161038,73599,0
141403,3644,14784,5416,566,177,19,161037,73722,0
141543,2948,14996,4940,796,765,-683,161051,73750,0
141683,2996,14668,3736,2071,-405,-1826,161155,73692,0
141823,2828,17096,3408,1846,97,-5006,161100,73667,0
141965,3208,14952,3760,1576,-1517,-3934,161098,73695,0
142105,2280,16164,4020,-905,-1317,-1936,161115,73719,0
142245,3676,12904,3268,1184,4850,899,160919,73704,0
142385,1004,14560,3992,-358,5542,3846,161057,73668,0
142525,1840,16796,4720,-2574,2635,2988,161045,73672,0
142667,2540,14596,5232,-2248,896,4924,161093,73674,0
142807,2096,15348,5356,-2897,2180,3720,161258,73649,0
142947,2892,15672,4700,-2060,-2317,2851,161064,73801,0
143087,2276,14460,4500,507,898,-32,161224,73741,0
143227,3028,14456,4776,845,-333,-1504,161434,73787,0
143369,4324,14332,4832,3632,3089,-3306,161153,73647,0
143509,4160,14560,4980,2345,671,-757,161355,73738,0
143649,3304,15844,4776,1287,-1460,-4116,161277,73842,0
143789,4664,13940,4120,-855,-6578,-2996,161380,73875,0
143929,2584,15964,4048,-2469,-6683,-1943,161179,73760,0
144069,2828,14248,4336,636,-1842,-1955,161355,73740,0
144211,1976,15412,4992,618,6230,-100,161492,73816,0
144351,2596,15500,4444,-2057,2832,1752,161467,73830,0
144491,2036,13920,4964,-2820,922,3686,161404,73902,0
144631,2732,15056,5972,-586,3844,2620,161304,73784,0
144771,2860,14352,5324,-2319,982,3266,161479,73848,0
144913,3276,14912,5272,-846,239,2323,161382,73749,0
145053,3720,13780,5708,639,1155,-274,161487,73811,0
145193,4392,14404,6368,319,346,-341,161363,73863,0
145333,3988,14208,5628,-70,164,-770,161474,73881,0
145473,3816,14248,5804,346,-1009,-879,161535,73824,0
145613,2588,14896,5880,285,-4278,-2165,161641,73788,0
145755,3040,14428,5676,1187,86,-2453,161505,73840,0
145895,3468,15360,4616,2292,-2158,-4340,161602,73864,0
146035,3128,14940,5004,1709,-458,-3753,161652,73953,0
146175,1916,15976,4460,-1286,-3242,188,161569,73858,0
146315,2592,14628,3836,-849,984,1706,161465,73836,0
146457,2672,17760,3748,-1529,3368,3121,161494,73793,0
146597,2460,14608,3144,-2144,-1906,4725,161688,73884,0
146737,4440,13412,3596,-704,802,2476,161642,73932,0
146877,5812,15332,4304,-1585,-2431,1897,161572,73927,0
147017,6420,14184,4588,-1038,-2338,-476,161341,73791,0
147157,6980,15908,5688,486,-1234,-2977,161311,73731,0
147299,6172,12900,4944,1235,3269,-2334,161427,73817,0
147439,4232,15608,4420,-887,-3308,-2227,161450,73850,0
147579,2200,15060,3428,-1054,1218,-2106,161442,73933,0
147719,3168,15148,2992,518,-2051,-3493,161532,73875,0
147859,3064,16328,4028,928,-228,-3268,161494,73875,0
148001,2468,14848,4028,698,-1644,-3305,161624,73879,0
148141,1208,14136,3972,-639,-4549,-2996,161738,73871,0
148281,2188,16184,4368,90,-2168,-1726,161551,73932,0
148421,2372,15628,4044,-459,1255,937,161532,73893,0
148561,1140,15492,4744,-1093,-488,2858,161578,73908,0
148703,2568,14372,4068,-2247,807,3831,161608,73824,0
148843,3348,17356,3712,-956,1122,2497,161613,73882,0
148983,2944,14536,4228,104,3970,3302,161610,73974,0
149123,3368,15724,4516,-2158,-1903,731,161726,73994,0
149263,3644,13964,4992,1318,2117,9,161852,73954,0
149403,2592,14672,5384,155,782,-472,161716,73914,0
149545,3352,14224,5008,470,-1201,-438,161843,73940,0
149685,2520,14836,3992,3823,104,-3003,161774,73991,0
149825,648,20304,2468,1470,4782,-4041,161971,74070,0
149965,1908,14916,1980,548,-3007,-2378,161782,73940,0
150105,1448,17628,3204,272,-2580,-4535,161753,73968,0
150247,2736,13328,3688,385,742,-452,161674,73888,0
150387,1512,16376,3692,-2361,-604,3768,161628,73832,0
150527,2260,14672,4328,-918,9162,5289,161707,73996,0
150667,2644,17140,5140,-1800,4534,3289,161374,73857,0
150807,3212,14580,5180,-2625,2889,5751,161459,73859,0
150949,2148,15704,5120,-2143,3562,5394,161580,73786,0
151089,1928,12888,4144,8,-81,3060,161680,73844,0
151229,3980,14016,4000,1574,3702,-1582,161716,73948,0
151369,2468,13012,4496,2597,-2,-93,161668,73956,0
151509,3672,17232,3860,3307,-3126,-5143,161689,73879,0
151649,3252,16152,3992,1803,-4738,-4530,161690,73861,0
151791,3944,14856,3388,-18,-6739,-5978,161629,73856,0
151931,3900,16620,3732,334,-5340,-4719,161488,73859,0
152071,3300,14888,4696,-77,7384,2086,161452,73933,0
152211,2008,16180,4964,-4455,2542,4857,161412,73870,0
152351,1940,14808,5268,-5819,1746,5667,161497,73835,0
152493,3076,14796,6244,-2561,4089,4732,161411,73861,0
152633,2560,13548,6300,-2307,2243,3114,161802,74009,0
152773,3648,14528,6216,-357,-1076,1481,161729,73998,0
152913,3040,13808,6972,1362,2256,293,161492,73898,0
153053,4188,13304,6684,420,-1630,-1850,161704,73862,0
153195,4224,13728,5024,815,-2580,-1004,161640,73911,0
153335,3652,14120,4932,3391,101,-2361,161732,73979,0
153475,3844,16976,5232,3037,-4387,-5470,161618,74034,0
153615,5324,13640,4808,614,-13190,-6434,161557,73932,0
153755,4360,16304,5472,-183,-2294,-4888,161654,73904,0
153897,3732,14980,5024,-1653,-731,-873,161800,73972,0
154037,3096,14812,4700,-2133,1279,1862,161588,74001,0
154177,3132,14624,5208,-2909,4619,6815,161704,74062,0
154317,3552,16008,4788,-132,7667,7030,161580,73968,0
154457,2020,14092,5388,-214,6586,6630,161891,73962,0
154599,2860,13988,5836,-411,2305,3687,161891,73995,0
154739,3152,14672,5928,1206,3401,-250,161941,74063,0
154879,2912,14256,4908,975,-1526,-1543,161951,74083,0
155019,2808,15376,4896,1160,-4575,-4032,161847,74043,0
155159,3936,15136,4264,3099,-4851,-6715,161833,73985,0
155301,3980,17060,4208,3276,-2545,-7401,161978,74072,0
155441,2776,14884,3572,1999,-4472,-4189,161811,74054,0
155581,2348,14368,3628,-1442,202,1703,161687,74068,0
155721,2404,17824,3644,-4655,-2032,4699,161717,74036,0
155861,2696,14524,3784,-2949,5580,8388,161860,74007,0
156003,1580,16148,3168,-3217,-1948,3662,162076,74100,0
156143,1424,15932,3784,-451,-905,-466,162017,74150,0
156283,2044,15232,4912,2720,-2813,-7424,162085,74227,0
156423,2524,14264,4880,2130,-937,-7726,162069,74128,0
156563,2736,17296,5384,466,-4096,-5136,162056,74055,0
156705,2752,14412,4868,-1779,1195,855,161916,74085,0
156845,2560,14608,5172,-2029,4469,4412,161919,74133,0
156985,1664,15900,5132,-2513,3391,6220,162004,74190,0
157125,2624,14300,5732,684,7187,2896,162120,74145,0
157265,2004,18276,4956,-1401,3908,5816,161882,74064,0
157407,2072,11044,3980,-1857,-2443,3731,162113,74097,0
157547,3244,16456,4756,1468,457,-505,162257,74224,0
157687,5016,15816,4968,3772,218,-2778,162155,74248,0
157827,3948,14168,4424,759,-10350,-5865,161936,74106,0
157967,4252,15264,4412,868,-5596,-7608,162029,74102,0
158109,4436,15604,4576,-218,-5734,-4763,162064,74106,0
158249,3276,14884,4628,-106,440,588,161984,74182,0
158389,2112,15244,4344,-1321,4480,3042,162005,74222,0
158529,3992,16308,4444,-2119,5162,5225,161983,74167,0
158671,2608,13948,6196,-4211,-427,6441,162105,74129,0
158811,3936,13392,6024,-820,4458,4690,162103,74129,0
158951,3908,13540,6256,-733,3293,2462,162276,74229,0
159091,3916,14232,6456,360,2765,2148,162116,74256,0
159231,3564,13652,5544,295,63,454,162144,74190,0
159371,4264,13000,5288,1498,-1077,-157,162317,74155,0
159513,5068,13304,4916,3600,-1698,-2485,162268,74178,0
159653,4400,16796,5140,2134,-2330,-5483,162116,74199,0
159793,5956,14708,4096,1924,-4369,-4196,162110,74238,0
159933,3576,15772,4720,1105,-3196,-4269,162164,74176,0
160073,4916,14556,4448,256,95,-1178,162156,74173,0
160215,4384,14872,4028,-750,2075,2315,162082,74150,0
160355,4640,15168,4184,-993,7203,5242,162035,74134,0
160495,4424,15452,4460,-1709,2866,3996,162045,74246,0
160635,6496,12948,4824,-1315,5038,4152,162098,74142,0
160775,3764,17156,4444,-3055,-239,3323,161986,74135,0
160917,2608,14712,3556,180,3228,-15,162267,74173,0
161057,2840,15036,4088,54,-2515,-4729,162326,74167,0
161197,3756,16492,4252,204,-7742,-7506,162381,74286,0
161337,4368,13828,4536,1649,-7030,-6798,162076,74176,0
161477,3688,15028,5432,1770,-3909,-6257,162297,74246,0
161619,4076,15380,5868,859,-820,-2316,162093,74118,0
161759,2372,16084,4408,-2366,1615,3218,162199,74159,0
161899,2736,14948,3512,-2475,3001,7985,162096,74228,0
162039,3192,16360,3428,378,11688,6866,162441,74285,0
162179,1576,15148,3500,-1873,227,4395,162390,74213,0
162321,4080,13588,3084,95,689,2825,162459,74211,0
162461,3432,15396,3472,496,-664,-1439,162533,74171,0
162601,3836,14968,3996,2684,-2402,-4679,162423,74249,0
162741,3380,15732,3352,1071,-2436,-6554,162507,74315,0
162881,3668,15148,2768,-502,-6583,-5225,162472,74234,0
163021,2388,18232,3532,-98,-2156,-1562,162438,74204,0
163163,2336,13496,3664,-126,-3514,-576,162532,74240,0
163303,2116,16312,4268,151,-196,-969,162473,74292,0
163443,2600,14968,3836,-1070,1332,1177,162545,74345,0
163583,3192,14440,3620,-1507,1975,1058,162402,74226,0
163723,3848,16172,4636,-2885,3308,4740,162392,74170,0
163865,3456,15160,4128,-2293,3596,5755,162435,74222,0
164005,3336,15156,4248,15,3749,3382,162494,74249,0
164145,3816,15536,4620,35,2220,3052,162345,74245,0
164285,2592,13988,4280,-359,2927,2198,162414,74205,0
164425,3024,14388,4084,-282,-395,-316,162628,74261,0
164567,4864,15800,4384,2129,-2274,-5882,162512,74257,0
164707,4784,14972,4128,2548,-8386,-8557,162467,74197,0
164847,4604,15448,5044,841,-5590,-7638,162498,74382,0
164987,5344,14728,4612,-2465,-6148,-2398,162392,74263,0
165127,3724,14960,4584,576,1193,2018,162385,74251,0
165269,3360,16304,4616,-869,9902,7018,162476,74242,0
165409,3532,17016,5388,-3738,3742,5828,162429,74245,0
165549,4104,13744,6248,-3167,3953,7003,162534,74343,0
165689,3788,13188,7092,-2911,-153,4391,162655,74302,0
165829,4492,12940,6580,-153,3070,2403,162617,74321,0
165971,3704,13556,6336,1404,1216,49,162652,74253,0
166111,4656,13320,5612,2081,-645,-3016,162805,74335,0
166251,5852,14508,5416,2857,-2102,-3852,162699,74365,0
166391,5436,13172,5792,4522,704,-4242,162567,74383,0
166531,3928,16616,5184,1317,-5355,-6390,162606,74348,0
166671,4660,15496,3720,510,-3460,-4453,162630,74318,0
166813,4168,16356,4180,1888,82,-4589,162830,74341,0
166953,3472,15372,4208,749,808,-778,162629,74368,0
167093,3764,16120,5024,-1450,1905,3537,162697,74419,0
167233,3952,14856,3960,-2878,1283,5543,162672,74328,0
167373,4460,17160,3692,-309,9443,2965,162758,74317,0
167515,4840,14180,4388,-1122,199,4258,162760,74286,0
167655,4592,14764,4960,-2985,231,3189,162823,74289,0
167795,5224,14608,4564,-762,-2281,442,162800,74430,0
167935,2952,14404,4524,-412,3668,-1199,162941,74380,0
168075,3032,15396,4428,-662,-5094,-3890,162850,74393,0
168217,3276,14292,5008,2621,-1911,-5751,162863,74326,0
168357,3536,14084,5224,3719,-2466,-6803,163052,74395,0
168497,3032,16784,5880,2464,-1722,-3785,162869,74436,0
168637,3052,14452,4428,-1318,-3397,2493,162722,74408,0
168777,2892,16668,3904,-1756,2463,3969,162747,74391,0
168919,2980,15288,2932,-2542,3587,7502,162687,74316,0
169059,4156,16884,2932,-93,6765,3580,162782,74336,0
169199,4136,14112,3456,536,-218,2171,162671,74370,0
169339,4452,14968,4384,-1417,2245,-159,162754,74449,0
169479,4032,14732,4672,122,-6270,-3386,162643,74307,0
169619,2908,14832,4072,304,400,-3967,162822,74352,0
169761,3060,15560,3752,-464,-5172,-4932,162711,74348,0
169901,1976,17184,4676,389,-2476,-2910,162664,74403,0
170041,2176,13908,4760,-248,-3174,-2435,162833,74486,0
170181,2580,15920,4572,1246,737,-2443,162671,74373,0
170321,2384,15704,4504,-839,2937,980,162514,74332,0
170463,2636,15548,5068,-4018,1778,5430,162692,74370,0
170603,3372,15784,5572,-2971,1479,6843,162623,74315,0
170743,3016,14556,6204,-1615,4186,5372,162706,74458,0
170883,4056,14880,5580,-1530,119,4481,162646,74348,0
171023,2992,12040,4572,952,3037,2178,162767,74391,0
171165,3500,15708,4848,2922,-120,-2792,163030,74364,0
171305,5728,15088,5300,4660,-1148,-7687,162980,74379,0
171445,4544,15752,4552,3540,-9460,-10641,162798,74394,0
171585,3492,16104,4236,1031,-5190,-7932,162690,74411,0
171725,4672,15368,4024,-1306,-1947,-1095,162644,74342,0
171865,4372,14496,4000,-666,4160,4597,162628,74316,0
172007,2556,17040,5272,-4056,8038,9467,162801,74352,0
172147,3712,15788,5060,-6488,2178,10273,162668,74383,0
172287,4552,13640,6636,-2736,2826,6207,162820,74450,0
172427,4600,11552,7132,-223,2623,1940,162882,74392,0
172567,5892,14020,6264,1502,-2812,-159,162942,74375,0
172709,4436,12780,4960,4415,5146,-1106,162879,74420,0
172849,5744,13864,5904,3926,-4060,-4501,162892,74332,0
172989,6940,15544,6832,3819,3573,-4820,162721,74442,0
173129,4028,15000,5080,-291,-8285,-3769,162851,74397,0
173269,4556,15028,4260,843,-3186,-5311,162756,74382,0
173411,4152,14524,5228,716,-1046,-1811,162813,74343,0
173551,4108,15460,5368,-1455,2077,3371,162820,74334,0
173691,5096,15472,5200,-2167,3878,6393,162760,74433,0
173831,5480,13964,4880,-3239,2422,8775,162693,74386,0
173971,5292,15008,5440,-2316,2026,4864,162742,74401,0
174113,5964,11904,4904,-199,1405,2148,162951,74385,0
174253,5320,14244,5456,529,-545,-2780,163029,74386,0
174393,4352,14116,4032,2172,-1236,-4951,162773,74451,0
174533,4052,14296,4728,1298,-5895,-7365,162891,74487,0
174673,5760,16804,5320,2791,-3970,-7916,162786,74406,0
174813,3488,14340,4724,1965,-1026,-4337,162783,74355,0
174955,2840,16216,5560,496,-1958,-3343,162608,74342,0
175095,2816,14404,4792,-2102,836,3869,162419,74397,0
175235,2596,16652,4144,-3609,-152,5713,162454,74431,0
175375,4244,15100,3904,-5783,-1543,10067,162481,74365,0
175515,5952,14284,3924,-2657,-3572,3568,162426,74334,0
175657,7304,12060,4244,1278,-731,1472,162660,74370,0
175797,7648,13840,5228,1604,3772,-731,162533,74403,0
175937,6360,14424,4936,-107,-960,-4673,162611,74461,0
176077,4132,13728,4064,-1956,-2975,-6547,162571,74400,0
176217,4556,14996,3272,-2660,-10829,-10525,162798,74388,0
176359,3468,15872,4532,-236,-4793,-10364,163018,74481,0
176499,2776,15740,5692,671,-5630,-7758,162874,74462,0
176639,1028,13984,5180,-1117,-4074,-2981,162920,74526,0
176779,1272,15668,5760,280,-1446,-56,162884,74475,0
176919,152,14648,4872,-370,2394,1849,163127,74450,0
177061,1208,15380,4552,-633,4600,5239,163016,74465,0
177201,3160,16048,5204,-1012,9753,6607,162788,74470,0
177341,2128,15764,4840,-1502,3095,8186,162882,74511,0
177481,3576,14092,5504,485,7746,6345,162848,74455,0
177621,3648,15252,5984,-1448,1993,3973,163023,74410,0
177763,3328,17924,5148,388,5289,2720,162818,74445,0
177903,2932,12040,4152,535,-1644,42,163049,74519,0
178043,4068,14892,4796,4312,-1095,-5052,162983,74539,0
178183,2308,16460,4288,4610,-2715,-9389,162916,74485,0
178323,3996,15300,4332,2082,-4288,-8086,162828,74394,0
178465,3864,15420,3852,-1069,-6006,-4084,162896,74463,0
178605,2208,14296,5428,-191,2104,3539,162891,74492,0
178745,2360,15068,6676,-2399,11071,5008,163048,74572,0
178885,-912,17336,5864,-8017,4231,5091,162926,74482,0
179025,2916,14400,4792,-6434,4321,12328,163018,74458,0
179167,2828,12388,6736,-2532,-2785,7317,163238,74503,0
179307,3620,13056,7152,2341,2600,2051,163215,74539,0
179447,3864,11692,5824,4414,4185,652,163114,74552,0
179587,5460,14912,5812,5029,-708,-2936,163050,74485,0
179727,6028,15240,5220,5664,3182,-3883,163084,74440,0
179869,3504,15672,3872,5023,-5688,-6635,162987,74461,0
180009,3020,14860,4268,1039,-4398,-5076,163009,74496,0
180149,4400,16740,4136,-1760,-10424,-6778,162912,74530,0
180289,5116,13900,4556,-12,-826,156,162883,74447,0
180429,3376,16088,4504,-1457,5309,4585,162899,74398,0
180571,4912,16644,4288,-2611,3926,8395,162922,74427,0
180711,4900,13952,4380,-2447,2149,6630,163028,74523,0
180851,6368,15156,4636,-3969,-1729,4929,163183,74562,0
180991,6248,13200,4224,-320,-2950,1734,163218,74493,0
181131,4072,15448,4160,2047,5047,-3445,163429,74506,0
181273,3636,15076,2840,934,-5233,-4573,163343,74512,0
181413,2468,16224,4108,2382,-2934,-8944,163404,74583,0
181553,3868,16024,4072,3219,-6216,-8030,163190,74579,0
181693,2168,14884,4776,2951,-256,-6187,163276,74519,0
181833,2988,16808,5380,-313,-1668,-753,163050,74422,0
181975,2352,16128,3140,-3624,1067,6694,163312,74491,0
182115,2644,15748,2240,-2927,1268,9327,163230,74546,0
182255,3532,17352,2332,-1909,7407,10178,163314,74611,0
182395,4304,13908,2616,-553,-1551,4570,163338,74511,0
182535,4660,14788,3688,1087,1682,-2786,163379,74468,0
182677,4376,15736,3756,267,-4133,-6600,163376,74454,0
182817,2576,15332,2664,960,2949,-6013,163371,74532,0
182957,3176,14100,3160,109,-4867,-5646,163414,74588,0
183097,1728,17752,3968,1194,-4154,-4342,163345,74519,0
183237,1336,14348,3536,25,-1807,-3493,163572,74469,0
183379,884,16960,4580,300,-2149,-2392,163451,74491,0
183519,1148,14740,4228,-1785,1127,946,163346,74515,0
183659,1136,16920,4896,-3922,1308,4143,163385,74568,0
183799,2516,13844,4324,-1301,3474,3806,163269,74473,0
183939,2564,15948,4948,64,5574,2705,163217,74399,0
184081,1952,16220,4704,-2419,2539,6000,163262,74474,0
184221,1316,14508,3604,-1745,1862,4370,163301,74483,0
184361,1672,15240,3652,107,1214,4260,163397,74599,0
184501,4484,15720,4288,5006,1818,-6076,163178,74479,0
184641,3536,15992,3936,4229,-9930,-11230,163239,74499,0
184783,2968,15804,4088,959,-5746,-8158,163370,74521,0
184923,3072,16116,3976,-3092,-12308,-1657,163283,74464,0
185063,3060,12436,4696,2283,4854,-290,163109,74547,0
185203,3076,15448,4248,-2016,8300,4975,163187,74515,0
185343,2764,16956,4560,-4959,794,12065,163151,74504,0
185485,2028,14452,5192,-2460,7319,10186,163124,74417,0
185625,2716,14428,5696,-1962,2420,3753,163328,74480,0
185765,2492,15700,6368,374,4493,1671,163116,74564,0
185905,2340,13800,4732,450,-540,-1031,163254,74604,0
186045,4692,14356,3432,3548,-5586,-6184,163333,74555,0
186185,7076,14088,3136,6811,-3439,-8148,163080,74426,0
186327,3608,17880,2632,4549,-1239,-8154,163317,74508,0
186487,3516,16124,4516,-887,11458,3230,163719,74684,0
186627,3904,15812,1628,-1739,-2540,-1020,163011,74547,0
186767,3428,16216,2916,-882,4090,1638,163015,74506,0
186907,2564,15268,1936,-686,5907,3267,163269,74510,0
187049,1828,13908,2064,-1639,6674,1869,163432,74526,0
187189,3208,16352,3640,-4747,-4733,4257,163085,74507,0
187329,4440,14616,3832,-2790,-105,6026,163184,74606,0
187469,7512,14692,4532,-3028,4756,7372,162833,74445,0
187609,8532,16256,7396,-8704,13916,12672,161728,74125,0
187751,4688,9224,9932,-10719,8544,8544,160595,73962,0
187891,5256,4412,11000,-6154,1728,1213,160509,74001,0
188031,5088,3832,14020,-3215,49,-1340,160626,74071,0
188171,4020,3472,11624,2645,-2024,-2724,160823,74026,0
188311,2552,6244,11920,7130,-1294,-6697,160679,74037,0
188453,4808,10552,10356,9697,-6551,-10821,161035,74119,0
188593,5288,14748,8540,11582,-6426,-13947,161327,74132,0
188733,5284,15088,7948,5688,-5511,-7165,161177,74206,0
188873,5152,15656,7188,-1286,1823,3350,160618,73981,0
189013,3828,16792,5620,-4237,6610,8072,161060,74102,0
189155,2588,15040,4068,-4139,2436,4016,161615,74204,0
189295,3832,12236,4976,-1611,-15,1940,162051,74236,0
189435,1736,16076,5872,1238,-4560,-5567,162148,74404,0
189575,3928,13892,4264,1828,-6685,-6278,161818,74261,0
189715,1532,15392,4940,1905,-6095,-6338,162335,74383,0
189857,1792,15228,4988,2913,-4506,-5888,162339,74317,0
189997,2064,14748,5172,2054,-2332,-3057,162416,74363,0
190137,852,14780,4312,80,-2966,-913,162337,74464,0
190277,440,15592,3712,-2099,-1152,653,162536,74454,0
190417,2540,14764,4020,-2296,6901,4898,162550,74456,0
190559,1268,14772,5040,-3318,2787,4393,162532,74406,0
190699,1812,15264,5420,-1339,4629,4353,162454,74417,0
190839,2064,14096,5500,-882,1958,3165,162774,74573,0
190979,3672,18316,4796,-352,1997,4181,162755,74540,0
191119,1832,12376,3800,-1220,-330,3361,162819,74570,0
191261,2892,15204,4424,2231,-1218,-2609,162961,74531,0
191401,2904,17144,4240,4757,993,-6913,162868,74529,0
191541,4328,14908,3884,2391,-5954,-7707,162921,74624,0
191681,3556,16800,4448,-498,-8146,-6237,162710,74555,0
191821,4044,14492,4944,645,-607,-1085,162718,74556,0
191963,2096,14508,5800,-443,6851,3046,162853,74495,0
192103,2704,15320,5832,-4215,733,5442,162897,74517,0
192243,3488,15288,6004,-4245,1464,7527,162682,74558,0
192383,3088,13284,5524,-3184,3134,7377,163053,74604,0
192523,3396,15992,5400,773,2110,1868,163041,74579,0
192665,3192,13332,5120,2008,7818,1646,163078,74511,0
192805,2716,12824,4472,3588,-2043,-1395,163096,74547,0
192945,5596,16508,4236,6819,-1531,-6797,163223,74707,0
193085,2476,16856,3904,4186,-8978,-6771,163092,74618,0
193225,2908,15652,4200,1614,-2492,-5308,162905,74596,0
193367,3604,14976,3844,-290,-3856,-2332,162839,74512,0
193507,3996,15532,3972,-1558,6208,3804,162797,74505,0
193647,4200,17196,3792,-4504,3810,8910,162682,74599,0
193787,4316,15584,3796,-4025,4583,10775,162803,74529,0
193927,4092,13832,4524,-3668,1642,5764,163212,74603,0
194069,4544,13936,4796,-2027,-1352,861,163260,74578,0
194209,4368,13724,5448,927,268,-4021,163246,74529,0
194349,3812,15300,4440,-578,-5754,-5795,163141,74707,0
194489,3352,15484,4388,-371,-6450,-7412,163265,74628,0
194629,3388,15004,5084,1592,-5625,-8484,163226,74614,0
194771,3816,14132,5176,3218,-1482,-7623,163229,74598,0
194911,3028,15256,5560,2526,1234,-2245,163202,74561,0
195051,3044,15848,5188,-1812,-120,5103,163100,74640,0
195191,2696,16660,4440,-3841,1120,8741,163097,74579,0
195331,2580,15712,2940,-3540,2299,9478,163109,74538,0
195473,5004,16136,3592,-154,3774,1970,163177,74605,0
195613,5024,13368,3704,-300,-3253,1144,163219,74638,0
195753,3940,15180,4284,-653,-1100,-4095,163335,74717,0
195893,4168,15188,4172,-956,-8703,-6466,163023,74589,0
196033,2648,14656,4068,474,-900,-7501,163329,74635,0
196175,2544,16712,5100,277,-7732,-7313,163353,74659,0
196315,1048,14352,5212,-424,-3193,-5108,163458,74729,0
196455,724,15496,5204,324,-3886,-4782,163403,74771,0
196595,-788,14172,4488,-1024,-614,-822,163605,74718,0
196735,1072,15360,4620,-529,-687,1435,163597,74707,0
196877,276,14848,6360,-1209,4140,4548,163713,74693,0
197017,2044,15144,6596,-3135,3753,8644,163378,74716,0
197157,3096,14176,4836,-1657,2111,10429,163447,74756,0
197297,3824,15256,5372,689,7432,9246,163411,74665,0
197437,2460,16036,4976,1056,8287,4853,163270,74617,0
197579,1764,14100,3708,-17,2987,662,163673,74771,0
197719,5420,14552,5084,5545,-5029,-10603,163406,74699,0
197859,2400,16772,5352,2997,-3032,-13433,163409,74784,0
197999,4764,15444,5084,-483,-11185,-11171,162618,74532,0
198139,3868,17028,6944,-315,-1147,-5555,162688,74476,0
198281,2920,13184,6600,-1257,8463,3863,162976,74597,0
198421,2844,13580,6996,-2108,671,8242,163090,74625,0
198561,1884,17372,7268,-4053,9031,13701,162925,74657,0
198701,3028,13060,6300,-3126,1656,11253,163321,74659,0
198841,4844,15556,5964,2713,5333,5562,163360,74665,0
198983,3176,11284,5892,3695,8527,3914,163530,74684,0
199123,2332,15432,5412,2284,-1849,547,163554,74693,0
199263,6504,13956,5360,6415,3139,-3803,163423,74763,0
199403,3956,14892,6736,5059,-1271,-5855,163352,74656,0
199543,4096,14808,5444,1791,-6934,-6426,163399,74670,0
199685,3268,15464,4788,544,-6329,-5191,163317,74637,0
199825,3776,14720,4616,555,3288,691,163342,74619,0
199965,3100,15348,4192,-2279,2,3673,163418,74764,0
200105,5200,15564,4328,-1301,2108,3980,163343,74674,0
200245,4968,15264,5396,-1997,2252,5899,163318,74669,0
200387,6056,13448,5828,-3522,2730,6162,163386,74592,0
200527,5540,15544,5008,-4390,1985,3160,163581,74702,0
200667,5652,11896,4820,-98,-1604,220,163487,74717,0
200807,2560,15204,5304,1709,3330,-3693,163571,74770,0
200947,3644,14996,5092,3415,-2619,-6251,163590,74709,0
201087,3376,14744,5316,5394,-2233,-8551,163657,74684,0
201229,4060,16004,5756,4608,-5207,-7403,163680,74668,0
201369,3012,15476,5064,1867,-664,-1767,163296,74651,0
201509,3200,15768,3764,-3114,-1404,4075,163243,74717,0
201649,2864,18404,2532,-5604,1861,9567,163272,74678,0
201789,2888,14320,2180,-3019,-276,6533,163460,74645,0
201931,4396,13776,3140,-542,901,1432,163363,74663,0
202071,4780,16360,3568,458,-2370,-3395,163348,74637,0
202211,3480,14480,3564,2071,-670,-4868,163372,74736,0
202351,2212,15360,3024,804,-4464,-6368,163467,74661,0
202491,2084,18864,3884,2370,-1366,-6522,163317,74663,0
202633,-408,14052,3088,133,-1695,-4544,163662,74748,0
202773,532,17696,3284,-363,-5083,-3470,163704,74727,0
202913,-560,14924,2820,-2160,-5217,17,163758,74839,0
203053,1300,15608,4236,-1951,1727,3936,163565,74761,0
203193,1952,15164,4928,-2896,1604,7066,163645,74746,0
203335,3284,14908,6072,-986,6244,6149,163581,74660,0
203475,3276,15456,5956,-2703,3177,6775,163601,74688,0
203615,3524,17036,4628,-1705,1427,6259,163511,74760,0
203755,2972,11996,4764,-200,5260,3596,163617,74775,0
203895,4672,14124,4656,1033,-747,-1023,163653,74756,0
204037,3568,16296,4816,2481,-5321,-6288,163528,74714,0
204177,6412,14432,5240,3140,-2931,-10083,163655,74740,0
204317,7068,14456,6316,672,-2145,-6625,163462,74774,0
204457,3612,12724,5108,-1153,-2180,1777,163520,74775,0
204597,3808,15444,6092,-438,5945,4508,163503,74771,0
204739,3996,15364,6096,-2101,4254,5359,163551,74738,0
204879,4464,13824,6316,-1668,1522,5500,163705,74747,0
205019,4464,14296,6752,-1596,2860,5365,163715,74819,0
205159,3700,15024,5888,-1105,3787,4642,163612,74833,0
205299,5844,12392,6120,149,1387,2918,163644,74741,0
205441,8480,11200,7556,-1593,3171,7606,163224,74601,0
205581,8748,10604,9616,-1076,5472,3995,163316,74664,0
205721,8968,9520,10708,-2688,2955,3819,162149,74477,0
205861,8148,8444,11644,-2916,4061,4769,161316,74328,0
206001,6668,6060,11736,-4000,2952,4988,160905,74264,0
206141,5912,5180,12604,-2698,3729,4920,161215,74298,0
206283,5916,4080,12916,-878,687,1529,161344,74379,0
206423,6544,3808,12668,1015,-1107,-442,161388,74431,0
206563,6420,4428,13276,2887,-500,-3598,161408,74464,0
206703,5548,6388,10936,5921,-2641,-5578,161409,74331,0
206843,5996,10392,10372,6161,-10374,-8323,161169,74232,0
206985,7624,13560,7192,6257,-9594,-13386,161758,74362,0
207125,5860,15736,4320,6603,-9050,-14648,162407,74548,0
207265,5168,17296,3488,1588,-5154,-8053,163046,74740,0
207405,4740,16176,5140,-723,-3414,-714,162964,74622,0
207545,2996,14196,4968,-2625,4084,5754,163238,74650,0
207687,3316,17496,5108,-3261,2122,7345,163396,74757,0
207827,3500,14980,4232,-2096,4019,7148,163550,74791,0
207967,3224,14088,3120,-1818,859,3884,163463,74835,0
208107,4740,16340,3432,2438,102,-3031,163434,74744,0
208247,4232,14860,3124,3382,-5130,-6366,163447,74744,0
208389,3724,16400,2840,1569,-6603,-9744,163450,74710,0
208529,3344,14456,3540,2507,-4186,-11646,163368,74667,0
208669,2184,16092,4064,-1418,-1043,-1873,163412,74792,0
208809,1132,15724,4100,-2657,666,5113,163378,74733,0
208949,784,15360,3892,-3652,719,7584,163539,74771,0
209091,1852,15548,4096,-2308,2359,7170,163417,74672,0
209231,3308,15988,4256,-3042,1715,5347,163421,74670,0
209371,2620,14520,4224,-1090,936,1177,163546,74769,0
209511,2672,14796,4496,3020,-585,-6103,163682,74850,0
209651,2296,16264,4248,4724,-1519,-10198,163679,74744,0
209791,2176,15376,4748,3386,-894,-6433,163376,74628,0
209933,3176,15560,4420,866,2586,-1016,163197,74608,0
210073,4972,16396,3572,-3226,5964,7886,163207,74644,0
210213,3864,16788,3220,-5160,1374,9707,163319,74717,0
210353,3776,15492,3784,-2668,1874,6829,163401,74673,0
210493,5284,13600,5200,-2267,675,2865,163437,74699,0
210635,5300,15756,4668,-2364,-2868,-1567,163487,74712,0
210775,4612,13360,4184,236,-3453,-6010,163599,74708,0
210915,4368,14196,5556,1138,-5302,-8267,163704,74802,0
211055,5608,14908,7168,667,-5080,-7735,163228,74680,0
211195,4892,13460,6976,-539,-2727,-3951,163377,74713,0
211337,5348,14768,6764,-1633,593,2973,163235,74623,0
211477,4412,15124,5972,-2807,3029,9595,163372,74632,0
211617,4108,14196,5624,-2468,5930,10218,163284,74724,0
211757,6612,11236,6240,-1103,765,7486,163256,74742,0
211897,6980,11368,8032,-576,-374,1154,163289,74645,0
212037,8456,9852,8668,-825,1156,372,163316,74613,0
212179,8432,9836,7740,-127,-2804,537,163141,74590,0
212319,8400,11260,7964,1286,2027,1258,163124,74621,0
212459,8716,10096,8140,1971,2470,1831,163220,74699,0
212599,9312,10824,8092,1599,659,469,163225,74599,0
212739,7416,10780,7292,933,2412,552,163239,74620,0
212881,7372,12724,7040,-26,-1608,-4041,163184,74613,0
213021,5420,12744,5312,978,-4044,-4632,163455,74681,0
213161,5716,14300,4520,1819,-4225,-10483,163587,74865,0
213301,6264,16200,5064,4600,-666,-10300,163360,74687,0
213441,2924,14660,5468,4534,4085,-5504,163364,74706,0
213583,3368,16172,5212,-466,791,870,163357,74668,0
213723,2820,15960,4020,-3732,-1588,6586,163487,74697,0
213863,3904,14700,3124,-3586,602,8542,163352,74768,0
214003,4816,15144,3016,-1546,2367,6669,163360,74787,0
214143,4788,13108,2844,974,-760,-102,163515,74759,0
214283,4768,14536,3472,550,576,-2651,163562,74728,0
214425,3812,15184,3544,955,-3420,-5730,163532,74741,0
214565,2532,15984,3648,2549,2413,-6761,163530,74802,0
214705,2156,16624,3788,6,-2803,-4577,163570,74854,0
214845,1116,14136,3584,68,-1770,-1930,163563,74794,0
214985,1096,16488,3880,302,-117,-1768,163630,74764,0
215127,808,15168,3248,-704,720,1259,163703,74825,0
215267,552,15696,2316,-2378,1461,3766,163720,74838,0
215407,1656,15256,3392,-2968,-504,4248,163730,74926,0
215547,4040,16860,5332,-567,4245,3614,163619,74785,0
215687,4036,13740,4780,1010,5136,3866,163579,74793,0
215829,2948,16648,4540,685,3184,2050,163725,74822,0
215969,2436,11708,2888,1952,3087,2189,163812,74822,0
216109,2648,17712,3272,-134,44,-2874,163933,74983,0
216249,4296,15216,3504,2219,-807,-3169,163629,74873,0
216389,3252,15412,3096,1763,-4025,-3644,163766,74859,0
216531,3624,15660,2532,1035,-4822,-5222,163767,74816,0
216671,3420,16428,3592,1671,-950,-5247,163796,74828,0
216811,1680,15748,3736,-2150,2061,1921,163704,74897,0
216951,2516,15064,4412,-5108,3137,6794,163924,74948,0
217091,3028,16536,4956,-3198,851,5225,163815,74907,0
217233,3480,13872,5156,-1017,2660,3056,164021,74844,0
217373,3932,15264,5640,-281,2202,1217,164108,74873,0
217513,4324,13728,5188,-303,856,1580,163840,74930,0
217653,4936,14260,4512,-259,890,-906,163940,74910,0
217793,4364,14496,4628,121,-1397,-1948,163966,74904,0
217935,2188,14456,4984,-9,-2614,-2952,164027,74831,0
218075,3020,15316,5112,2477,-1789,-5498,164051,74862,0
218215,3188,14796,4832,3384,-1376,-7009,163965,74962,0
218355,2708,15532,5104,1607,-4284,-4341,164015,74939,0
218495,2712,15560,5228,865,-224,-1164,163999,74908,0
218637,1912,15028,4104,-2056,2152,4135,164065,74853,0
218777,2744,17224,3628,-4440,1694,7822,164226,74902,0
218917,2064,14556,3332,-3233,436,6013,164014,74992,0
219057,3900,13688,4312,-691,-1817,2017,164258,74984,0
219197,4040,15696,4684,-1256,-2009,-97,164242,74950,0
219339,3800,13308,4192,253,-3370,-1882,164123,74858,0
219479,2372,15496,3864,-183,-1308,-3741,164330,74899,0
219619,2436,15776,3844,-274,-6073,-5747,164089,74986,0
219759,2384,14876,4140,2915,-2837,-8294,164140,68365,0
219900,2296,15640,4380,1735,-3691,-5949,164109,74892,0
220040,1484,15232,4628,178,-1523,-1350,163984,74956,0
220180,1792,15076,3932,-1897,-4646,792,164018,74832,0
220320,1980,15120,4096,-1248,-939,4954,163875,74868,0
220462,2300,16264,4220,-2059,1768,7182,164097,74897,0
220602,4552,14880,4024,-1423,475,3804,164001,74831,0
220742,3216,14108,3576,-2884,-80,4307,164119,74964,0
220882,5072,14152,4588,-530,232,726,164039,74829,0
221022,4160,14284,5128,1006,-185,-1119,164059,74857,0
221164,3740,14976,4116,924,-1991,-4294,164274,74893,0
221304,3120,15916,3564,1821,-1687,-7988,164362,74928,0
221444,2724,16056,3984,1757,-2599,-8006,164365,75014,0
221584,3320,15372,4376,-96,-780,-1777,164219,74903,0
221724,2932,14384,4260,-652,503,4700,164206,74910,0
221866,4888,15772,4252,694,3899,4741,164375,74926,0
222006,2976,16756,5304,-1508,6276,7730,164396,74917,0
222146,3208,14664,4736,-1793,7642,5888,164455,75070,0
222286,3640,15980,3864,-464,41,4254,164669,74978,0
222426,4772,12068,3040,762,-66,3483,164692,74986,0
222568,3972,16928,4096,2666,520,-1783,164791,74972,0
222708,5388,15128,3732,3239,-1195,-3695,164596,74921,0
222848,7020,14972,3832,81,-3756,-5267,164432,75072,0
222988,5496,14824,3040,-885,-5286,-5621,164582,74955,0
223128,4832,15480,3520,1051,777,-5511,164580,74955,0
223270,3908,15844,3996,-606,5184,-88,164687,74958,0
223410,3316,14096,4076,-3330,1479,5486,164654,74923,0
223550,3888,17184,5604,-3052,6247,6033,164660,75119,0
223690,4408,12804,5232,-1495,2300,5132,164903,75032,0
223830,4208,14808,5428,-371,3670,2786,165009,75034,0
223972,3428,14192,5784,280,4366,2168,165084,75073,0
224112,3880,13268,5480,-816,-1,-20,165141,75028,0
224252,3968,13504,4212,-712,-1332,-84,165229,75232,0
224392,3632,14308,6328,3592,731,-2799,165220,75082,0
224532,4104,14296,5952,3722,221,-5316,164960,75065,0
224674,3140,14572,4904,3947,-2174,-6517,165149,75112,0
224814,4380,16452,4808,2581,-4230,-5471,164995,75021,0
224954,3388,16092,3816,-327,-4663,-329,164844,75137,0
225094,3224,15488,2716,-2487,-527,5504,164899,75084,0
225234,4084,17492,3004,-1451,4754,5885,164945,75084,0
225376,3628,14600,2924,-1107,-129,5011,165248,75157,0
225516,4668,14332,2960,-628,235,2770,165385,75107,0
225656,3500,15540,3324,-1450,-3161,405,165327,75304,0
225796,3808,15444,2940,-1324,-4795,-2794,165328,75192,0
225936,3844,15000,2684,-376,-1422,-7640,165233,75160,0
226078,3020,15352,3224,460,-3880,-9285,165111,75099,0
226218,2928,17864,4592,2092,412,-5705,164848,75044,0
226358,536,14048,4096,1011,199,-5208,164972,75257,0
226498,1192,17208,4520,891,4259,-1689,164882,75135,0
226638,756,15344,3860,-2565,89,5614,164888,75113,0
226780,-416,15504,2392,-2800,-1790,6397,165093,75134,0
226920,1132,15924,2656,-1034,1701,6158,165191,75104,0
227060,2856,15044,2800,187,-855,1411,165231,75226,0
227200,3156,14308,2912,109,305,2621,165259,75187,0
227340,4360,15756,3148,490,-242,-1202,165253,75195,0
227482,3304,15248,2852,900,404,-1054,165301,75131,0
227622,2016,17184,2432,-353,1052,-2522,165274,75153,0
227762,2548,15644,2580,140,-743,-4448,165198,75248,0
227902,1020,16824,2964,-1199,-3546,-6223,165110,75180,0
228042,2080,13956,3624,864,2721,-2598,164952,75157,0
228184,1880,15452,4312,-1207,4107,2146,165057,75109,0
228324,2732,15112,4676,-1618,5123,5683,165075,75103,0
228464,1848,15448,5512,-2788,-1137,6174,164887,75192,0
228604,2336,14788,5292,-3968,-3187,7179,165101,75157,0
228744,4392,17344,4580,-1505,1601,6804,164968,75142,0
228886,2920,10992,2944,-299,34,3504,165209,75123,0
229026,3916,14124,4080,3207,-508,-2094,165274,75125,0
229166,5476,16916,4896,3962,5575,-6241,165045,75227,0
229306,5268,15512,4112,2776,-3815,-6021,165013,75150,0
229446,4288,14796,3512,709,-2719,-6387,165158,75191,0
229588,5064,17556,3820,-704,-7339,-6685,164993,75114,0
229728,5456,13768,4280,755,6991,-157,165150,75140,0
229868,3452,16284,4816,-3191,3561,4368,165096,75262,0
230008,4636,17484,4264,-4158,498,9244,165140,75184,0
230148,3456,13568,5496,-2406,1050,9325,165287,75255,0
230290,4084,14148,5712,-1068,3055,3557,165543,75206,0
230430,4848,13024,5724,609,819,-730,165528,75198,0
230570,5668,13288,4860,-270,-1451,-1964,165536,75356,0
230710,5352,13732,5020,1605,123,-3941,165452,75272,0
230850,3676,14476,5180,620,-3377,-4393,165540,75312,0
230992,4304,15384,5680,2682,-1526,-7796,165375,75196,0
231132,4056,13736,5908,1597,1158,-5411,165489,75222,0
231272,3168,17212,5528,-116,-4168,-2293,165264,75309,0
231412,3720,14468,4772,-972,930,998,165296,75254,0
231552,3656,16040,4764,-1224,2291,4679,165210,75241,0
231694,2968,16644,3480,-2339,3031,9447,165344,75199,0
231834,3240,14596,3372,-323,-2994,2012,165541,75268,0
231974,6032,13652,4744,311,-2259,1494,165616,75387,0
232114,5636,15480,4284,-2671,-345,-147,165663,75350,0
232254,5252,13396,3612,-572,486,-2422,165679,75332,0
232396,3012,15888,4172,234,285,-4893,165508,75220,0
232536,3796,16160,4664,2637,-196,-7979,165615,75278,0
232676,2364,15108,4328,2130,-3689,-7545,165431,75328,0
232816,1996,15416,3884,1082,-4121,-3060,165446,75293,0
232956,2112,16040,4332,515,-3587,-817,165329,75239,0
233098,2740,15408,3860,-689,-744,2553,165261,75177,0
233238,2028,15840,3392,-2296,637,7666,165440,75206,0
233378,2004,17400,2836,-1326,2573,5271,165295,75291,0
233518,3832,13756,2712,306,579,2301,165438,75271,0
233658,5676,14896,3488,-371,1061,2002,165320,75193,0
233800,5276,14244,3888,-151,-1323,604,165282,75169,0
233940,3472,15620,3740,131,2702,-142,165460,75170,0
234080,3256,15044,3176,-119,-697,-1133,165460,75287,0
234220,3016,15372,2804,381,-217,-2807,165357,75291,0
234360,2536,16096,2680,-213,-5050,-6777,165433,75227,0
234500,3076,15564,3408,474,-3093,-7089,165391,75158,0
234642,3224,17388,3840,635,239,-3253,165294,75135,0
234782,1504,13672,3876,-97,6462,4490,165194,75198,0
234922,3584,15908,4052,-1209,8102,3432,165277,75252,0
235062,1420,16644,4776,-3391,2127,6553,165219,75177,0
235202,3556,14956,4864,-2455,339,4714,165311,75104,0
235344,4036,14204,5100,-1280,1981,2650,165419,75169,0
235484,3992,15920,5084,293,1203,2498,165289,75193,0
235624,3416,11796,3940,201,-299,1518,165480,75260,0
235764,3932,15596,3816,3060,-425,-1056,165451,75185,0
235904,5320,15064,3880,4201,3081,-4317,165323,75132,0
236046,1716,17180,3876,902,-1675,-5572,165248,75130,0
236186,4748,14676,3084,672,-2775,-4743,165306,75185,0
236326,2960,16692,3212,-823,-6382,-3699,165233,75211,0
236466,4784,14036,4096,303,-64,-687,165206,75104,0
236606,2456,16108,4320,-2016,2246,3129,165147,75144,0
236748,1304,15080,3976,-5994,-11049,6741,165453,75191,0
236888,5728,16284,5356,-2381,-2639,5450,165185,75062,0
237028,5876,13040,5936,-968,4341,4175,165228,75271,0
237168,6260,13528,5780,-18,2618,1050,165225,75135,0
237308,5268,13388,5532,405,2294,44,165173,75124,0
237450,5824,13228,5024,208,1546,-753,165291,75151,0
237590,5360,13296,4836,1402,228,-2268,165150,75050,0
237730,3724,14684,5008,1781,22,-3229,165113,75241,0
237870,3344,14956,5532,4599,142,-9379,165140,75148,0
238010,2720,14684,5328,2844,-2996,-8554,165058,75117,0
238152,2968,16260,4600,272,-2876,-1932,164934,75074,0
238292,3624,15416,3732,-849,-4038,2988,164736,75000,0
238432,2088,16560,3764,-790,3864,7005,164709,75191,0
238572,4228,16580,3108,-2956,2424,10301,164770,75089,0
238712,5040,14532,3116,-1099,-1298,4544,164754,75088,0
238854,4440,14044,3584,-267,15,780,165025,75130,0
238994,5428,16052,3896,162,2441,-3025,165013,75057,0
239134,4036,13660,3596,1438,476,-4472,165004,75250,0
239274,2060,16284,3672,212,-2619,-7268,164933,75130,0
239414,3100,16668,3316,192,-4787,-4491,164960,75141,0
239556,2344,14592,4788,1908,425,-4586,165035,75141,0
239696,3048,15764,5168,134,344,-2778,164989,75069,0
239836,2372,15956,4592,-3385,-1261,6486,164749,75221,0
239976,2004,15132,4276,-2023,4754,7240,164900,75149,0
240116,3092,14636,4748,-541,4142,5105,164914,75140,0
240258,3900,14960,4188,-698,169,3414,165068,75155,0
240398,4452,15208,4656,-175,300,915,164971,75079,0
240538,4240,13576,4240,-1122,-1512,1463,165156,75319,0
240678,4592,14416,4516,812,1536,-601,165131,75209,0
240818,4116,14344,4396,2512,651,-2753,165196,75191,0
240960,2872,16092,3544,3040,837,-3779,165151,75189,0
241100,2464,17116,3156,1125,-2514,-6447,165303,75187,0
241240,2728,15880,2880,-381,-5236,-5632,165234,75329,0
241380,2120,15532,3344,-2131,-3608,-2819,165217,75194,0
241520,2336,13716,4172,-1555,-1253,1225,165019,75169,0
241662,3048,17088,7092,-3657,4408,4391,165128,75150,0
241802,3808,14560,6612,-4833,279,7634,165141,75115,0
241942,3368,12552,6744,-3684,4222,6723,165316,75336,0
242082,3700,13228,7572,-3319,-231,6023,165151,75192,0
242222,3344,12840,7400,-1337,-1616,3533,165124,75187,0
242364,5412,10832,5912,1606,-3615,-2159,165110,75126,0
242504,6000,13840,5056,5474,-2279,-5897,165180,75114,0
242644,6556,16088,5036,5228,-3232,-8931,164896,75285,0
242784,4976,15256,3380,1187,-8207,-7030,164966,75175,0
242924,5084,15068,3172,1500,-1536,-6470,165078,75200,0
243066,5008,16008,4364,316,3189,-352,164946,75093,0
243206,4476,16084,4192,-2129,8888,7289,164959,75130,0
243346,1976,15972,3220,-5084,5676,8447,165009,75284,0
243486,5308,16248,4344,-1598,2698,7424,165369,75304,0
243626,5360,12328,6100,-107,1055,4885,165439,75245,0
243766,6488,12968,5604,1557,3124,1082,165265,75173,0
243908,6396,12464,5120,1278,1726,125,165390,75172,0
244048,7644,14260,4648,276,760,-1523,165388,75265,0
244188,7920,12460,5424,-419,-1222,-1290,165269,75281,0
244328,5476,13648,4996,-657,143,-633,165222,75207,0
244468,4812,15528,5752,2762,2486,-3728,165295,75168,0
244610,3384,14068,4512,3057,763,-6192,165448,75253,0
244750,2904,15044,4512,5055,1989,-7534,165275,75222,0
244890,2608,17256,4840,2843,-3369,-5581,165151,75264,0
245030,1232,15148,3388,-366,-4586,-976,165105,75212,0
245170,3432,15784,3736,-2105,-646,4837,165085,75155,0
245312,3704,18284,3860,-4349,4646,9392,164995,75161,0
245452,2452,15088,2680,-4330,-1320,8689,165249,75227,0
245592,4212,13888,2832,-1121,2131,2956,165499,75335,0
245732,2896,15484,4104,710,-2267,-2874,165465,75243,0
245872,2440,15124,4068,512,-5132,-4367,165188,75200,0
246098,3000,15444,3340,1434,-735,-6649,165357,75276,0
246234,2848,16252,4540,1596,-3091,-6838,165148,75270,0
246374,2216,13948,4576,-355,-2771,-1096,165120,75264,0
246514,2220,16924,4676,52,-475,1322,165040,75207,0
246656,1020,14008,3248,-3380,-400,7156,165106,75166,0
246796,4080,15924,3000,-2089,371,4518,165159,75161,0
246936,4408,13968,3624,-31,-241,1675,165006,75223,0
247076,5220,15316,4828,428,4197,1797,165040,75245,0
247216,4652,14084,4532,-381,-892,1873,165021,75145,0
247356,3652,15092,4168,88,-277,276,165107,75134,0
247498,2892,15240,3188,1530,270,-967,165115,75191,0
247638,2804,15692,2848,2943,263,-5695,165163,75260,0
247778,2548,15644,2360,2556,-1723,-6721,165207,75299,0
247918,2600,16108,2788,1223,-4063,-5300,165140,75210,0
248058,2236,17276,3280,-1464,-163,605,164961,75148,0
248200,3448,13776,3664,-943,4751,3625,165113,75206,0
248340,3844,16332,3644,-3166,6455,5438,165235,75236,0
248480,5184,17296,4368,-1339,1467,6934,165047,75232,0
248620,2800,13944,5748,-3512,4729,7348,165374,75265,0
248760,4860,14988,6944,-2368,2544,1814,165181,75191,0
248902,3744,14700,4244,-1492,1690,2606,165420,75263,0
249042,4136,12452,3516,957,-101,-1137,165585,75294,0
249182,5596,13712,4928,4872,-1731,-5026,165251,75317,0
249322,4584,17596,4680,4090,183,-6269,165155,75220,0
249462,6044,15080,3656,3558,-4898,-4968,165143,75221,0
249604,4196,16092,4112,1546,-1418,-6889,165159,75216,0
249744,4352,16272,3544,-829,-5365,-4606,165071,75153,0
249884,4112,13936,3764,-754,5674,2989,165036,75340,0
250024,3600,16384,3776,-2907,4427,3917,165109,75219,0
250164,1144,17228,4348,-6158,1367,8445,165366,75333,0
250306,5756,15256,4908,-5078,-9282,7192,165610,75310,0
250446,6964,11360,5516,-359,3341,4854,165592,75289,0
250586,7028,11596,5436,675,1428,564,165529,75425,0
250726,6692,13788,5528,645,1644,-787,165336,75307,0
250866,7136,12184,5968,632,3070,-2650,165346,75336,0
251008,5688,13508,5172,253,191,-3536,165422,75285,0
251148,5008,13152,5184,3647,402,-6052,165356,75264,0
251288,4784,18124,5408,5305,992,-8602,165137,75319,0
251428,4004,14380,4528,2997,2774,-6497,165129,75283,0
251568,2996,16996,4340,-667,-3343,-82,165020,75284,0
251710,4284,16008,3440,-2615,3959,6612,165104,75216,0
251850,172,15628,3016,-6019,-6351,6983,165336,75290,0
251990,4580,14264,3812,-3176,-1548,4602,165188,75399,0
252130,5608,14640,4480,-2485,142,3923,165064,75347,0
252270,6568,13268,4416,390,188,-596,165376,75371,0
252412,3920,15052,4736,374,177,-2495,165371,75321,0
252552,2380,14572,4708,-196,-2108,-3815,165483,75316,0
252692,4196,15968,5508,1996,-1364,-7421,165276,75384,0
252832,3000,14140,4888,1954,-641,-5991,165284,75405,0
252972,2912,16880,4852,2050,-3321,-5027,165147,75299,0
253112,2936,13672,4000,1165,-1063,-2906,165045,75230,0
253254,2724,16144,4352,-672,1997,2799,165089,75249,0
253394,1824,17896,3444,-3932,4329,9579,164996,75316,0
253534,2068,14800,2328,-1980,919,5742,165156,75390,0
253674,3932,12528,3544,-50,4596,3163,165089,75270,0
253814,2460,16740,4296,-1228,-2964,-1248,165128,75211,0
254096,3612,14328,4136,1089,1918,445,165135,75352,0
254236,2148,15188,3020,1351,-442,-2431,165178,75356,0
254376,1292,17008,2516,1285,-4948,-7500,165277,75349,0
254516,2636,16304,3228,2278,-2284,-8268,165261,75343,0
254658,1284,17028,3172,1612,1716,-5365,165360,75341,0
254798,1832,12460,4112,-276,730,2336,165113,75271,0
254938,3320,16664,4796,-3767,5211,4455,165144,75431,0
255078,2272,16724,4108,-5857,-3330,10928,165207,75328,0
255218,3608,14860,4528,-3279,-2349,8186,165421,75346,0
255360,4768,14264,5176,-581,1931,5782,165469,75308,0
255500,3272,15216,5272,1338,6596,3400,165379,75255,0
255640,2496,12948,4376,2154,3053,-1665,165374,75413,0
255801,4684,14192,3760,2601,-2862,-3130,165431,75316,0
255941,5364,14444,4152,4682,656,-3750,165163,75327,0
256081,4352,17216,4692,1462,-5366,-6739,165146,75376,0
256221,4792,14808,3096,574,-1925,-2771,165082,75290,0
256361,3524,15612,2428,-564,-2702,-1879,165193,75253,0
256503,3632,15984,3284,1553,-1610,-3132,165051,75238,0
256643,2284,15380,4152,-406,8869,2196,165159,75329,0
256783,2664,16220,3452,-5419,2958,4980,165137,75356,0
256923,2656,15232,3576,-6307,-372,6181,165253,75310,0
257063,4524,15544,6100,-2864,-371,4870,165309,75233,0
257205,4712,12716,6864,-2556,88,3238,165430,75313,0
257345,5332,14144,6256,-1514,-486,101,165496,75352,0
257485,3328,13360,6476,-1500,646,-1089,165505,75436,0
257625,3124,14876,5696,-2750,-7293,-553,165496,75317,0
257765,5276,13236,4972,392,-7627,-6732,165246,75315,0
257907,8600,12780,4988,1432,-7784,-10367,165269,75309,0
258047,7916,15344,5856,-1408,-7662,-4976,165124,75192,0
258187,6676,13516,5256,-1214,-5428,-750,164853,75336,0
258387,5524,14280,4888,769,-2793,1240,164708,75249,0
258527,5724,15464,4184,245,222,458,164756,75183,0
258668,6028,14440,3440,-2517,-4792,-1005,164812,75266,0
258808,6620,14720,3656,-2898,-3823,-2187,164582,75188,0
258950,6184,14428,4028,-3107,-4042,-2672,164552,75130,0
38549,1876,1956,15136,-243,-59,237,166368,81711,1
38691,1388,2064,15300,-136,159,-156,166405,81647,1
38831,1584,1740,15172,-43,125,-153,166047,81592,1
38971,1624,1948,15272,-238,-11,47,166159,81742,1
39111,1524,1864,15316,-287,12,-150,166308,81726,1
39251,1416,1772,15248,-49,232,82,166429,81762,1
39391,1376,2088,15392,-51,311,-41,166087,81639,1
39533,1400,1832,15264,-108,74,186,166045,81610,1
39673,1304,2220,15236,115,177,443,165973,81681,1
39813,1524,968,16436,-2562,1882,30,167159,82090,1
39953,-632,1384,20696,-9804,-1738,1873,168297,82229,1
40093,6180,-3004,13020,-21708,-1621,4801,168356,82238,1
40235,224,-7288,1456,4981,5964,2634,165461,81428,1
40375,-2160,3308,21988,24450,57,3017,171140,82974,1
40515,2612,-2028,23104,-23232,-492,-5494,173045,83469,1
40655,3804,-6568,3668,-9246,2979,552,168075,81900,1
40795,5096,3504,7992,32767,-3911,4001,168217,82644,1
40935,-2148,-3304,31512,-15353,-2381,-2318,172867,83296,1
41077,1160,-3988,5736,-19971,4567,3858,170453,82569,1
41217,-948,-2672,240,27554,-2851,3950,165701,81764,1
41357,-4232,-2072,32767,-15351,-2493,-3582,173128,83404,1
41497,516,-4280,2844,-19225,3672,3877,170108,82640,1
41637,-1764,-2112,1444,32767,-8977,832,167559,82642,1
41779,-1776,-3620,32767,-20469,-8269,-3140,173946,83606,1
41919,-56,-5580,-1324,-15229,782,5173,171514,82847,1
42059,-1896,-2268,10152,32767,-1411,-2356,170479,83381,1
42199,-880,-5488,26756,-22143,-10283,168,173847,83676,1
42339,-2540,-6120,252,-8519,3820,1214,170851,82952,1
42481,-1268,-2928,14972,27080,-2479,-3085,172456,83428,1
42621,-1856,-6180,22220,-23990,-6096,3344,173976,83747,1
42761,-3452,-5952,-748,1650,1400,1325,171489,83324,1
42901,-1812,-3884,26128,8056,250,-3103,173795,83798,1
43041,-1772,-5908,14008,-4532,403,1155,173811,83789,1
43181,-1080,-6752,11740,-2658,28,1118,173829,83774,1
43323,-1856,-4028,7960,22115,781,-2271,172693,83638,1
43463,-1556,-5268,23508,-17403,-5665,-1154,173871,83878,1
43603,-1296,-5484,-448,5927,-344,1047,171146,83059,1
43743,3536,8056,32767,2695,3004,-3969,174596,83990,1
43883,-992,-4736,5752,-10462,981,2934,171567,83033,1
44025,-5460,880,14332,24521,-164,-1630,167358,82790,1
44165,-60,-5420,13416,-18933,-3586,4808,171967,83165,1
44305,-2316,-4176,2316,16613,7040,-163,165840,81933,1
44445,1924,-2420,22144,-13519,-6382,1754,173258,83824,1
44585,-2412,-4900,2620,7765,3246,2034,165832,81723,1
44725,7716,7576,30636,-7458,-8206,-168,172918,83668,1
44867,-2184,-3996,4708,-964,25,2403,166646,81805,1
45007,8540,8044,32732,1219,-5324,-2905,173412,83869,1
45147,-560,-3220,7024,-7914,1304,3936,168169,82334,1
45287,-3824,-256,26812,14681,-1867,-7342,171104,83781,1
45427,-68,-3072,8144,-10921,-881,895,168947,82237,1
45569,-3468,-464,20148,16203,953,-5634,168237,83324,1
45709,244,-3924,10764,-12470,-1952,1053,168699,82255,1
45849,-4496,-4132,10980,20092,5938,-5013,166129,82773,1
45989,-724,-6112,13604,-14674,-5071,880,168933,82369,1
46129,-4932,-2576,7208,17191,7004,-3432,165168,81742,1
46269,2140,-2648,17836,-12353,-7548,-1641,169105,82418,1
46411,-3716,-5960,3964,12972,7939,-4519,164744,81386,1
46551,4520,-3112,18760,-13567,-6793,1697,168868,82339,1
46691,-1916,-4032,3852,10798,4633,-2337,164804,81482,1
46831,5288,484,23364,-11227,-8725,661,169148,82571,1
46971,-2544,-4192,4372,5392,3351,646,164665,81365,1
47113,7144,5180,25312,-7396,-5950,2464,168985,82530,1
47253,-2320,-4460,4596,3386,3533,1644,164832,81345,1
47393,7228,7868,27808,-7694,-4368,242,170169,83069,1
47533,-1972,-4904,4960,-215,766,1972,165381,81550,1
47673,8944,11872,32767,6148,-3468,-6501,171711,83445,1
47815,-712,-4312,8124,-13802,-486,7549,165703,81538,1
47955,-6088,-2800,10320,19564,8381,-2819,166050,82248,1
48095,4704,-5256,16356,-18051,-5671,6882,171186,82926,1
48235,-2900,-5480,3220,12683,7420,-1281,165494,81799,1
48375,6468,-4284,21456,-15767,-9724,4185,172422,83538,1
48515,-1804,-6264,1304,11487,3636,-739,165450,81631,1
48657,6140,404,26868,-13141,-8245,108,173090,83785,1
48797,-1684,-5460,2116,5593,3864,1287,165818,81739,1
48937,10704,11800,32767,1715,-4522,-4442,172869,83899,1
49077,-1872,-4428,5036,-10270,27,1506,165571,81657,1
49217,-1800,2420,22540,19306,5521,-4477,168503,83350,1
49359,180,-4384,12276,-20238,-1733,5167,168570,82324,1
49499,-1828,-5224,832,18787,9507,-1332,165464,81710,1
49639,3944,-3188,24744,-15802,-5256,1808,172293,83553,1
49779,-1228,-5736,2828,3417,6734,-1411,165722,81794,1
49919,1388,9392,32644,-2720,6899,-1398,173176,83771,1
50059,-2004,-5336,5832,-7295,-364,1988,168570,82335,1
50201,-940,1168,30784,9058,2189,-3261,173316,84039,1
50341,-1180,-4636,6668,-15139,2506,313,170013,82671,1
50481,-6160,-3740,17752,20752,2064,-2529,168847,83680,1
50621,-60,-6376,10760,-18379,-1174,-3105,171548,83329,1
50761,1944,-5320,16996,6648,-1232,1099,170960,83746,1
50901,788,-6968,12032,-1736,1326,-296,171441,83388,1
51043,-1016,-6028,14412,30,2567,451,172668,83832,1
51183,-988,-6416,13584,-515,422,345,173004,84002,1
51323,-656,-5792,11660,1987,-574,187,173351,84087,1
51463,-3216,-784,22744,18835,-1587,1565,173071,84188,1
51603,560,-4000,10300,-21376,-1342,-2895,173625,83958,1
51745,-5016,-3776,8704,23166,3840,4529,168517,83272,1
51885,2464,-6568,12248,-20642,-4366,-1120,173575,83923,1
52025,-3608,-2208,3796,28934,4528,2360,166818,82828,1
52165,3192,-3720,19628,-25011,-4739,2733,174083,84118,1
52305,4,-5656,-48,11945,4852,3893,165850,81919,1
52445,3840,4496,32767,-7859,-9008,-5537,173948,84246,1
52587,-744,-5148,5448,-3527,486,3409,167626,82159,1
52727,5116,5908,32767,7506,-1598,-2789,174207,84343,1
52867,-1876,-5808,7372,-14237,1216,-1524,170351,83069,1
53007,-2756,-468,19796,23487,1422,2283,169204,84080,1
53147,1332,-5704,11516,-18154,-11314,-2852,169890,83105,1
53289,-1148,-4208,5360,21747,6569,-698,165781,82092,1
53429,5252,-5740,20424,-18254,-8495,3013,171624,83506,1
53569,-1020,-6216,2468,8778,4529,4020,165599,81866,1
53709,12444,12096,32767,3298,843,2608,173969,84252,1
53849,-1252,-3612,8628,-17890,841,-1855,168896,82506,1
53989,-4184,-1916,12284,24821,5158,5246,166741,83060,1
54131,-912,-5220,15424,-22436,-5768,529,171791,83472,1
54271,-3360,-4852,1968,16778,9325,-1592,166094,82057,1
54411,24024,10688,29272,-4980,-6156,-3652,174646,84565,1
54551,-7828,-1924,12152,-6478,33,16278,167807,82416,1
54691,1944,-2508,14380,3955,204,-22232,169695,84016,1
54831,7052,-2732,13984,-2245,-5069,19145,172957,83868,1
54973,-11000,-7264,9196,1789,5344,-17348,168069,82710,1
55113,11872,4280,23568,-2182,-2021,-2151,174370,84466,1
55253,-9484,-3688,13216,-2354,-102,13355,168799,82797,1
55393,10764,-104,19652,5746,-99,-16914,173329,84504,1
55533,2252,-1180,13240,-2350,-4350,22045,171867,83619,1
55675,-5580,-5812,11692,511,1524,-16128,169932,83557,1
55815,11916,-448,17700,-3514,-3300,4178,174347,84368,1
55955,-5236,-5824,14688,-4154,-1265,5377,171712,83951,1
56095,1652,-5228,14132,-1832,1350,2922,173863,84446,1
56235,352,-5816,13924,-836,-755,1430,174331,84508,1
56375,420,-6428,14504,-981,14,792,174677,84613,1
56517,-316,-6464,12392,923,-440,1027,174373,84421,1
56657,380,-3212,17292,4840,5759,-21331,173900,84607,1
56797,6164,-3656,13736,2358,-6025,18943,174524,84614,1
56937,-12808,-6856,11096,-413,5432,-15068,170335,83421,1
57077,18388,492,20652,-860,-701,3420,175053,84849,1
57217,-13592,-2360,15696,-2079,-160,12981,171649,83371,1
57359,14072,200,18560,648,718,-20273,174490,84743,1
57499,-2328,-1088,13816,1965,-4750,25558,172841,83894,1
57639,-5648,-3688,13992,1966,-2977,-26271,170058,84194,1
57779,6972,-3672,12308,2694,-5718,27310,173132,84027,1
57919,-11716,-5116,13872,644,-2463,-18117,168923,83283,1
58061,11520,1576,16776,1619,5496,23297,174137,84283,1
58201,-15832,-5520,10944,-3571,6866,-10448,169000,82888,1
58341,17868,4044,20544,-2275,7540,9660,174390,84571,1
58481,-16008,-6268,11044,-6212,7325,900,168658,82834,1
58621,14928,-964,18664,-1329,-9346,-11894,173157,84491,1
58761,-8064,-3944,12516,1673,1943,20753,169184,82950,1
58903,-5216,-5576,15712,1681,-3221,-24326,169784,83520,1
59043,5496,-3764,12344,-1505,-471,22316,170083,83238,1
59183,-15492,-8840,9168,1471,1613,-18170,168057,82786,1
59323,14948,1604,19268,-1892,9993,6191,173979,84378,1
59463,-15564,-10992,10252,-5875,-3809,490,168100,82740,1
59605,6472,-1320,18216,6300,-5937,-19886,172856,84500,1
59745,-188,-5928,12396,-2679,-1416,20345,170784,83301,1
59885,-10412,-7300,11104,2698,4193,-18614,167829,82958,1
60025,14364,-4488,15112,-2387,-112,9627,174347,84585,1
60165,-14720,-7900,12904,-5073,1499,3844,168984,82899,1
60305,14688,-3408,18000,2053,130,-12796,174045,84692,1
60447,-5432,-6852,12968,-2695,-3192,17552,171629,83632,1
60587,-3048,-6936,12604,4496,1684,-16954,170527,83999,1
60727,1024,-6256,13612,-875,-7635,16701,172696,84012,1
60867,-12552,-9144,10048,4376,6009,-14811,169563,83253,1
61007,6184,-2660,17860,-1306,2197,10525,173702,84301,1
61149,-14928,-10512,8268,-1908,8581,-3478,169546,83052,1
61289,18036,4244,24212,-5284,1892,632,175187,84793,1
61429,-11824,-8736,8700,-9987,3908,9551,170694,83404,1
61569,1312,-6688,21084,7691,-3271,-16249,172609,84793,1
61709,-6688,-10428,8700,-10029,542,12739,172558,84135,1
61849,-5436,-9476,9592,-2916,941,2203,173259,84345,1
61991,-4952,-10816,9392,-942,-274,-539,173134,84332,1
62131,-9556,-11088,2872,9831,-2378,-10540,169587,83291,1
62271,17836,5148,31364,2795,-9466,-1972,175279,85048,1
62411,-17888,-10132,4324,-211,1317,3079,169075,82971,1
62551,19292,7256,31808,5894,-8588,-11904,174848,85050,1
62691,-9904,-8904,8468,-8279,1006,15327,170790,83512,1
62833,-6368,-8784,10104,13166,-410,-20213,170504,84182,1
62973,872,-11012,11464,-7647,-696,21262,173943,84178,1
63113,-10300,-9996,5108,8162,4771,-13158,169295,83483,1
63253,4896,2112,25436,-4370,-9328,5521,174864,84771,1
63393,-14920,-10068,5468,-4066,2322,453,169101,83151,1
63535,7728,9084,31400,-3911,3253,-6038,175001,84858,1
63675,-12188,-8412,5384,-4811,1568,8570,169149,83177,1
63815,4504,536,28672,6969,-5009,-12125,174028,84998,1
63955,-10740,-10160,4952,-11733,127,13005,170410,83467,1
64095,-3724,-5276,15336,17471,6623,-16061,170865,84503,1
64235,-7208,-16440,9636,-11334,-236,16633,171298,83539,1
64377,-6488,-8716,8964,14299,4444,-17700,169198,83863,1
64517,-7004,-15808,10568,-9134,-472,17609,171691,83742,1
64657,-7396,-9692,7664,9833,3019,-21246,170060,83835,1
64797,-1676,-11628,11500,-2818,480,23976,173225,84061,1
64937,-7708,-10784,7828,7310,78,-23409,170125,83797,1
65077,828,-8956,12076,-392,-4154,21914,173586,84232,1
65219,-9800,-10504,8344,6721,5311,-20435,170057,83431,1
65359,4928,-8020,13544,-4677,2440,20012,173546,84133,1
65499,-12620,-10124,6348,3676,6134,-11393,169466,83434,1
65639,15924,2980,23344,-3168,1333,6953,174813,84852,1
65779,-17184,-10248,6312,-3951,4426,883,168231,82998,1
65919,18592,3116,27568,-252,-9085,-7123,174107,84891,1
66061,-4324,-8380,9304,-5261,591,15315,168504,83099,1
66201,-7604,-7476,13904,12646,-126,-21114,168212,83876,1
66341,-5696,-12476,10316,-5922,-2033,19220,169697,83436,1
66481,-9888,-8804,10040,9797,3018,-19077,168084,83288,1
66621,-636,-12940,10932,-7936,-2874,18519,170665,83543,1
66763,-6708,-12120,5872,9158,4397,-14174,168474,83321,1
66903,-2952,-12044,14100,-5390,-4959,13969,171522,83869,1
67043,-6232,-12376,6456,7755,5050,-17249,168358,83449,1
67183,176,-9364,12884,-2635,-6646,19778,172112,84039,1
67323,-12016,-10396,8456,6405,5093,-18944,168697,83305,1
67465,4532,-10688,13536,-9100,-3627,17748,172359,83960,1
67605,-13576,-11888,3156,1103,5235,-11621,168087,83091,1
67745,16340,1236,22284,-1204,-594,4052,174766,84935,1
67885,-12524,-10360,6196,-1958,8776,1781,169672,83475,1
68025,22504,2148,26276,3248,-11598,-4837,174437,85123,1
68167,-10180,-9404,8156,-6576,3381,7920,169667,83383,1
68307,608,-5012,18984,12662,-7199,-16138,169941,84614,1
68447,-5892,-10536,9868,-10448,2185,17930,171160,83844,1
68587,-7028,-9196,6264,10435,2256,-12050,169092,83558,1
68727,1560,-10456,15780,-6523,-3386,13643,173667,84408,1
68867,-7996,-10088,6068,3596,3834,-10406,169869,83585,1
69009,2260,-9156,14876,-4528,1737,8032,172640,84165,1
69149,-8624,-10844,4264,7582,6562,-8193,169059,83523,1
69289,8196,-1796,23460,-2038,-61,6954,174857,85025,1
69429,-10828,-9676,7004,-5467,7275,-2847,171042,83875,1
69569,19784,3692,27144,2736,-9446,-5013,175258,85274,1
69711,-9636,-10360,8648,-7973,7044,8578,171688,83948,1
69851,1172,-5504,18292,13299,-8494,-11068,172354,85077,1
69991,-7048,-11868,10060,-9244,-1420,12831,172685,84456,1
70131,-6652,-7640,7740,13813,682,-15931,169749,84053,1
70271,-1060,-12740,13708,-9984,-7040,20871,174255,84571,1
70413,-6608,-9072,3492,8001,6360,-14166,169624,83502,1
70553,10628,-5920,21548,-6136,558,11957,175290,85014,1
70693,-8652,-10800,3900,-168,3713,-6213,170205,83851,1
70833,22688,4080,27172,-1410,-6910,2879,175654,85311,1
70973,-10972,-10296,4240,-4572,4653,1031,170542,83870,1
71115,14312,-236,27160,9084,-16443,-10100,174709,85351,1
71255,-8548,-8092,8992,-8322,6963,9534,171379,83776,1
71395,-2016,-6032,11324,15313,-5293,-17857,169509,84475,1
71535,-1252,-10900,13360,-7361,-2938,23096,172875,84325,1
71675,-7116,-8764,5056,8091,8810,-17844,169352,83509,1
71815,10252,-7552,19644,-6193,-547,14141,175218,84964,1
71957,-10692,-10500,3964,-893,5703,-7803,170043,83708,1
72097,26200,5872,27528,3309,-7941,-3516,175827,85418,1
72237,-8624,-7316,9908,-10147,4812,10145,172039,84146,1
72377,-2068,-6752,10096,15281,-3000,-14473,170107,84532,1
72517,-588,-12832,14580,-8174,-5649,19821,173831,84606,1
72659,-6492,-8508,4696,6685,5218,-11209,169387,83514,1
72799,10596,-5868,22132,-4061,-138,10288,175138,85080,1
72939,-8784,-9076,5012,-3138,4921,-1216,170288,83894,1
73079,18320,1876,27004,6205,-8770,-7832,175610,85482,1
73219,-6544,-7456,8684,-9691,5097,7228,172553,84251,1
73359,-3396,-4172,12984,16499,-2245,-13738,170528,84718,1
73501,-5192,-13916,12148,-10897,169,13676,173771,84542,1
73641,-5800,-7424,6288,9917,2609,-9803,170656,84048,1
73781,368,-10100,16800,-8935,-2238,9450,175480,85241,1
73921,-5028,-9652,4176,12696,7487,-13215,170433,84044,1
74061,5304,-8068,18696,-7183,-10087,5906,175594,85290,1
74203,-2596,-6764,10424,7781,-1511,-8995,172089,84784,1
74343,4388,-6512,13800,-374,-3886,-1279,174931,85052,1
74483,5044,-3348,16160,1056,-894,52,174059,85093,1
74623,2380,-5272,13236,-2366,-3108,2293,172780,84751,1
74763,10136,356,20460,-583,-833,-3588,174666,85119,1
74903,-148,-6112,7480,3561,1778,-3,169647,83740,1
75045,7940,-5788,16884,-5371,-8568,6039,171755,84288,1
75185,-456,-5380,11456,8360,5185,-8049,168919,84069,1
75325,6360,-6220,12512,-3460,-2546,4786,170551,84147,1
75465,4888,-1876,20064,8434,306,-7818,171520,85133,1
75605,84,-5804,9916,-6092,1377,6170,170176,83942,1
75747,11036,3896,27612,5054,-5516,-11034,174221,85310,1
75887,-816,-4408,7936,-6660,-897,10105,170203,83906,1
76027,10600,-1028,23336,5826,-5643,-15032,174164,85573,1
76167,1104,-3896,9000,-7056,-1499,16491,172598,84609,1
76307,-1224,-3724,16244,10643,-4298,-20043,170620,85116,1
76447,2960,-8528,8852,-6334,-2682,11666,171883,84431,1
76589,3420,-3636,14400,3650,1191,-5411,172561,84764,1
76729,5216,-5720,14652,1059,-727,-1883,173189,84939,1
76869,6220,-4932,14772,-3652,2408,4560,174579,85206,1
77009,-1044,-7116,7864,7298,4869,-10461,171093,84482,1
77149,9712,-7776,14716,-5313,-10418,17915,175006,85233,1
77291,-8584,-7196,7792,6801,8791,-18592,170397,84124,1
77431,14172,-8520,13460,-6390,-1769,20949,175290,85263,1
77571,-12008,-7636,8200,3715,9649,-9792,169985,84016,1
77711,18596,-4124,17780,-4868,1980,11942,175491,85461,1
77851,-12436,-6152,8440,706,10273,-1634,170786,83890,1
77993,32640,4384,21772,2865,6523,8977,176254,85606,1
78133,-12948,-5912,7968,-1825,9400,-5888,170136,83856,1
78273,22744,3388,19808,-3008,3880,6652,175261,85545,1
78413,-10376,-6088,9212,-877,3184,-197,169211,83802,1
78553,24876,2656,22276,-2370,1737,-6702,175688,85638,1
78693,-1044,-3792,12600,-1234,-4398,11105,172562,84793,1
78835,6108,-6560,12904,-3848,1317,-2415,174027,85088,1
78975,6468,-3856,13360,7533,4076,-5621,173964,85346,1
79115,6348,-4764,13436,1092,-3067,3776,174464,85250,1
79255,5104,-2816,14960,-404,185,-2208,173541,85111,1
79395,8060,-3880,13732,-496,-429,1179,173391,85014,1
79537,-2288,-5436,11832,2096,8487,-9270,171690,84585,1
79677,11600,-2884,17488,-3577,-7030,21674,175321,85396,1
79817,-11296,-6528,6248,2299,7553,-14532,169414,84010,1
79957,12924,-5436,16588,-1871,-3704,15830,175628,85473,1
80097,-7864,-6588,9232,3014,6595,-13562,171250,84565,1
80239,11644,-2388,17600,-1217,-3565,17774,175943,85557,1
80379,-9596,-5972,7852,1838,5553,-23276,170159,84176,1
80519,12388,-2040,19248,-2056,-808,25409,175617,85607,1
80659,-12356,-6004,6116,-607,4593,-15085,169509,83979,1
80799,23192,-1152,20472,-5289,694,13668,176290,85724,1
80939,-12684,-5908,7072,5421,9289,-7074,169137,83727,1
81081,17172,392,22156,-2110,1109,2953,175553,85466,1
81221,-4036,-6772,7048,3012,7125,-6718,168576,83844,1
81361,9576,-1396,18320,-3392,-832,20249,173324,84885,1
81501,-11204,-5144,11064,3483,9177,-17871,168677,83757,1
81641,11980,-4904,13080,-2503,2650,22684,172808,84652,1
81783,-17440,-6576,9148,2368,10035,-12151,169024,83691,1
81923,15288,-3324,16528,-3753,2756,16060,174996,85120,1
82063,-17604,-6824,9544,-3453,7608,-3346,169598,83999,1
82203,31944,6932,21588,-3068,200,6087,176338,85859,1
82343,-14776,-4960,8536,-162,8306,1474,170453,84076,1
82483,30944,9280,24380,-2545,-5208,-2392,176307,85778,1
82625,-9996,-4004,9484,-458,6206,6802,170898,84150,1
82765,23224,2920,20788,-7100,-656,-4547,176387,85761,1
82905,-512,-3600,9480,7962,280,6041,170581,84483,1
83045,23312,4484,26420,-7440,-4923,-8053,176183,85758,1
83185,-5744,-2936,9828,-442,981,12074,170894,84210,1
83327,26740,8356,28844,-791,-18815,-13383,175996,85815,1
83467,-4832,-1632,9908,1042,3719,11891,170477,84080,1
83607,26140,7796,25936,-3743,-11795,-8524,176159,85861,1
83747,-3840,-3780,9656,-35,7627,8417,170221,84132,1
83887,20364,2852,22236,-2890,-7846,-6504,175066,85505,1
84027,-5692,-5496,12588,-2797,4567,8856,170326,84046,1
84169,13448,-2428,18396,-4194,-2963,-9432,174521,85487,1
84309,-2596,-4268,8752,9212,3087,7994,171190,84376,1
84449,25536,7060,30348,-6177,-10071,-2822,176339,85871,1
84589,-11672,-4832,6904,-7800,10310,2962,171563,84218,1
84729,31336,8048,32556,1815,-21438,-3234,176464,85991,1
84871,-10792,-4528,8976,-5085,6487,6551,171850,84297,1
85011,27416,8740,32767,4252,-22992,-14912,175976,85972,1
85151,-6760,-4300,9216,-4878,1140,13172,171863,84422,1
85291,11332,1832,27756,9841,-15062,-20091,174006,85974,1
85431,-6220,-3972,8288,-7929,2480,14835,173174,84751,1
85571,-444,-4788,12164,15398,-3448,-22333,171764,85254,1
85713,-1772,-7776,11148,-6904,-6888,22520,173534,84958,1
85853,-7132,-6268,10168,11467,-842,-20897,170316,84616,1
85993,2096,-7708,10936,-5652,-5416,20045,173723,85027,1
86133,-10904,-6932,8876,11653,1702,-17281,170251,84294,1
86273,3816,-7856,13252,-7215,-4638,18356,174938,85332,1
86415,-10724,-7568,6808,9663,4964,-13257,170254,84069,1
86555,6856,-7364,15344,-8539,-4158,16171,175357,85381,1
86695,-8976,-8092,5196,8669,10009,-7054,170465,84262,1
86835,10640,-232,23324,-6488,3326,8428,175684,85592,1
86975,-8020,-7596,5200,658,7940,-2804,170376,84170,1
87115,19000,552,20108,-3256,5895,13253,176357,85624,1
87257,-12456,-7904,4788,-609,9888,-11811,170837,84223,1
87397,21996,1196,19588,-4712,8173,10075,176657,85796,1
87537,-13092,-7032,6680,-98,10550,-1786,170953,84315,1
87677,29656,5968,26756,-4277,1070,-1170,176926,85966,1
87817,-8056,-5164,8584,-3738,6305,8370,173030,84632,1
87959,15572,5604,31728,9740,-15798,-20526,175820,86032,1
88099,-3496,-5992,8980,-3960,7515,11330,171862,84441,1
88239,9756,3200,25300,13646,-15218,-15481,173087,86020,1
88379,-4056,-4860,11072,-7592,371,16571,172869,84846,1
88519,-5548,-2396,13020,11387,-5689,-22276,170026,84961,1
88659,1172,-5372,12220,-7473,-2809,21433,173504,84973,1
88801,-9684,-7720,6184,9296,3469,-18774,169999,84061,1
88941,5516,-6708,15604,-7858,-3112,19711,174599,85228,1
89081,-10044,-7792,6468,6561,5916,-15736,170084,84112,1
89221,11852,-6028,19160,-8849,-1777,16340,175332,85499,1
89361,-7796,-8396,9956,-4247,90,-955,171427,84721,1
89503,772,-8068,13160,225,-328,1402,174314,85376,1
89643,-5624,-8776,4684,11651,5441,-12955,171572,84525,1
89783,7504,-7024,17776,-4912,-7158,15210,176353,85949,1
89923,-11492,-7720,5524,6240,7339,-15050,171094,84334,1
90063,14472,-5392,17360,-6055,4546,11169,176802,85934,1
90205,-12184,-8532,6452,5741,14554,-9985,171177,84234,1
90345,19492,-468,19800,-4261,4204,9726,176662,85918,1
90485,-14908,-6736,8904,-2351,11796,435,171885,84430,1
90625,29688,4580,24356,-2306,-669,-1113,176979,86143,1
90765,-9044,-3584,11164,-1254,4962,11475,173382,84839,1
90905,22240,6236,27764,1548,-18341,-14747,176287,86136,1
91047,-4068,-3752,10168,-1766,-1551,15510,173831,85150,1
91187,3796,2028,22608,9904,-12376,-25100,173297,86043,1
91327,740,-4316,10864,-2727,-2391,20066,173672,85271,1
91467,-3784,-1520,14004,11970,-6370,-20589,171059,85290,1
91607,1340,-3868,13200,-5187,-5754,23114,173316,85131,1
91749,-8236,-4920,9712,6431,2360,-24663,169982,84485,1
91889,6396,-5912,14000,-5058,-5319,23698,174658,85368,1
92029,-11064,-8760,5536,6581,11421,-19327,169858,84378,1
92169,11204,-6724,15952,-3208,-10324,17918,174907,85182,1
92309,-14180,-8688,7096,3487,18552,-11344,168858,83941,1
92451,14180,-3112,18372,-3615,1172,12455,175154,85340,1
92591,-13016,-7880,5900,1451,13291,-11112,169369,84064,1
92731,18752,112,19156,-4311,-2813,7950,175706,85685,1
92871,-13208,-7056,6300,-2659,13763,-2900,169138,84028,1
93011,30640,4732,22392,-3427,4654,6193,176499,85727,1
93151,-10644,-4956,7224,-4216,10985,1079,169857,84095,1
93293,32767,12040,31536,1208,-11990,-1462,177505,86319,1
93433,-7668,-5236,7576,-3581,2823,6035,170512,84270,1
93573,23888,10016,32767,5314,-12655,-10090,176136,86211,1
93713,-4516,-3600,9704,-5702,1961,10997,170302,84315,1
93853,13500,3748,26132,8021,-12046,-18588,174071,86178,1
93995,-1396,-2276,10032,-3850,-3978,17413,171142,84532,1
94135,4264,-696,18948,8755,-4280,-20392,170959,85669,1
94275,-1188,-4944,10324,-5073,-1948,16914,171215,84693,1
94415,-836,-2760,12956,9172,4229,-20709,170259,84776,1
94555,7512,-6428,13240,-3459,-2932,19919,172716,84982,1
94695,-9784,-6860,9708,6165,7374,-18947,169206,84115,1
94837,11132,-4568,15216,-4577,-2883,18608,173032,85075,1
94977,-9660,-8120,7104,2401,9080,-17195,168884,84035,1
95117,16084,-1376,18840,-3556,1215,14983,174856,85530,1
95257,-14188,-8420,7976,-7040,5701,-13811,169908,84327,1
95397,19424,-112,19404,-741,3676,7664,176178,85797,1
95539,-13944,-6536,11800,-2014,7177,7324,172978,84791,1
95679,22960,680,22728,2915,3890,-7793,176722,86275,1
95819,-6184,-5140,12752,-2047,-1174,15935,172283,84939,1
95959,5824,-1904,19540,7062,-5049,-22632,173064,86315,1
96099,-3528,-4904,11068,-2771,-2377,19858,173485,85180,1
96241,-3928,-3868,11248,10080,774,-26062,169418,84778,1
96381,9180,-6288,13460,-1153,-13352,25356,173173,85184,1
96521,-10200,-8624,8204,2142,8037,-19836,169693,84259,1
96661,12156,-944,20832,11,600,12129,173922,85609,1
96801,-3392,-7260,7880,-18903,5177,2706,173370,85054,1
96941,-3648,-5124,5188,27180,2714,-3513,169364,84536,1
97083,4032,-5692,23752,-17071,-6013,1898,176543,86087,1
97223,140,-6892,2200,2315,1452,4985,169979,84249,1
97363,3392,2116,27456,21607,-4576,-4204,175086,86225,1
97503,1488,-2412,11904,-27295,-2246,1387,175580,85748,1
97643,-1564,-8188,-480,17755,3664,4649,168774,84070,1
97785,17864,3624,31840,-7280,-9547,-1720,175467,85881,1
97925,-616,-7548,3164,-8069,2282,3273,169682,84243,1
98065,-2480,-252,19136,26807,-4834,-8406,171522,85605,1
98205,340,-4076,11292,-25202,-304,4491,173233,85075,1
98345,-1316,-6524,2132,18808,6910,-2673,168607,83980,1
98485,8452,-3360,26396,-16202,7027,8069,173984,85291,1
98627,-356,-6700,1220,2926,3763,875,168877,84009,1
98767,9600,10136,32767,13743,-11912,-10089,172800,85544,1
98907,960,-3832,9396,-19451,853,9204,170093,84230,1
99047,-4132,-4760,4084,25415,11503,-6967,168591,84331,1
99187,5696,-5428,15892,-22447,-3244,10464,176657,85779,1
99329,-3884,-6432,164,17866,5386,-7055,169427,84253,1
99469,11944,-3372,25716,-18468,1526,5781,177462,86244,1
99609,-2856,-6248,-876,7305,2594,2566,169665,84348,1
99749,18784,8232,32767,-4605,-13384,-2958,177611,86462,1
99889,-2968,-6496,3080,-3940,2224,3529,171555,84401,1
100029,12760,12304,32767,6291,-17221,-7486,177247,86462,1
100171,-1996,-3580,3688,-13113,2642,5659,170714,84228,1
100311,-7304,-764,21276,26403,-4600,-8947,170775,85649,1
100451,48,-4656,9508,-25221,-3866,4240,174913,85682,1
100591,-5908,-5792,2944,25900,9013,-4683,169930,84248,1
100731,4100,-7624,16880,-23717,1080,11519,176584,85783,1
100873,-2936,-6136,632,15725,6710,-368,169481,84156,1
101013,15808,-2724,25516,-15141,-1538,4794,177244,86198,1
101153,-2368,-7220,2052,2760,4637,-452,169471,84256,1
101293,25976,10544,32767,-4715,-7316,1964,177128,86298,1
101433,-2896,-6472,4748,-3361,1902,4805,169613,84222,1
101575,7504,5476,32767,13494,-9460,-13149,175872,86404,1
101715,-2652,-4596,4852,-14334,22,6611,172454,84701,1
101855,-6896,-4432,9624,27544,7813,-8619,169218,84478,1
101995,2012,-8580,13204,-26391,-2513,7292,175672,85519,1
102135,-2184,-6612,-40,19259,7075,1636,168572,84025,1
102275,12648,2040,31768,-14279,-2799,2019,176732,86173,1
102417,-1244,-6232,1112,-824,2845,7845,168873,83992,1
102557,11556,8612,32767,8865,-9748,-10656,176146,86269,1
102697,2204,-4212,6052,-15190,905,3593,171303,84467,1
102837,-3888,-2620,4360,32767,15263,-3339,168841,84433,1
102977,3672,-5548,18544,-27384,-8340,3549,174643,85265,1
103119,-2956,-6688,-788,10592,-418,2614,168092,83955,1
103259,20676,9724,32767,-7076,-15062,-3615,176501,86253,1
103399,-1536,-5500,3096,-8565,4159,5778,168858,84213,1
103539,-3428,-100,23744,26500,-2251,-7194,171815,86095,1
103679,-152,-4180,10324,-25063,-3450,4397,172802,85054,1
103821,-2884,-4680,468,24676,7664,-1567,168577,84114,1
103961,9292,-4536,23400,-21843,-8111,7977,176372,86089,1
104101,-6012,-7412,-796,9831,4965,907,168686,84224,1
104241,28248,12340,32767,-4957,-6847,-124,177347,86391,1
104381,-3088,-5052,1536,-6671,7320,4802,170704,84274,1
104523,348,3176,32767,21824,-12137,-12725,173365,86341,1
104663,-376,-3444,6476,-21288,-905,7306,173016,85075,1
104803,-5136,-2700,4016,29034,9192,-7842,168736,84415,1
104943,1964,-6988,15552,-25893,-2885,12659,176810,86247,1
105083,-3488,-6012,268,14562,3917,-3650,168966,84270,1
105223,25468,6184,31320,-12276,3840,4317,177048,86358,1
105365,-4720,-5040,1580,-3623,1149,5353,168924,84159,1
105505,13572,9596,32767,13386,-24523,-14907,176115,86646,1
105645,-2476,-3520,4036,-15275,4074,8755,171557,84631,1
105785,-6924,-1820,9388,28298,1626,-13381,168620,84520,1
105925,1672,-7648,14380,-22773,-1599,12998,172693,84971,1
106067,-4204,-6132,1552,15666,8175,-5888,168308,84001,1
106207,15580,-540,25500,-15487,2721,9025,176595,86175,1
106347,-7040,-6224,664,1988,2365,2249,168291,84154,1
106487,30776,16580,32767,3510,-23554,-6767,177203,86660,1
106627,-3104,-2880,5708,-8636,4078,10261,169513,84402,1
106767,-8584,-2968,12536,28439,1598,-14695,169375,85381,1
106909,-796,-6276,11408,-22280,-1475,10237,172756,84989,1
107049,-4280,-5772,1804,16493,4393,-6583,169003,84384,1
107189,9856,-2712,21864,-12853,73,11599,176571,86322,1
107329,-10904,-5680,4500,3302,11753,-483,169048,84239,1
107469,26004,13632,32767,-4315,-9167,-1588,177425,86580,1
107611,-3656,-4400,4916,-8587,1643,3710,168421,84100,1
107751,1580,3288,32767,15861,-10805,-12882,172168,86568,1
107891,388,-4200,5744,-12800,-3114,12717,168211,84263,1
108031,-7728,-4684,7252,24004,2251,-16074,168379,84233,1
108171,2632,-5180,16604,-15125,-2652,17728,169992,84218,1
108311,-5468,-3696,3384,14573,5277,-9742,168053,84061,1
108453,13104,-2368,22708,-10674,-2246,12767,172151,85156,1
108593,-14680,-5612,5596,-1556,10697,-8869,168397,84123,1
108733,24280,4412,22472,-1264,7802,3059,174559,85759,1
108873,-8360,-2884,12808,-2746,3013,14663,168649,84242,1
109013,10500,1780,19376,-629,-3667,-24648,172350,86006,1
109155,664,-364,12284,2810,-2293,25153,170302,84562,1
109295,-7044,-3436,15596,-2350,2638,-28078,169652,84729,1
109435,10236,-4072,11352,4555,2528,20200,172008,85163,1
109575,-13360,-6004,14644,-1666,1516,-17062,170384,84751,1
109715,16820,-2440,13784,865,-760,10558,174794,85896,1
109855,-13580,-5100,16256,-1673,5003,1952,170471,84597,1
109997,21940,1328,16820,-1709,-1665,-3433,175560,86314,1
110137,-8604,-3936,14388,1033,2849,10235,171032,84891,1
110277,16116,4336,20268,-4338,-5824,-19634,175143,86468,1
110417,-3936,-2876,12216,3609,948,19381,170905,84760,1
110557,1236,1508,17212,1414,-5418,-31758,171782,86042,1
110699,2852,-1116,11948,2418,1775,27308,172374,84935,1
110839,-8052,-4968,13484,-131,341,-24503,171268,85050,1
110979,14012,-1480,13728,3178,794,22563,176291,86163,1
111119,-17128,-7684,11572,-3663,4840,-14523,171215,84961,1
111259,28220,1968,16560,606,-81,13654,177819,86777,1
111399,-21776,-5640,15620,-3859,3607,1236,171398,84962,1
111541,24456,5704,20500,-3807,-5716,-15628,177184,86810,1
111681,-5940,-2268,14620,3013,-1721,17392,171477,84948,1
111821,11440,1088,15752,-3044,-3860,-28501,173811,86332,1
111961,5056,-1640,12652,6626,-4453,24606,173112,85446,1
112101,-8044,-5516,13820,-4199,-764,-23943,171261,84993,1
112241,15456,-2724,11436,4106,773,18693,174829,85820,1
112383,-17768,-5648,16068,-2104,10895,-5211,171265,84776,1
112523,17528,-340,16908,-2180,2759,-3731,175930,86275,1
112663,-8200,-3076,16764,-937,5277,9720,171971,85183,1
112803,17556,-108,15844,-2299,-5712,-14734,176500,86749,1
112943,-1388,-1584,14144,3838,-5904,21962,174721,85897,1
113085,-1036,-2540,14432,199,671,-28829,172872,85844,1
113225,6516,-2704,12540,2348,-2252,24378,175066,85832,1
113365,-7068,-5164,14576,-1685,-1297,-22806,171970,85539,1
113505,12316,-3048,13588,4181,-842,18458,175685,86168,1
113645,-10972,-5304,14788,-3684,2994,-7008,171599,85139,1
113785,17444,-3952,13580,-5087,1334,-2161,176089,86346,1
113927,-6224,-3988,14712,-614,-1635,12452,172642,85246,1
114067,6556,-1528,14708,1393,3727,-23191,174623,86326,1
114207,6520,-3028,13860,4813,-6792,21713,175265,86176,1
114347,-7812,-5488,14412,-2637,610,-17608,171978,85485,1
114487,17548,-4432,13732,-2891,2224,10220,176740,86392,1
114627,-8540,-4400,14028,-313,1075,7707,171893,85122,1
114769,12044,-836,17740,-1106,4061,-21198,176608,86759,1
114909,224,-3256,11624,3394,-2155,19802,174107,85575,1
115049,2448,432,25340,6263,-954,-7769,175803,86780,1
115189,3444,-5812,6444,-17887,2677,3471,175437,86094,1
115329,-3028,-3576,1352,28036,4573,-2284,170085,84985,1
115471,6028,-6972,23860,-19379,-4160,7799,177828,86675,1
115611,-328,-6136,-516,7820,1610,3421,169797,84632,1
115751,18068,12088,32767,-2803,-5115,-1309,177790,86840,1
115891,860,-4052,4380,-7387,819,4706,171884,85111,1
116031,-380,1672,25832,21445,-2061,-6549,173665,86662,1
116171,2880,-3908,8960,-21771,-1692,2810,174605,85825,1
116313,-1752,-4564,2660,19535,6428,-1861,169380,84648,1
116453,7836,-6244,21364,-17795,-2692,5665,177361,86452,1
116593,-140,-5668,1416,7369,2854,1035,169324,84631,1
116733,12632,5728,31276,-6646,-1637,2131,177393,86785,1
116873,-3148,-5936,3708,-1188,3847,-308,169321,84612,1
117013,15100,12728,32767,3144,-12138,-8218,177523,86925,1
117155,-1220,-3252,4656,-12360,1852,4869,170403,84702,1
117295,-5976,-2524,11468,27410,8238,-8965,169386,85212,1
117435,3996,-6088,14596,-21226,-4256,2574,173156,85465,1
117575,-1276,-5312,1052,15944,6919,3399,168513,84424,1
117715,13592,1460,27952,-13192,-7501,3132,176307,86416,1
117857,-1848,-4456,3536,2613,7451,12517,168919,84526,1
117997,1264,7712,32767,11390,-9202,-8863,173363,86291,1
118137,64,-2144,7080,-17362,362,4279,168929,84500,1
118277,-6396,-4016,5360,25341,9835,-3484,168691,84633,1
118417,3508,-5912,17984,-23283,-5372,5348,174686,85567,1
118557,-2312,-4992,828,11247,2986,714,168523,84449,1
118699,18464,7816,32720,-10142,-11051,-298,176407,86473,1
118839,-3488,-3800,2896,-3208,5712,5903,168613,84360,1
118979,7068,7020,32767,19404,-11106,-14342,174101,86972,1
119119,652,-2168,6216,-16475,-946,6916,169757,84696,1
119259,-6784,-3668,7640,25174,10869,-8778,168735,84755,1
119399,4256,-6876,13600,-22016,-7451,11168,173735,85552,1
119541,-2212,-5116,1408,15412,6709,-5184,169005,84525,1
119681,11332,428,24268,-10879,-5552,4521,175770,86185,1
119821,-2952,-4328,3624,2997,2819,-367,169227,84676,1
119961,27244,12092,30240,-3692,-8938,1812,175829,86403,1
120101,-1004,-2844,5388,-5312,1581,4410,168959,84548,1
120241,9012,8468,32767,12241,-13466,-12924,173408,86446,1
120383,2368,-1872,7380,-11038,-499,6841,169046,84540,1
120523,-5892,-4188,12224,20532,8480,-10664,168903,85093,1
120663,3224,-4716,12096,-18970,-1396,11450,171898,85097,1
120803,-3716,-4196,1332,16583,6018,-4020,168605,84506,1
120943,11396,-484,27260,-14686,-7266,4680,176585,86438,1
121083,-3200,-4424,3060,1188,1329,906,168608,84447,1
121225,22460,15540,32767,2797,-13505,-6817,177137,86768,1
121365,-1500,-1836,4936,-9878,3846,7083,168761,84515,1
121505,-1772,376,25348,21542,-7369,-12385,171033,86719,1
121645,2280,-3444,8084,-16560,-4001,7947,170013,84610,1
121785,-5804,-4172,8136,18339,6123,-8052,168508,84625,1
121925,3004,-6796,14204,-15943,-3626,11258,171126,84836,1
122067,-3004,-5368,2968,13390,9875,-7555,168702,84500,1
122207,12024,-1548,23928,-10996,-1104,8121,172946,85553,1
122347,-2728,-4460,4876,1060,3547,2404,168099,84486,1
122487,25540,13140,31036,595,-7713,-1534,174374,85840,1
122627,176,-2712,5980,-2469,2040,2284,168282,84467,1
122769,20208,16700,32767,1638,-19299,-2786,176101,86574,1
122909,-3340,-3036,5808,-14619,1466,6310,168500,84522,1
123049,-2056,-1956,11412,27332,9788,-10301,169276,86120,1
123189,8456,-6644,11012,-18563,-12337,6665,173794,85745,1
123329,-5128,-5136,3192,19127,8920,-7233,168874,84705,1
123469,8632,-6652,19544,-18234,-2977,12234,176524,86208,1
123611,-3612,-5220,1924,7180,7250,-2563,168784,84564,1
123751,21396,3764,26400,-7941,-540,4956,176954,86599,1
123891,-2644,-4000,3764,922,2369,2019,169146,84790,1
124031,29132,10132,32767,-663,-10731,-1894,177251,86731,1
124171,-1912,-3068,4896,-3724,2998,3074,169075,84653,1
124311,23160,13188,32767,6991,-20451,-7861,176736,86851,1
124453,-936,-1452,6020,-5671,2067,3745,169141,84642,1
124593,4164,5764,32056,16325,-2613,-14293,173199,86844,1
124733,140,-1716,7372,-19431,3150,9608,171070,84904,1
124873,-3676,-4328,3516,22006,11656,-8079,168732,84626,1
125013,4676,-6824,16304,-20943,-5078,11768,174409,85653,1
125155,-4068,-5264,928,13644,8554,-4268,169091,84647,1
125295,16316,-848,25760,-12344,3455,8239,177461,86659,1
125435,-4128,-3772,2956,3067,3812,906,169289,84745,1
125575,24464,1132,23808,-7854,3129,6592,177311,86687,1
125715,-3404,-4108,2916,3653,6268,-37,169457,84785,1
125857,32767,9640,32320,-3057,-8001,-187,178050,86957,1
125997,-2816,-2672,4152,-2528,2364,3493,169657,84742,1
126137,30172,10512,31568,614,-10542,-2705,177642,86882,1
126277,-704,-1036,4872,2227,3337,1653,169299,84799,1
126417,28584,7996,32767,-5336,-10870,-1639,178148,87091,1
126557,-1692,216,5896,-7263,-895,6322,169823,84768,1
126699,3892,6080,18328,22682,-1299,-11369,170216,85307,1
126839,7024,-3608,14332,-14226,-3445,5759,171114,85088,1
126979,-3236,-1576,8356,9244,6800,-2842,169081,84758,1
127119,5444,-1416,15704,-12385,1897,5411,171877,85110,1
127259,-2888,-3164,5700,15988,12003,-7558,168785,84655,1
127401,8548,-2076,21056,-22182,-3058,14028,175555,86072,1
127541,-5240,-1324,1232,7022,-1048,-2585,168934,84627,1
127681,28424,15072,32767,-7400,-8873,277,178238,87281,1
127821,-3992,-1656,2464,-3018,3729,7626,169396,84733,1
127961,6012,10076,32767,14591,-9409,-12145,176648,87203,1
128103,-1156,-376,5548,-15821,783,4578,169451,84740,1
128243,-5588,-3020,15784,26046,6724,-8664,169645,85738,1
128383,332,-4472,10856,-19116,-7352,8442,172034,85245,1
128523,-4196,-4908,3404,19391,8454,-9717,168794,84693,1
128663,4612,-5428,16768,-19504,-3695,11762,172828,85351,1
128805,-5928,-5580,1572,12951,5003,-5686,168444,84498,1
128945,12588,176,25472,-10508,-5607,6209,176465,86604,1
129085,-7152,-4040,4016,2941,5545,722,168709,84730,1
129225,21764,12628,30032,-4945,-12232,-920,175743,86668,1
129365,-4020,-2484,4588,-1277,2114,3069,168352,84587,1
129505,22764,14716,32767,-3559,-13841,-233,176983,86938,1
129647,-3440,-2692,4616,-6564,5027,4397,169059,84701,1
129787,10564,11960,32767,10136,-11464,-11970,176927,87299,1
129927,-2248,-332,5716,-8331,1528,6852,169132,84925,1
130067,924,2572,21848,14513,-8143,-22904,172823,86932,1
130207,9976,-432,14180,-3409,-4703,14320,173783,86114,1
130349,-15048,-2852,14212,-2837,7635,-1788,169488,84820,1
130489,25464,5720,18164,-1230,-1603,-2178,175580,86758,1
130629,-12984,328,15740,-2363,7348,14528,169927,84997,1
130769,16432,2656,17608,-2737,-5620,-18589,175841,87074,1
130909,-7192,1500,15184,2281,3525,23898,171430,85253,1
131051,6172,3032,17672,-5852,-7224,-32768,175793,87107,1
131191,2252,1404,12900,7958,-3437,29483,173636,85884,1
131331,-4756,-1128,18392,-6072,-4161,-32768,174200,86939,1
131471,9596,-1236,10840,8062,-566,27142,175713,86588,1
131611,-11700,-6020,16396,-5933,-707,-22565,173717,86265,1
131753,15972,-3572,10908,3004,-2047,13525,177183,86842,1
131893,-15628,-3888,18016,275,7729,1179,173308,85843,1
132033,22320,-4,14876,-5309,1028,-1502,178417,87510,1
132173,-8100,-1600,16408,4992,1693,14574,174245,86060,1
132313,13844,1468,16256,-7871,-6118,-23171,177245,87387,1
132455,-1192,-824,13348,8109,-1281,24120,174209,86086,1
132595,3404,212,17948,-7269,-4508,-31632,175419,87109,1
132735,3744,64,12116,10487,-2383,29363,175900,86727,1
132875,-3304,-972,17920,-7488,-6410,-32768,175716,87123,1
133015,7424,-2336,10036,10866,-293,26294,175578,86629,1
133155,-6844,-5088,15144,-906,-3244,-26858,174222,86664,1
133297,6532,-1716,14560,6589,6851,26663,177786,87042,1
133437,-5692,-4204,14840,-4613,-387,-28919,174984,86823,1
133577,8504,-1424,12156,8488,468,25696,177446,87140,1
133717,-7296,-4620,17348,-6959,616,-25361,175014,86733,1
133857,11660,-3148,9468,9076,4663,21912,177262,86971,1
133999,-11096,-5540,16152,-2304,1283,-17395,175056,86698,1
134139,7120,-4400,10836,4358,1205,18009,177876,87190,1
134279,-11160,-5448,16732,-3864,1781,-24927,174595,86756,1
134419,10680,-2036,11480,8102,2110,22924,177964,87284,1
134559,-12856,-6656,14284,-2452,186,-23735,174416,86510,1
134699,18600,-1132,12840,7764,5487,24654,178913,87388,1
134841,-15408,-6496,13628,-1772,1731,-18998,173433,86136,1
134981,15036,-6764,13208,-15515,2833,12065,178673,87237,1
135121,1380,-7876,2468,13213,-4588,8878,171138,85813,1
135261,-9624,-3276,24756,818,10143,-21138,175860,86773,1
135401,21244,-6828,7636,-2836,-3071,9901,178242,87351,1
135543,-11672,-3944,17508,1831,1140,11573,174964,86316,1
135683,16408,1892,16220,-9269,-579,-21144,178313,87510,1
135823,-2856,-88,14908,11977,-2913,24300,176381,86902,1
135963,10612,3676,19788,-14590,-6133,-30401,178291,87476,1
136103,10508,-5828,7084,9748,6743,20736,173175,85958,1
136243,-12264,-6228,17316,-827,11346,-10381,173368,86016,1
136385,17200,-1936,13000,2809,975,12462,178374,87288,1
136525,-13532,-2992,17164,-700,11183,663,173728,85920,1
136665,22268,852,15404,-6221,-784,-7049,178017,87496,1
136805,-4592,224,16088,8610,1583,21212,173385,86024,1
136945,12636,3220,17160,-11977,-3531,-26194,177382,87218,1
137087,1712,636,12340,8160,512,25770,173614,86069,1
137227,372,-1008,16100,-8471,-8588,-31014,174731,86899,1
137367,7968,-1812,11240,11308,-609,24482,173477,86258,1
137507,-9840,-4684,17776,-5909,-6318,-26621,173065,86159,1
137647,7700,-648,11932,10910,-3003,24852,174778,86560,1
137789,-12064,-5204,16080,-3281,-1163,-25242,173657,86377,1
137929,16548,452,16212,3539,-3773,19137,176879,86965,1
138069,-18244,-6592,13976,-8018,459,-12210,172833,86027,1
138209,18624,-804,14512,6059,3345,15400,176158,86940,1
138349,-21456,-4248,15488,-1488,9215,-4333,173090,85924,1
138491,21204,2156,18584,41,247,-30,177216,87110,1
138631,-15996,-636,15144,-881,7084,9594,171971,85649,1
138771,19360,6336,19348,-10917,-11267,-19703,177264,87536,1
138911,-3008,744,13416,6874,-121,26767,172746,85944,1
139051,-2140,588,16048,-5010,-4706,-32768,175010,87101,1
139193,8004,104,11416,9973,-339,32271,175958,86739,1
139333,-13388,-5188,15248,-3853,-5354,-27625,174335,86601,1
139473,16528,-1484,11244,6502,172,21650,178138,87361,1
139613,-20592,-5436,16928,-1175,2617,-13142,173410,86243,1
139753,19528,24,14872,-1399,-1134,9004,178375,87537,1
139893,-15284,-3184,14728,-4068,8473,2975,173009,85873,1
140035,20764,3212,17708,1066,-61,2700,178495,87605,1
140175,-14296,-2272,15140,-671,4978,5628,172086,85755,1
140315,17436,2404,17088,-3322,-945,-16372,177426,87646,1
140455,-10068,-1016,12868,5754,7929,15323,171106,85451,1
140595,19072,9688,26228,-14241,-9713,-3496,178587,87691,1
140737,-5540,-5144,1940,379,-211,10221,170713,85422,1
140877,9968,15264,32767,5844,-11386,-13256,178567,87676,1
141017,-1288,-2908,4148,-10514,725,5006,171660,85669,1
141157,-3832,2180,29508,24434,9219,-5451,173836,87431,1
141297,-932,-2608,6884,-19371,812,3497,173491,85941,1
141439,-4864,-1236,4952,27820,12601,-6179,170541,86253,1
141579,3896,-4952,13936,-19300,-5734,3502,176555,86738,1
141719,-5592,-4604,752,17286,7548,-6075,170444,85739,1
141859,8028,-5296,21116,-17153,-4729,4545,179310,87726,1
141999,-4140,-3728,1904,6788,3111,-272,171376,85750,1
142139,21756,19076,32767,-3363,-14945,-608,178968,87761,1
142281,-2776,-2292,4208,-4453,2027,5428,172488,85714,1
142421,-668,13284,32767,8642,-10839,-8326,178243,87727,1
142561,-2268,-2188,6588,-10612,1168,4044,173219,85949,1
142701,-3940,764,25340,19194,5592,-6248,173235,87157,1
142841,412,-4776,11388,-17458,44,7146,174356,86145,1
142983,-2648,-4020,2020,17215,4959,-4812,170894,85548,1
143123,7048,-2844,20668,-14983,-7398,4611,177806,87247,1
143263,-3580,-4284,3228,5705,8850,863,169919,85337,1
143403,16352,9300,25284,-9480,561,5511,177838,87255,1
143543,-236,-4340,4224,-1076,1936,1118,170390,85406,1
143685,14364,12748,32767,904,-16230,-6729,177935,87342,1
143825,-852,-3712,5476,-6591,2096,5675,170234,85285,1
143965,-5492,-848,31116,20561,4115,-6681,172500,86765,1
144105,-516,-6592,10316,-18325,2731,8119,172596,85603,1
144245,-3164,-4140,6728,15539,10291,-5848,170868,85660,1
144385,6232,-8076,17824,-15858,-5411,6959,175865,86541,1
144527,-4600,-5824,1444,11762,2603,-2681,170581,85528,1
144667,3848,-3544,24696,-12946,-14067,1828,176700,86939,1
144807,-3652,-4100,2944,4561,2052,-158,170523,85521,1
144947,19116,13124,32767,-3738,-5697,-1192,177631,87223,1
145087,-4408,-2960,3512,-4917,5346,5971,170194,85386,1
145229,11952,10044,32767,10131,-5874,-9519,177948,87497,1
145369,-2592,-3072,6416,-14647,2064,7961,170596,85351,1
145509,-3252,-3520,13672,25964,9857,-10056,171793,86990,1
145649,5228,-7544,11844,-16701,-6704,9905,174106,86156,1
145789,-4508,-4384,5196,17485,8789,-7811,170495,85788,1
145929,12416,-8420,18892,-17001,-15771,5448,177456,87192,1
146071,-5192,-5640,1856,9247,4325,-1997,171042,85677,1
146211,12704,6208,28836,-10126,-5547,3282,177723,87347,1
146351,-5728,-4356,3040,-1452,4452,2229,170474,85570,1
146491,19980,18440,32767,2397,-16554,-6011,177788,87413,1
146631,-2208,-3768,6188,-10419,3499,4727,170457,85548,1
146773,-3864,-1876,23912,20156,-798,-9858,173752,87487,1
146913,364,-6512,9476,-14898,-1411,7626,172019,85710,1
147053,-3820,-2840,6008,21943,10409,-8073,169979,85594,1
147193,6860,-7764,15592,-18096,-6254,8667,175648,86555,1
147333,-6200,-6236,2496,9400,8419,-2042,169945,85463,1
147473,16008,12148,30692,-10034,-8186,2615,178975,87791,1
147615,-4136,-4648,4512,-769,6343,3659,170152,85460,1
147755,4156,10160,32767,7751,-4379,-10205,178209,87651,1
147895,-2064,-3784,5924,-12208,1031,6110,170768,85734,1
148035,-4172,-3080,9568,23906,8270,-7083,171123,86678,1
148175,1984,-8348,10384,-15556,-12399,4195,174575,86455,1
148317,-4652,-4600,3220,15655,13438,-6401,170195,85581,1
148457,6536,-6384,16000,-17882,-9842,9704,176381,86818,1
148597,-5536,-5172,-48,11227,4141,-3975,170095,85569,1
148737,19724,9964,32767,-10697,-12164,6840,178352,87411,1
148877,-6540,-3168,2588,-4127,15380,3889,169833,85370,1
149017,10456,12100,32767,7993,-6450,-11743,178615,87768,1
149159,2040,-2648,6812,-15019,6548,11389,173671,85907,1
149299,-2060,-3616,12628,27439,13047,-8867,172671,87292,1
149439,7356,-6552,10984,-19983,-13101,12970,176729,87273,1
149579,-3836,-4604,1912,20997,8692,-8355,170731,85938,1
149719,7016,-6280,17000,-14573,-19956,5451,177921,87472,1
149861,-6976,-5596,1732,8601,10270,-1826,170637,85647,1
150001,15532,8536,32116,-10128,-15876,2990,179319,87899,1
150141,-3988,-1684,3784,839,10247,8440,171446,85772,1
150281,12592,16760,32767,787,-5511,-5538,179638,88062,1
150421,-3204,-3236,4988,-8614,9072,3157,175138,86521,1
150561,4020,7480,32767,9708,-3031,-10004,179418,87943,1
150703,328,-3180,6816,-9266,3063,7158,176180,86867,1
150843,3612,1552,32767,19230,11048,-6116,179067,88014,1
150983,228,-4684,7008,-12229,-2028,7402,175966,86997,1
151123,-712,-212,18680,22219,9498,-8621,175810,87894,1
151263,2200,-2576,9828,-16108,-1208,6405,176441,87062,1
151403,-2460,-3036,5800,21301,9011,-5142,171637,86723,1
151545,3248,-6252,11932,-18742,-5419,5694,178048,87240,1
151685,-2524,-4868,1564,15842,6176,-2515,170282,85688,1
151825,9272,-2204,22528,-16473,-6918,4939,179002,87760,1
151965,-4644,-5412,1464,7601,1343,-248,170095,85681,1
152105,17504,11500,32767,-11149,-16241,1767,179433,88044,1
152247,-5764,-5156,1212,2490,3681,4028,169877,85555,1
152387,12260,18112,32767,-2097,-8808,-3857,178733,87897,1
152527,-3920,-3524,6140,-7289,2900,3319,170432,85770,1
152667,-920,2816,31868,21342,2677,-4516,176320,87836,1
152807,1092,-1904,8836,-11838,-1294,3747,171058,85843,1
152947,-4220,-320,12088,21331,10699,-6002,170974,86941,1
153089,56,-2748,10228,-17042,-587,3348,173487,86269,1
153229,-3624,-3232,3504,15997,7106,-4734,170295,85984,1
153369,2808,-5320,15996,-17439,-3411,6880,175927,86862,1
153509,-5064,-5972,1152,9713,2790,-2071,169535,85659,1
153649,18608,13864,32767,-10177,-9729,3976,178378,87665,1
153789,-7052,-4748,1208,-1487,3276,3956,169879,85531,1
153931,9940,14780,32767,3140,-6393,-3886,178369,87816,1
154071,-3940,-2552,3988,-9633,4917,4001,170436,85653,1
154211,-1840,3440,32767,17608,-1406,-8887,176953,87950,1
154351,528,-2140,7156,-16442,1022,5355,172305,85888,1
154491,-2992,-1916,14716,27145,10958,-5529,172238,87247,1
154633,3644,-4492,12564,-21952,-9110,10134,174072,86440,1
154773,-2584,-2712,1040,23157,5639,-10771,169867,85773,1
154913,2688,-8024,16644,-18723,-1056,7029,175825,86895,1
155053,-4148,-4600,1208,11726,3473,-3799,169760,85739,1
155193,13592,4084,30080,-11950,-3620,4509,177855,87305,1
155333,-6332,-3904,1876,-1061,3722,3557,169506,85556,1
155475,10644,19364,32767,3176,-6733,-6691,178101,87802,1
155615,-4824,-3044,4608,-9918,5230,5803,169926,85631,1
155755,944,5252,32767,20028,35,-8219,177193,87936,1
155895,-684,-1932,7452,-19367,3306,8018,172535,85981,1
156035,-1816,-3092,5968,30700,9666,-5213,170823,86676,1
156175,1008,-5224,11944,-23650,-5670,9513,175351,86713,1
156317,-3176,-2604,964,23671,6008,-5583,170450,86027,1
156457,2740,-6028,15228,-22348,-5807,5227,177350,87408,1
156597,-7028,-4884,256,11610,2799,-3129,170029,85778,1
156737,20272,12840,32767,-13965,-13007,4963,178688,87771,1
156877,-6944,-3432,2536,-3656,8824,5314,170201,85678,1
157019,4532,6600,32767,12589,-3906,-5586,178931,87990,1
157159,564,-2500,7264,-11307,3348,6736,174229,86366,1
157299,-3820,-2100,14016,24418,4470,-8054,172369,87471,1
157439,864,-2712,9108,-18507,-9770,7591,174447,86631,1
157579,-3920,-4852,2292,14060,7591,-4937,170051,85827,1
157719,15328,10464,32767,199,-10522,-202,176490,87036,1
157861,-452,1728,14752,3552,1240,-213,170329,85836,1
158001,2328,2676,14512,1288,-2000,-570,169762,85648,1
158141,5176,7944,25412,-12038,-5660,8127,171395,86474,1
158281,-16240,-3432,8428,-12411,11476,-1360,171015,85884,1
158421,32396,8812,24324,-1872,-7253,-4784,179737,88360,1
158561,-13160,-900,14012,-3226,4935,16032,174672,86581,1
158703,15068,896,18828,-3468,-3085,-26022,179584,88382,1
158843,-6216,-1008,13840,3079,-3526,28324,177980,87636,1
158983,2156,536,20232,-747,1494,-32768,179270,88392,1
159123,-36,-1340,11176,3176,-2107,32767,178653,87980,1
159263,-5724,-5780,14100,420,6968,-32739,177543,87935,1
159405,11356,-2400,12804,3815,990,30699,179147,88128,1
159545,-19128,-8076,11480,-3656,3565,-17914,175308,87335,1
159685,27516,2644,19960,-2305,-2517,8149,179571,88432,1
159825,-26184,-6460,11828,-8144,9048,6960,174357,86719,1
159965,14780,2040,25812,-625,-22708,-25808,178117,88513,1
160105,-14408,-6116,12512,-7464,814,25201,176050,86885,1
160247,-7732,-8192,6020,3863,6637,-29740,173021,86494,1
160387,-6908,-3388,13428,9787,7893,32767,176917,87330,1
160527,-11964,-5960,11432,-513,-745,-32768,174689,87057,1
160667,3020,-4136,10648,9431,8657,29799,176423,87347,1
160807,-17824,-9552,10260,-2626,-912,-26422,174259,86751,1
160947,19900,-3224,8348,8797,18170,27418,176867,87192,1
161089,-23592,-9840,13128,-3484,8804,-24513,174628,86725,1
161229,22488,1192,15052,2488,19652,21711,178926,87876,1
161369,-25576,-6768,12532,-5446,5854,-479,174447,86718,1
161509,29836,584,22876,1882,-12703,1175,178895,88331,1
161649,-21128,-6684,11996,-6211,-2273,-7993,175736,87084,1
161791,23296,-3308,16464,5214,2508,19076,178694,87961,1
161931,-29332,-5964,13132,-4602,12885,-5474,175709,86881,1
162071,31504,-2152,21512,5703,-5167,4240,179279,88467,1
162211,-22224,-1132,15596,-3989,2226,7323,176634,87226,1
162351,17228,488,14288,-4479,-21154,-22581,176833,88245,1
162491,-17404,-1156,15452,3069,8993,30664,176784,87034,1
162633,8148,-824,13820,-9337,-11203,-31528,178531,88435,1
162773,-13068,-3680,14012,6338,-3246,28299,177454,87476,1
162913,-184,-740,13160,-10682,-3645,-32768,178160,88294,1
163053,-8900,-4972,9904,6560,-12599,32767,178205,87909,1
163193,-4260,-6140,9800,-5380,-402,-32768,175669,87373,1
163335,-7284,-6576,10520,9078,-8883,32767,177355,87697,1
163475,-12876,-4112,13404,-2905,-3094,-32768,175863,87211,1
163615,3548,-3296,9320,5812,8171,28606,177981,87776,1
163755,-25664,-9904,11008,-3196,2539,-27541,176278,87368,1
163895,12020,-2804,10060,4726,18249,26671,179866,88236,1
164037,-17208,-9936,8872,-4130,-4727,-30877,177640,87796,1
164177,6284,-3296,10848,10998,8482,29704,179994,88288,1
164317,-19724,-9708,10628,-4092,6517,-25408,178383,88010,1
164457,18916,460,12948,4324,2427,23465,180307,88543,1
164597,-30784,-9216,12396,-3628,5572,-9246,177968,87691,1
164737,22048,-2816,16536,1520,-11682,819,180243,88702,1
164879,-30248,-6160,13784,-507,6499,8246,177417,87377,1
165019,5712,-5588,6180,-6160,-12735,-29154,178512,88368,1
165159,-8508,-680,15796,11705,8171,32767,179679,88181,1
165299,-7292,-2716,12756,-9510,-3193,-32768,178898,88241,1
165439,-6544,368,10576,5011,6985,32767,178995,87919,1
165581,-13896,-4816,11088,-5898,741,-32768,178088,87988,1
165721,6428,-1524,7912,10682,7423,32767,179494,88241,1
165861,-26172,-8660,14888,-1624,1599,-27971,177197,87758,1
166001,20240,-2428,13920,1645,7182,16908,179663,88456,1
166141,-28212,-5580,12284,-3075,13717,3736,178157,87541,1
166283,18092,-7308,9128,-840,-13564,394,179408,88485,1
166423,-19140,-3356,11864,4269,2677,18344,176803,87196,1
166563,3204,-2000,13592,-6727,-13056,-31330,178219,88349,1
166703,-7484,-3852,10284,12253,-4870,32767,177898,87884,1
166843,-13432,-1808,13524,170,-9949,-32768,175701,87612,1
166985,384,-1420,11204,10743,19112,31965,177920,87626,1
167125,-10548,-2420,10876,-4261,-11198,-32768,175402,87373,1
167265,2128,164,11696,5973,11203,31408,178363,88038,1
167405,-20136,-5072,10388,-1834,-7867,-31304,175842,87393,1
167545,10520,1020,12568,4601,19648,26966,178528,88063,1
167685,-25016,-7188,10380,-3326,-4394,-25899,175792,87344,1
167827,18768,1148,15408,3468,11562,20519,179246,88305,1
167967,-29204,-7772,10452,-2462,6477,-14312,176005,87291,1
168107,27120,2260,19928,295,5054,12567,178996,88525,1
168247,-23992,-5888,12092,-1945,9304,1384,176449,87312,1
168387,27640,8508,24072,-20,-3061,2515,179406,88554,1
168529,-13592,-3232,10776,-2420,4639,11218,176420,87408,1
168669,10968,1116,19400,4274,-27360,-20634,175435,88224,1
168809,-13832,-4220,12820,-1600,5492,23614,175188,87371,1
168949,-5568,-2264,14296,1802,-23934,-32768,173866,87692,1
169089,-7728,-6348,11628,-13045,-6469,24947,173351,86816,1
169231,-5020,-9016,3176,12761,1959,-4725,172579,86506,1
169371,5912,8420,32767,-163,-8763,-6520,178422,88172,1
169511,-1192,-6336,4544,-12625,2399,2310,173462,86584,1
169651,-9152,-3212,13048,27687,8555,9063,173519,86948,1
169791,-4172,-6360,13924,-31427,-3975,-8485,175540,87157,1
169931,-624,-7988,-2252,24249,4695,14061,171570,86459,1
170073,-4312,-3492,29036,-27164,-2015,-8594,177211,87856,1
170213,448,-12580,356,-17602,17,-10196,172541,86966,1
170353,-25660,-7160,6088,-2641,15142,17559,176403,87428,1
170493,7580,-9140,10092,6742,-14363,-23832,177437,88378,1
170633,-12416,-7108,9128,-1960,738,30443,179449,88097,1
170775,-3352,-8832,1640,10953,-5878,-32768,177561,88298,1
170915,-8832,-7368,8328,1994,-375,32767,179428,88208,1
171055,-11672,-8868,5688,3029,-4220,-32768,177570,88206,1
171195,-2052,-9476,9736,2822,1103,32767,179947,88535,1
171335,-13948,-12248,5892,-3753,-5986,-31597,179736,88543,1
171477,9472,-7872,7512,8911,8298,26051,180650,88738,1
171617,-19220,-12656,6416,-7846,-5360,-32768,179123,88417,1
171757,17212,-8736,6788,10788,9418,18912,180332,88904,1
171897,-30244,-17224,9280,-8105,9404,-17214,179442,88247,1
172037,26664,-6968,6948,2117,3185,14369,180894,88963,1
172179,-27360,-18056,5236,-8044,5022,-20814,179721,88405,1
172319,22120,-7640,5184,7479,8700,19396,180790,88894,1
172459,-27520,-18152,6212,-7127,5593,-19010,179663,88431,1
172599,24592,-6972,5816,5526,7664,18462,181041,89100,1
172739,-27136,-17144,3588,-10677,3953,-19740,180111,88533,1
172879,23260,-8636,4244,9390,4379,17818,181137,88990,1
173021,-28784,-18348,3460,-5867,6541,-20462,179760,88439,1
173161,23660,-7428,5948,7556,7618,20953,180457,88933,1
173301,-21512,-16888,1464,-8170,-6248,-26364,179066,88482,1
173441,22428,-7736,5080,4791,2230,18994,180621,88928,1
173581,-29396,-18260,184,-7402,5603,-21337,178884,88167,1
173723,24872,-6884,4976,4372,3809,16709,179947,88761,1
173863,-29900,-18348,-1672,-7087,9762,-15108,178829,88046,1
174003,27264,-6312,5848,6067,1932,15821,180204,88884,1
174143,-31564,-18944,-1284,-5467,6658,-16905,179061,88132,1
174283,30532,-5608,6700,4555,-2567,11049,180295,88873,1
174425,-30672,-18968,-1756,-5226,10914,-7863,178698,88016,1
174565,31500,-5156,8940,5099,-4132,7344,180144,88772,1
174705,-25952,-18160,-564,-7934,12833,-5694,179362,88202,1
174845,29944,-6360,8996,5056,-3674,3132,180310,88935,1
174985,-24612,-16972,-884,-4952,24189,4320,179736,88173,1
175125,28892,-6928,10476,5891,246,597,180137,88825,1
175267,-21476,-16952,772,-4641,23350,4727,180379,88301,1
175407,21148,-8660,9004,9806,8268,11504,180626,88789,1
175547,-22056,-14248,4876,-916,19708,3904,180868,88538,1
175687,8024,-8780,11112,9707,4734,8793,180973,88871,1
175827,-8856,-11404,9760,317,-1501,6670,181372,88866,1
175969,-5660,-9880,9752,-1703,379,197,181561,88831,1
176109,-6344,-10360,9520,-784,1755,3458,181786,88897,1
176249,-8440,-9968,9276,78,2274,2767,181522,88936,1
176389,-7860,-9024,8212,1244,-58,1154,181417,88913,1
176529,-13468,-10488,3816,12649,-141,-26904,181007,88763,1
176669,20716,4960,20664,22316,2396,11181,181173,89026,1
176811,-23568,-4200,16124,2296,2655,2936,181143,88655,1
176951,19292,5784,15336,621,-23753,-11629,181118,89136,1
177091,-17924,-1772,15560,-379,14234,15074,180595,88678,1
177231,10244,2952,8220,3352,-29223,-26828,180838,88969,1
177371,-9808,2956,17996,-94,26650,18842,180463,88595,1
177513,7360,1444,12760,-1774,-14201,-21894,180629,88913,1
177653,-10360,1632,15212,3478,15690,18252,180394,88498,1
177793,7268,8244,15692,-689,-24589,-22282,180403,89141,1
177933,-8920,2760,13948,-2455,18267,17108,180394,88630,1
178073,12220,6156,14680,-1201,-26778,-19610,180728,89166,1
178215,-10536,1444,12144,447,16140,19836,180525,88578,1
178355,10472,5120,14700,-1524,-21873,-18725,180459,89019,1
178495,-7156,1236,12928,700,9830,16706,180249,88729,1
178635,7000,7316,17836,-2715,-19709,-23958,180545,89074,1
178775,-8656,1444,12808,-171,16955,20409,180300,88652,1
178917,3320,6200,18572,-3063,-19677,-32264,180185,88945,1
179057,-10136,2536,12180,-5046,17525,25527,179878,88422,1
179197,4708,2168,16248,1009,-20764,-32199,179577,89029,1
179337,-8736,-160,12980,-237,14283,24955,179630,88393,1
179477,2540,2420,16740,1610,-18852,-31321,179478,88920,1
179619,-9072,652,13140,-466,13782,25460,179224,88199,1
179759,2032,4968,17252,-1589,-20773,-32768,179114,88829,1
179899,-6044,1692,13520,889,15949,25183,179280,88302,1
180039,-3376,852,12676,-183,-17154,-32768,177818,88674,1
180179,-4464,1396,13720,943,13755,26831,178162,87970,1
180319,-3700,956,13896,-2964,-18358,-32768,177200,88471,1
180461,-3628,764,12744,3617,13306,25819,177850,87932,1
180601,-4176,1964,15268,-1818,-14663,-32768,177277,88391,1
180741,-1508,1324,13988,3694,13719,25739,178034,88070,1
180881,-3204,640,13240,-4809,-16659,-32768,176785,88320,1
181021,-1616,1852,14888,5814,14367,28304,177422,87880,1
181163,-2316,-2084,11764,-3986,-12823,-29557,176534,88034,1
181303,-6200,2136,13924,5969,15775,27664,177218,87844,1
181443,-932,1524,12736,-5989,-17829,-30969,176861,88355,1
181583,-2704,2356,15572,6272,8558,24234,176665,87899,1
181723,-1760,-308,11704,-6969,-24100,-29904,175432,87451,1
181863,11808,8412,19060,13112,25343,18443,175692,87539,1
182005,-3976,-1880,12488,-21101,-11589,-17003,174528,86975,1
182145,-3352,-640,10724,23632,23497,12654,172582,86813,1
182285,2324,-3104,13080,-21087,-16226,-10341,174435,87078,1
182425,-3896,-3480,6776,21428,22155,6146,172273,86685,1
182565,1588,-5584,14380,-23777,-8572,-2201,176182,87421,1
182707,-1892,-4152,2340,21215,14780,3837,171415,86500,1
182847,-448,-7332,16640,-23066,-3652,1140,176855,87493,1
182987,-2972,-4844,2096,22574,11734,3540,171695,86707,1
183127,-184,-7828,15872,-21631,-5885,2913,177756,87912,1
183267,-3804,-3676,1584,22117,8685,-369,171478,86613,1
183407,788,-8704,16984,-22615,-7050,2492,176708,87539,1
183549,-2116,-4792,260,20137,7970,669,171491,86523,1
183689,1176,-8476,18988,-22562,-6447,3416,177198,87715,1
183829,-2712,-5396,232,19247,9997,1723,171798,86739,1
183969,3900,-6276,21056,-19681,-4717,3294,178656,88270,1
184109,-3120,-4868,136,19616,7447,2390,171551,86687,1
184251,3576,-6464,21932,-19731,-3784,3583,179417,88611,1
184391,-6468,-5208,836,17657,4293,2812,172300,86809,1
184531,5568,-3520,24032,-18244,-4960,3655,179712,88765,1
184671,-6304,-5828,-888,13808,3549,-2020,172105,86889,1
184811,6980,-4228,24412,-16347,-6155,4862,179560,88677,1
184951,44,-5320,144,15672,8979,-7413,172136,86805,1
185093,5956,-4476,21940,-14091,-9774,3119,179051,88144,1
185233,-3880,-6552,8200,4373,-5101,-8279,171549,86541,1
185373,11360,-1164,16204,-871,-1096,-1744,171359,86630,1
185513,4880,-3044,13796,-130,809,-1471,170687,86396,1
185653,5740,-2740,14212,-545,230,-541,170695,86383,1
185795,6936,-1988,13516,-41,1250,-31,170692,86335,1
185935,5532,-1812,14620,4388,8340,8488,170998,86495,1
186075,-6616,-1404,16764,1263,11373,8732,171489,86645,1
186215,-3264,-1496,15772,-5049,5046,1285,172066,86999,1
186355,-5264,-3340,13652,-4365,3050,3864,172123,86993,1
186495,-5572,-3804,10876,-678,-360,464,171906,86801,1
186637,-5272,-420,15348,6182,5131,-24059,173999,87641,1
186777,-4144,-352,14528,4340,1079,26416,174678,87276,1
186917,-3628,1440,12952,4741,-11343,-32768,174824,88337,1
187057,-8024,1492,15192,2294,10739,23624,175545,87546,1
187197,-2100,700,13028,-512,-11502,-29309,176477,88477,1
187339,-2308,4444,14120,4577,13999,29624,176236,87811,1
187479,-8668,1288,12432,-2131,-14722,-31411,174947,87856,1
187619,2960,4784,11688,3110,19800,28417,176916,88038,1
187759,-17992,-2680,11220,-38,-17980,-26539,175816,87923,1
187899,6752,2748,12944,2667,20712,25059,178561,88139,1
188039,-17704,-4588,11200,-2927,-13222,-23307,175433,87646,1
188181,2984,2900,13632,3932,21469,23887,178454,88195,1
188321,-19316,-5188,10564,-1330,-16579,-29115,175717,87615,1
188461,10648,2588,11996,9461,27124,23136,179758,88814,1
188601,-17416,-3556,13324,2621,-16122,-20215,175279,87629,1
188741,12904,564,11968,3779,16127,22799,179761,88818,1
188881,-25652,-6252,11352,-2397,-12007,-16451,175477,87398,1
189023,21400,1728,14812,6358,11372,19905,180235,88986,1
189163,-28824,-5776,12552,1486,-10553,-20049,175690,87507,1
189303,20388,1784,17408,3633,9095,16946,179992,89151,1
189443,-29308,-7204,9744,-4589,6207,-6470,176477,87677,1
189583,27904,5360,16468,297,-9667,10336,180705,89217,1
189725,-30640,-6548,7376,-2030,8223,-6769,176360,87571,1
189865,27352,3152,15132,2116,6977,16949,180417,89085,1
190005,-23100,-4116,11528,-1882,11870,7885,177113,87937,1
190145,11908,7556,14880,-4161,-28229,-28889,179313,89063,1
190285,-16264,188,9328,1428,32767,25997,177699,87952,1
190425,-3444,5352,16216,-1462,-30624,-28328,178436,88815,1
190567,-5756,1680,10500,3559,22410,25092,178389,88251,1
190707,-10632,192,13564,-1417,-32271,-29140,177023,88398,1
190847,-1024,1544,11312,6436,25831,23325,178563,88471,1
190987,-6360,1120,12796,-89,-32768,-28986,176620,88365,1
191127,-9156,1876,12256,2494,28230,21897,177873,88066,1
191269,2332,1144,13436,-2191,-27953,-21254,178072,88605,1
191409,-8120,2192,11580,1934,18748,25023,177626,88089,1
191549,-11384,-896,15592,-1855,-16983,-18406,176666,88176,1
191689,3488,-3108,11688,-1376,2229,9117,175120,87580,1
191829,-21024,-6512,12876,1334,8989,-12981,175610,87488,1
191969,9948,-1600,13592,5396,7193,10918,176714,87899,1
192111,-14580,-2424,14972,2932,7043,3465,175225,87452,1
192251,3352,-496,14504,-4545,-4448,-8028,175781,87693,1
192391,-11244,2272,13556,-1,20413,12416,174952,87415,1
192531,18580,1232,12744,-1650,-26618,-9162,175145,88265,1
192671,-17908,1948,13168,-1307,17095,19193,174117,87164,1
192813,-4144,3196,14044,-4076,-17672,-29474,176348,88041,1
192953,-9616,1820,11556,-1694,16415,27438,174016,87189,1
193093,-12848,-2952,12248,-1524,-13388,-25728,175190,87759,1
193233,1680,396,11924,4278,12654,23941,174819,87596,1
193373,-15920,-4080,12780,695,-18526,-29440,175357,87801,1
193513,-148,1072,11912,5916,17720,25112,176443,87952,1
193655,-17104,-5012,13336,910,-14668,-25171,176118,87882,1
193795,7912,2488,12388,6358,15527,22609,177144,88099,1
193935,-20136,-6068,13712,-2405,-16819,-26900,174805,87662,1
194075,6296,5072,11708,6978,30685,24462,176778,88058,1
194215,-19060,-4656,12972,276,-7932,-16391,175370,87661,1
194357,14720,1932,16004,-101,6489,17343,177747,88213,1
194497,-23696,-6624,12724,-3487,-457,-12556,174901,87389,1
194637,22652,2496,16480,782,1009,10400,177920,88471,1
194777,-25848,-7588,11008,-452,10874,-8013,175093,87481,1
194917,18392,3132,16092,6828,21322,22431,179229,88671,1
195057,-23972,-6044,12244,-1777,-2893,-14074,175707,87665,1
195199,21268,4248,18536,-3132,-2146,5843,179649,88934,1
195339,-32392,-9828,7076,-1364,10619,-10381,175271,87430,1
195479,28236,11768,20216,-2148,-3237,7352,180054,89149,1
195619,-15880,-3660,10472,-5341,10591,17258,175074,87469,1
195759,2196,-448,14420,12689,-17555,-29543,175551,88474,1
195899,-15508,-1400,14804,-5051,18809,27846,176411,87780,1
196041,-6456,-3356,8728,5544,-12409,-29882,175497,87927,1
196181,4164,1416,15192,-1506,9565,29793,177193,87883,1
196321,-18368,-8080,7024,-164,-10544,-25753,175118,87737,1
196461,20688,6152,15664,3231,14999,20815,179661,88725,1
196601,-22056,-9328,7544,-4561,3139,-15155,175756,87717,1
196743,29972,15116,24524,4497,-4771,10234,179900,88964,1
196883,-16872,-6736,11348,-3299,9519,3144,176482,87785,1
197023,21600,13916,25168,2240,-2056,9280,179891,89089,1
197163,-24524,-7012,10548,-6455,4091,-9169,176806,87952,1
197303,25868,10268,24380,-2608,-8535,3128,179569,89066,1
197445,-20208,-4176,10508,-8357,14857,11655,175750,87564,1
197585,12336,6916,25464,3529,-28438,-24386,178378,89217,1
197725,-19644,-4220,9476,-8236,13202,28069,175535,87517,1
197865,15896,8996,30136,-18356,-27182,-22610,179684,89193,1
198005,-1852,-9416,-7184,12074,6778,17247,172849,87177,1
198145,-1496,7480,32767,8991,-6961,-4243,179685,88721,1
198287,760,-8488,-2852,-17670,-6754,-10059,176328,87653,1
198427,-7948,1752,32284,22466,9914,2850,177596,88528,1
198567,-1736,-8136,2508,-24589,-4045,-65,176851,87818,1
198707,-7604,-2776,5952,32767,19719,3198,174266,88007,1
198847,-6588,-8136,13056,-32647,-6782,-2593,179415,88507,1
198989,-5916,-3480,-5224,24522,-1361,6797,171895,86807,1
199129,3980,1388,32767,-22219,-6270,-5618,179819,88693,1
199269,-5252,-9048,-5820,6206,-838,3680,172192,86996,1
199409,9264,14040,32767,117,-14248,-6429,179034,88717,1
199549,-3828,-5720,-1424,-10668,-2605,-4888,172281,86775,1
199691,-4828,2300,32767,23418,241,-3681,175713,88489,1
199831,-2216,-8684,5356,-18068,-2653,4439,173610,86840,1
199971,-5024,-8900,10816,27830,23892,-3368,174140,87730,1
200111,2744,-9360,12664,-22791,-14779,341,178718,88362,1
200251,-7572,-5396,588,21622,4543,6600,172383,87022,1
200391,7188,2848,25668,-19263,-18134,-3548,178293,88460,1
200533,-8936,-8312,2196,6000,8333,7377,172413,86957,1
200673,12012,6396,28652,-13171,-11345,-7668,176684,88037,1
200813,-2848,-9984,-1296,7487,5071,7086,171485,86925,1
200953,-136,13220,32767,7237,-18746,-9645,176485,88594,1
201093,-2040,-8888,2360,-15549,-276,220,171853,86872,1
201235,-14848,-5680,13772,24981,22588,-3559,173159,87086,1
201375,4348,-12444,7348,-23484,-18832,2137,172982,86903,1
201515,-6128,-5316,1720,25711,14344,7862,172478,87095,1
201655,6136,1552,26880,-19246,-10671,-1245,177341,87944,1
201795,-6436,-10200,3988,-8005,3646,-7482,172358,86928,1
201935,7676,3716,25984,26405,16367,12207,176213,88468,1
202077,-4684,-6724,11008,-27501,-22151,-22582,173908,87032,1
202217,10916,-260,8112,18125,29265,26518,173660,87662,1
202357,-30568,-10676,11808,2153,7532,-8666,176115,87847,1
202497,24356,-524,17120,-4636,2792,4934,180824,89375,1
202637,-23316,-2628,11440,-5835,17843,18396,177132,87798,1
202779,7124,1648,19888,-3371,-19187,-32428,179960,89445,1
202919,-9300,-3384,11468,-4031,9820,32767,179144,88374,1
203059,-4940,-7164,7448,-1417,-848,-32768,178184,88849,1
203199,-3800,-6844,9960,881,1045,32767,180342,89096,1
203339,-9544,-9020,5620,-972,-1836,-30495,178301,88679,1
203481,5308,-9456,8304,1904,4437,30134,180085,89046,1
203621,-21528,-11892,5480,-587,-4629,-31886,178424,88814,1
203761,16420,-11416,9188,825,5666,13132,180946,89403,1
203901,-25996,-14556,4872,-5223,14302,-9697,179130,88608,1
204041,25616,-5804,11084,4584,995,10990,180533,89374,1
204183,-28220,-13856,8284,-4752,22021,-2539,179053,88330,1
204323,25372,-9852,11908,2259,-1185,-1744,180328,89237,1
204463,-20508,-9560,10200,-5528,19850,10826,179951,88470,1
204603,22892,-8048,13452,1398,-15962,-12615,180137,89352,1
204743,-18808,-9596,8588,-8896,22118,14111,179011,88291,1
204883,23000,-10044,10060,3557,-15452,-10751,179007,89098,1
205025,-9472,-8080,9916,-566,12924,22573,180402,88812,1
205165,14968,-10064,11956,3590,-19522,-19634,179678,89177,1
205305,-12300,-8124,9740,-4104,14585,17654,180188,88721,1
205445,13112,-9824,12436,3777,-18313,-25686,179355,89155,1
205585,-13536,-9068,7204,-4774,18349,19596,180015,88530,1
205727,23820,-9628,13700,4584,-20306,-11512,179858,89273,1
205867,-22336,-10156,5728,-5193,20878,7696,179821,88572,1
206007,30168,-5808,17716,4524,-21316,-8530,179710,89298,1
206147,-29268,-10168,5720,-4927,25722,8579,179933,88559,1
206287,32767,-1312,18624,3709,-18455,2006,180560,89414,1
206429,-32768,-9824,4304,-1839,28496,4601,180369,88552,1
206569,32767,480,17620,1784,-18695,1220,180674,89365,1
206709,-30612,-11696,7208,-7352,24122,1096,180158,88709,1
206849,31484,-1884,16068,3602,-16175,-4555,180623,89520,1
206989,-8484,-3844,15576,10025,2509,24881,181213,89120,1
207129,688,-2072,14704,10975,-2594,-32768,181130,89346,1
207271,-1340,-2056,14176,9921,-5658,30485,181176,89254,1
207411,-19044,-5500,11076,3491,-10281,-32768,179184,88792,1
207551,8232,836,13948,2682,13948,24642,181594,89564,1
207691,-27012,-8468,9712,-3375,13414,-14796,181303,89164,1
207831,28424,6180,18768,-871,10047,10919,182142,89661,1
207973,-14372,-2160,10976,-4361,16200,11078,181407,89170,1
208113,20032,7780,25464,936,-27508,-21796,181828,89693,1
208253,-6740,-2016,13636,-1590,5443,25716,181540,89420,1
208393,-4756,-556,12368,7154,-23933,-32655,180015,89424,1
208533,-1780,-2736,12136,1558,-2356,31679,181160,89294,1
208675,-12976,-4108,8356,6831,-15850,-32768,178728,88715,1
208815,6424,-1536,12580,-682,4174,24573,181336,89271,1
208955,-25604,-10528,7540,-989,15248,-17260,179933,88788,1
209095,27920,8264,16988,3362,22492,16409,182062,89590,1
209235,-18492,-3960,8272,-8461,24163,208,180442,88894,1
209375,27768,11464,29284,302,-28277,-15285,181676,89760,1
209517,-12476,-2728,10876,-3305,11251,23567,180569,88807,1
209657,2080,784,13028,13215,-22988,-31936,179518,89634,1
209797,-7796,-3616,16448,-161,-83,29711,179865,89030,1
209937,-9348,-3392,7816,6897,-18953,-32367,177328,88484,1
210077,3456,1232,13268,2885,17171,30366,180245,88953,1
210219,-17764,-5056,7008,9503,-4109,-31360,178485,88471,1
210359,15192,2492,15040,273,19466,28637,182245,89561,1
210499,-18476,-4900,9396,7573,-5946,-15241,179562,88960,1
210639,9604,1044,14708,-568,10050,14935,181987,89627,1
210779,-24652,-3732,8624,6896,8231,-11378,179272,88734,1
210921,23736,788,18160,-2406,707,19160,182522,89810,1
211061,-30028,-4524,6420,-2620,10928,-5723,180048,88810,1
211201,28960,5732,16456,-4408,-11916,8639,182487,89907,1
211341,-24604,-3904,9360,-3653,11421,-3057,180300,88963,1
211481,32060,10764,22288,-3789,-16151,-1560,182745,90018,1
211621,-16164,-5456,11016,-5051,9112,7273,180642,88974,1
211763,24008,8096,23356,-2096,-25710,-10826,182377,89965,1
211903,-13232,-4216,10684,-3315,15987,15485,180704,88969,1
212043,21400,7804,27620,-1350,-28796,-13220,182396,90099,1
212183,-10680,-5344,9536,-3063,7583,12745,180352,88959,1
212323,-3680,-1276,16296,17652,-4755,-9925,180105,89527,1
212465,-12004,-5112,15260,-7764,8464,12338,180166,88897,1
212605,3840,2160,16356,834,-19788,-23358,180887,89643,1
212745,-8960,-2444,13316,-2546,9467,23145,180374,89135,1
212885,-2740,-3196,10920,2363,-23622,-29002,179069,89415,1
213025,-10628,-5836,13188,1486,14427,24999,179949,89023,1
213167,-972,2640,15084,-4006,-22961,-32341,180481,89604,1
213307,-7684,-112,11352,2705,7369,24660,180767,89128,1
213447,-6280,-624,12944,-1292,-24379,-32768,179341,89357,1
213587,-5320,-2376,10828,4678,10980,27327,180150,89166,1
213727,-12044,-2252,12516,-186,-17303,-32768,179110,89126,1
213867,-956,472,12524,4082,10026,27036,181063,89320,1
214009,-14624,-4744,12320,-326,-12876,-28510,179235,88950,1
214149,7392,-36,12712,2911,10364,25033,181207,89420,1
214289,-24304,-8228,11244,-233,29,-18310,178772,88708,1
214429,16296,2040,15068,1743,15642,18824,181773,89502,1
214569,-20180,-7400,10052,-223,12808,-5023,179314,88690,1
214711,29964,5700,20488,-1914,-654,6749,182001,89752,1
214851,-19044,-5012,10672,-2845,14266,7736,179687,88712,1
214991,27820,7992,22640,-6138,-26439,-11937,182001,89997,1
215131,-13600,-4804,11760,-5311,12807,20214,179928,88829,1
215271,13340,92,20460,970,-26990,-19150,180758,89845,1
215413,-12276,-6844,16416,-15966,2321,22395,179685,88932,1
215553,2572,-8952,-2672,-9116,-12377,-27693,176530,88229,1
215693,-7084,-1036,22052,10621,19993,24599,181217,89271,1
215833,4216,-8348,5728,-23481,13098,-25870,181202,89515,1
215973,-14020,-8256,4132,-9353,4472,32767,181468,89333,1
216113,-3044,-11768,-2440,4006,-1800,-32374,179495,89127,1
216255,-1020,-10376,8824,5486,-7892,31438,181726,89589,1
216395,-9612,-11812,4640,-344,-7704,-32768,181592,89624,1
216535,-1984,-7612,5348,7830,835,32767,181818,89689,1
216675,-10668,-13232,4080,-1020,-2132,-32768,181925,89691,1
216815,13420,-10320,6268,5645,3993,27435,182074,89763,1
216957,-27164,-14464,3852,-6856,-4179,-27016,181312,89462,1
217097,20712,-9652,4416,5207,278,16680,181944,89763,1
217237,-29996,-13836,6808,-1729,9930,-4682,181447,89378,1
217377,29096,-8916,8568,11522,-19593,-3364,182060,89894,1
217517,-27132,-5080,12604,4145,17288,17341,181471,89155,1
217659,20112,-2656,12992,3401,-30563,-25439,181480,89727,1
217799,-9860,-4440,14644,5111,3289,27946,181404,89280,1
217939,920,-7132,4392,4477,-17906,-32768,181441,89732,1
218079,-1080,-4568,14108,10545,8327,29503,181529,89465,1
218219,-10732,-6052,10532,-105,-10453,-32768,180416,89412,1
218361,12136,-3432,10456,7462,13301,29153,181748,89588,1
218501,-24208,-10172,10364,-1312,132,-24483,181353,89343,1
218641,24432,-1836,13268,3766,5747,18610,181967,89822,1
218781,-31148,-10080,9148,-4202,16738,-6403,181305,89320,1
218921,32767,2380,18020,-397,-14422,1613,182192,89950,1
219061,-28692,-5548,9084,-4750,19193,11279,181669,89308,1
219203,27748,3736,23072,2691,-30879,-13676,182559,90113,1
219343,-12268,-3108,14128,-4132,11654,19857,181577,89334,1
219483,7812,-1152,12772,-867,-24351,-32768,181176,89827,1
219623,-8128,-5248,14844,1454,2362,30126,181364,89432,1
219763,-1120,-5176,11624,-2161,-17084,-32768,181175,89642,1
219905,-9432,-4316,12368,-3721,10033,25985,181945,89534,1
220045,-2800,-9820,6832,2061,-6727,-29427,181667,89571,1
220185,-5156,-7788,10124,-1355,-1994,29798,181494,89583,1
220325,-8752,-9128,6364,1953,-9254,-30240,181319,89583,1
220465,-3772,-9844,11344,1221,4786,23245,181606,89599,1
220607,1624,-11956,-436,19674,-19768,-10553,181258,89678,1
220747,-2928,-2660,32767,-9050,4265,-2261,181630,89489,1
220887,5424,-10788,-2656,-11584,-7167,-2350,181209,89653,1
221027,-12032,-1040,28436,27956,6964,12201,180435,89301,1
221167,-1228,-7184,-1348,-28429,-6029,-12230,181366,89659,1
221307,-12300,-3552,19576,31438,8009,8839,180714,89316,1
221449,-2996,-5732,620,-32768,-889,-5450,181931,89773,1
221589,-10620,-3024,12284,32767,7700,4296,181155,89308,1
221729,-3240,-6428,5464,-32768,-1520,-12854,181592,89749,1
221869,-4244,-3824,-716,32767,11656,9723,180750,89340,1
222009,-3680,-10032,19896,-32356,-3910,-4906,181333,89588,1
222151,-480,-8792,-4316,23977,8865,9122,181116,89526,1
222291,3592,-6796,29252,-22249,-3067,-1517,181725,89597,1
222431,272,-9592,-4480,14467,4847,8859,181629,89736,1
222571,7996,700,32767,-10705,-6870,-2778,181394,89618,1
222711,3856,-11748,-3764,-5325,-5923,-432,181116,89618,1
222851,-6904,288,32767,19926,-2510,793,180716,89333,1
222993,-1032,-7160,2048,-27845,-4083,-9021,181817,89814,1
223133,-7936,-6096,5844,32767,12495,6823,180244,89181,1
223273,-5608,-8308,14144,-32768,-2004,-4851,181688,89760,1
223413,-644,-4676,-1172,29657,18181,13802,180817,89345,1
223553,-4336,-6740,24500,-28628,-5786,-10038,181135,89494,1
223695,4896,-11112,-4404,13246,1300,6146,178807,88910,1
223835,9200,2908,32767,1367,-17377,-2806,181645,89571,1
223975,2684,-12232,-1848,-10389,-12352,-1158,181125,89359,1
224115,-5068,768,27072,32767,-17747,-1821,178094,89113,1
224255,-3160,-2824,6312,-32768,2074,-8736,179588,89104,1
224397,-3908,-4356,364,32767,17422,11173,178899,88803,1
224537,-8628,-7776,20644,-31721,-9218,-11676,181417,89416,1
224677,812,-7812,-3448,21846,10285,11561,180998,89396,1
224817,6520,-2280,32767,-15658,-11707,-4327,181840,89626,1
224957,-3768,-10208,-3796,-3367,248,1869,181241,89432,1
225097,3744,3168,32767,16965,-12487,-5404,181010,89522,1
225239,-2224,-7684,1336,-23772,1842,-409,181743,89590,1
225379,-6928,-3896,6668,32767,8425,2072,180441,89167,1
225519,-2548,-9280,16900,-30445,-2771,2121,181985,89782,1
225659,-708,-8692,-1804,10250,1533,-1136,180106,89171,1
225799,21020,9132,32767,1272,-15433,-112,181444,89642,1
225941,-1036,-6008,3664,-9563,2185,8288,181487,89456,1
226081,-8388,-1944,24076,28121,4196,-452,180521,89315,1
226221,-1144,-6276,8780,-28999,-2488,360,181945,89779,1
226361,-3308,-5560,-536,27016,12537,2406,179369,88997,1
226501,4036,-7728,21796,-20162,1940,3757,181438,89564,1
226641,-5256,-3232,7664,9800,10456,16863,181230,89337,1
226783,6776,-840,17284,-8515,-10430,-31756,181440,89640,1
226923,3196,-396,12800,5842,9254,31747,181746,89569,1
227063,-9580,-6372,11716,-5905,-6460,-32768,181300,89590,1
227203,12872,-4940,9096,12753,4862,22809,181797,89768,1
227343,-25832,-10004,20984,-18527,877,-16545,181247,89454,1
227485,10756,-13104,-2180,5200,-732,-1692,182082,89802,1
227625,1200,-400,32767,10726,150,9108,181837,89462,1
227765,4556,-9104,4212,-19111,2114,-12094,181583,89737,1
227905,1016,608,9248,32767,2171,16183,180186,89444,1
228045,-8388,-5076,20692,-16829,-15528,-22384,177918,88677,1
228187,11100,-1004,3784,16564,22999,22322,180476,89290,1
228327,-18504,-5336,20140,-9022,10577,-12890,178419,88392,1
228467,19808,-2576,10664,6881,-7059,-4278,180429,89688,1
228607,-16076,2188,18840,4368,22249,15505,180080,88866,1
228747,15068,5604,15856,-7105,-21159,-25722,181389,89895,1
228887,-6456,2076,12748,142,13237,32767,181160,89385,1
229029,-7240,1460,10332,-5083,-18822,-32768,179082,88936,1
229169,9652,-180,9744,11745,12380,27823,181243,89568,1
229309,-26560,-6984,13400,-2663,-4775,-23845,178690,88619,1
229449,24656,112,16728,3398,5695,12738,182226,89918,1
229589,-14836,-2920,11164,3574,8415,9648,178747,88614,1
229731,10220,5484,18644,6942,-8668,-13455,181446,89676,1
229871,1804,1748,13712,6469,-342,1697,179915,89156,1
230011,252,2176,15140,-220,-3279,-2877,178074,88779,1
230151,436,3384,14544,-731,392,-703,177287,88397,1
230291,700,3208,15284,-377,66,-253,176604,88219,1
230433,1180,3404,15152,-481,258,-508,176147,87995,1
230573,556,3136,15024,-18,463,-105,175659,87875,1
230713,740,3276,14956,-137,374,-38,175224,87818,1
230853,-1304,10552,30360,-13882,-17125,3492,176170,88789,1
230993,-1872,-4084,4108,-32768,8309,6305,176436,87904,1
231135,472,-7552,-1276,13776,1537,5920,174052,87382,1
231275,6236,5380,32767,11447,-13167,-3851,181269,89553,1
231415,-1300,-4844,2980,-32768,5319,-5549,179376,88589,1
231555,-5308,-4612,-2432,32767,12516,5782,174205,87813,1
231695,1420,-7924,24660,-32768,11018,-643,181610,89564,1
231835,100,-9080,-6060,14218,-2820,6960,174033,87494,1
231977,16116,11544,32767,1027,-21483,-3578,181350,89627,1
232117,-1332,-7160,-1752,-17862,1113,1213,176951,88043,1
232257,-5388,-1840,29860,32767,5653,3459,177562,89431,1
232397,-2252,-4968,2512,-30201,-8043,-11685,179674,88813,1
232537,-2432,-3260,8420,32767,6691,3929,174404,88132,1
232679,-1356,-5596,15068,-29757,-7124,-1058,180768,89266,1
232819,-900,-2024,3776,32767,8586,3903,173826,87835,1
232959,-788,-5824,14180,-32768,-6002,-2986,180513,89204,1
233099,-1620,-2984,-572,32767,11606,3822,174093,87716,1
233239,16,-7764,16732,-32768,-6900,-2477,180857,89454,1
233381,340,-4668,-4128,30453,12541,3593,173908,87562,1
233521,5532,-3864,28348,-15489,1899,13542,181227,89513,1
233661,-19440,-5200,5008,-1564,12516,-28489,177691,88531,1
233801,23872,-3344,12464,5604,5914,22712,181189,89707,1
233941,-29828,-8320,13108,-3381,9395,-15128,178349,88633,1
234083,32120,-1316,14624,951,1431,5372,181732,89827,1
234223,-26880,-4624,15020,-3303,20973,5732,178968,88742,1
234363,29508,5192,17560,-1022,-10574,-18638,181618,90054,1
234503,-9696,-888,15996,2161,7767,25232,179065,88944,1
234643,6704,2024,12268,-2761,-18540,-32768,179895,89666,1
234785,284,1708,12744,9116,7173,32767,180195,89283,1
234925,-8036,-2464,11664,-2218,-16531,-32768,180265,89579,1
235065,12940,-1192,11304,8138,3267,28034,181354,89703,1
235205,-26828,-8184,14104,-5084,1121,-21422,178895,88966,1
235345,26428,-2688,13192,1184,9084,16709,181961,89953,1
235485,-30948,-6404,11372,-5747,17785,-4514,177771,88422,1
235627,32767,1388,15136,663,-12381,1061,182630,90127,1
235767,-21940,-3936,12920,2345,15218,9240,178682,88558,1
235907,26872,5200,20032,2546,-12033,-3025,181450,90007,1
236047,-10668,-4480,14316,-3341,881,4939,178682,88851,1
236187,1448,-3160,15220,-3154,3223,50,180332,89431,1
236329,-1288,-4144,14480,-1142,1165,3966,179964,89284,1
236469,-1348,-4472,14876,-2166,673,568,179269,89143,1
236609,2008,-3616,8156,8553,-3113,2863,176870,88541,1
236749,3008,4188,32767,-11014,-11660,-11666,180160,89415,1
236889,5148,-6252,-1208,-8571,2265,-933,174749,87691,1
237031,-4384,8332,32767,11663,-11070,-3116,178029,89264,1
237171,1724,-6636,-5564,-10816,1586,350,173922,87439,1
237311,-2664,5312,32767,19511,-7740,-7290,175809,89377,1
237451,612,-3424,944,-22234,194,726,176836,88173,1
237591,-10504,-1908,27876,32767,10970,-2515,174591,88527,1
237731,24,-5376,4656,-32249,-1420,2425,178350,88539,1
237873,-5332,-1608,4052,32767,11384,-67,173455,87596,1
238013,-1576,-6516,15104,-32768,-714,3356,180543,89153,1
238153,-3668,-4388,-2664,29816,7156,506,173374,87640,1
238293,6692,-8712,23052,-28501,-3319,4278,181553,89666,1
238433,-4928,-5460,-2272,19110,3707,1241,173534,87597,1
238575,22524,3532,32767,-14638,-7166,2722,181159,89701,1
238715,-6736,-4628,-208,-5668,-700,2780,174342,87488,1
238855,8136,7780,32767,14500,-11016,-8814,180411,89868,1
238995,-2748,-3720,3208,-13331,2969,3151,176526,88083,1
239135,-3392,1056,32767,23867,-867,-5600,177072,89567,1
239275,-884,-3856,4992,-26519,-1722,-906,177678,88485,1
239417,-5628,-2348,6840,32767,12763,-836,173840,88049,1
239557,-2488,-6980,11652,-32768,-2778,2910,180421,89031,1
239697,-2680,-4580,-332,30131,11848,-283,173415,87629,1
239837,-96,-8684,18660,-32768,1744,5239,181078,89456,1
239977,-1992,-6208,-3044,23630,3841,1437,173071,87513,1
240119,11176,-4968,27572,-18406,-5869,2985,181325,89685,1
240259,-3184,-7440,-816,10825,3584,1483,173897,87598,1
240399,20360,7068,32767,-2820,-11357,-13,180958,89660,1
240539,-1944,-6704,2828,-10803,4039,-17623,173765,87602,1
240679,7936,892,17092,15719,8130,32767,178515,88773,1
240819,-8576,-4572,13284,-5939,-7272,-32682,177348,88959,1
240961,12836,-1308,12572,6580,2221,25666,181027,89676,1
241101,-25156,-7364,13624,-3005,9865,-8525,176949,88326,1
241241,24032,2276,19788,-583,-7617,-10954,181558,90182,1
241381,-16608,864,16588,-252,12306,23011,177921,88502,1
241521,8144,1244,15348,-2679,-6995,-31240,180846,90006,1
241663,-1488,592,13808,4651,-489,31559,179867,89238,1
241803,-3792,-3728,13424,-3245,-1322,-32378,179200,89330,1
241943,8772,-1400,12468,7025,1224,30192,181008,89665,1
242083,-16580,-6372,10512,922,-7344,-27836,177121,88829,1
242223,17556,-2740,12204,5812,6079,26750,181200,89670,1
242363,-23820,-6900,12824,-488,-641,-23019,176573,88391,1
242505,24904,-1512,13120,3866,6149,18230,181848,89947,1
242645,-29432,-7420,12656,-4455,10075,-9918,176996,88380,1
242785,30240,1032,15028,3872,-8550,3420,181614,90166,1
242925,-21628,-1532,17008,-1626,16576,9318,177370,88415,1
243065,21884,3676,16104,-5558,-11738,-19483,181194,90079,1
243207,-7708,1196,17184,5884,7112,27350,178296,88759,1
243347,4852,-532,10520,-16377,-9314,-32571,180632,89673,1
243487,6396,3140,17336,19337,5848,28084,179149,89255,1
243627,644,-3376,14632,-22016,-10231,-26273,177401,88973,1
243767,11784,-1400,5404,21881,-297,19412,173783,87997,1
243907,-18112,-7172,24376,-11914,6427,-9383,174863,87820,1
244049,17656,-5228,2920,-4148,-4318,-7098,174112,88000,1
244189,-5260,68,23956,10745,7891,22964,174856,87935,1
244329,6324,-2532,9060,-15624,-5492,-25747,175413,88349,1
244469,7888,-368,10768,23542,3010,22889,173509,87770,1
244609,10116,-4292,23980,-16728,-6242,3738,179893,89630,1
244751,-12608,1924,2556,3107,17300,3691,176499,88107,1
244891,21328,2012,32767,6371,-14956,-11133,180809,89843,1
245031,-6216,-2364,8628,-14195,2877,10728,179431,89105,1
245171,-7744,-5540,10416,21074,-2948,-17899,175519,88868,1
245311,2052,-6488,14496,-17371,-1548,18837,180621,89565,1
245451,-15804,-4708,3316,12457,3180,-16491,175328,88122,1
245593,22192,-4804,21660,-11474,401,8179,181636,89928,1
245733,-20052,-5508,3780,1874,5309,-1032,176605,88336,1
245873,28464,9312,32767,6983,-8524,-539,181315,89917,1
246013,-5576,-5012,7524,-29915,9360,-20187,176596,88457,1
246153,14216,-4784,6484,22691,674,18810,177190,89123,1
246295,-21772,-9060,23204,-6615,2861,-4810,177770,88647,1
246435,17488,-5324,7588,479,-7826,-4386,179372,89445,1
246575,-5372,-2424,23836,9232,2328,18196,177433,88759,1
246715,10460,-3176,7816,-14938,-3826,-25310,177307,88956,1
246855,5424,248,14056,17196,2407,28827,177596,88788,1
246995,-1232,-5016,15404,-10918,-8213,-28739,176978,88950,1
247137,20516,-3756,10124,8452,1038,20278,180043,89638,1
247277,-16404,-3724,11524,-7973,12743,18027,178298,88497,1
247417,-6284,-672,12108,29412,5019,-20784,176293,89367,1
247557,1012,-6696,14060,-20353,-6474,13578,181247,89602,1
247697,-10140,-5688,3604,12038,3305,-13573,175079,88031,1
247839,13780,-4288,22968,-12432,154,9915,181079,89720,1
247979,-12220,-5960,1152,6304,4971,-3912,174676,87808,1
248119,27792,9700,32767,-8147,-14183,2179,181610,89853,1
248259,-5116,-6504,2096,-19468,6797,-10627,175180,87929,1
248399,10352,3300,23184,32767,-17256,4379,174622,88895,1
248539,-1988,-5948,9464,-30220,-1508,-10587,174215,87700,1
248681,3580,-4796,3216,32767,6479,5596,172907,87546,1
248821,-3748,-6532,20632,-27912,-1437,-1946,173964,87704,1
248961,9596,-10052,-2104,10540,7236,2588,172757,87531,1
249101,4128,-3392,28532,-12197,17287,13358,177044,88222,1
249241,3900,-9168,352,-3489,5402,-8795,173176,87541,1
249381,4136,1320,30760,23791,-16003,-13576,176860,89492,1
249523,664,-5428,10144,-17909,-8006,22352,178819,88991,1
249663,-9468,-8436,2512,14608,10067,-21717,174995,87809,1
249803,21056,4200,24616,89,-16941,-257,181053,89937,1
249943,-11848,-3748,13516,-8065,700,20129,178714,88779,1
250083,-1620,-6704,6404,14954,1479,-28656,175176,88477,1
250223,3500,-5524,17372,-6445,-16726,18773,179031,89119,1
250365,-14660,-9664,6408,-4321,13765,-11070,175899,88042,1
250505,32767,6404,19092,3818,-3954,6662,180652,89422,1
250645,-10320,-4036,18068,-12112,15059,12438,176015,88166,1
250785,11916,-10020,428,-1158,5439,-9058,173219,87591,1
250925,7088,4348,26724,14649,493,8456,174993,88220,1
251067,5896,-5120,7152,-23847,-15312,-20632,173272,87388,1
251207,5800,1940,12444,32327,10888,13467,173100,87655,1
251347,-3008,-5728,17708,-21837,-9256,-8310,174359,87866,1
251487,8884,-8324,1872,9691,13868,6627,172418,87411,1
251627,8440,3656,30452,785,7056,16116,177076,88351,1
251767,1920,-5600,5344,-24735,344,-12160,173309,87423,1
251909,-1504,-1972,6144,32767,6082,8375,173252,87777,1
252049,-4176,-5536,22732,-26467,-4255,2039,176745,88557,1
252189,2988,-9108,-400,-6137,3578,-2539,172687,87437,1
252329,-1560,5540,24020,32767,-9448,-1768,175125,89030,1
252469,-1876,-6040,13828,-32768,-3522,3541,177819,88700,1
252609,1912,-8128,-560,14230,8632,2542,172892,87447,1
252751,20020,9192,32767,7433,-13462,-622,180032,89323,1
252891,-456,-4588,6568,-29447,1629,-11303,173885,87487,1
253031,4872,-4388,776,32767,3544,6520,172531,87494,1
253171,-12592,-7344,25616,-24959,9178,4920,175052,87901,1
253311,8188,-8996,-1944,-2399,541,-10922,172502,87389,1
253451,13288,6444,32767,20087,-6177,11748,175196,88180,1
253593,3240,-5596,3508,-24269,-14907,-22130,173452,87601,1
253733,31164,7416,17368,16852,-6874,18765,176149,88645,1
253873,-17756,-3408,12912,-9965,21705,5949,175680,88046,1
254013,22928,2284,20812,6730,-14789,-21955,179128,89856,1
254153,-2608,-4160,9368,1406,-1672,24744,176085,88272,1
254295,-7372,-6220,12196,9752,-13778,-32768,175887,89036,1
254435,6524,-3664,10020,-1046,-3107,31930,180543,89247,1
254575,-15064,-7452,11188,2903,-2263,-28669,176602,88476,1
254715,16240,-5024,12496,2275,3229,20032,181411,89896,1
254855,-21132,-11528,14960,-11363,8781,-8470,177259,88500,1
254995,13984,-8664,7048,-4114,-7485,2470,175950,88134,1
255137,-6788,-6880,6480,24689,11617,6033,174335,87785,1
255277,8600,-2808,25032,-21700,5060,1578,180508,89509,1
255417,-1284,-8312,872,-13056,-2035,-10972,173855,87712,1
255557,4676,-780,11416,32767,-3175,-3272,173801,88620,1
255697,-6204,-9276,20040,-22200,-3363,-708,175460,88084,1
255839,6936,-7936,1616,-1733,6701,-9526,172616,87444,1
255979,15616,6020,29172,10949,6364,12755,175585,88313,1
256119,1164,-6352,7976,-26348,-1428,-4346,173519,87533,1
256259,232,-5200,1680,30089,11406,6057,172378,87453,1
256399,-2664,-9032,20456,-30855,4222,6008,176781,88545,1
256539,2068,-9632,-2988,6559,11850,7250,172510,87381,1
256681,5716,6020,32767,12689,11526,2287,180781,89533,1
256821,-536,-7436,5752,-24269,-1131,-2680,179126,88799,1
256961,-3880,-7228,1056,29010,7635,2002,173927,88238,1
257101,4696,-7332,24456,-21257,-17929,-583,181205,89707,1
257241,-3248,-10836,-584,1683,2339,7122,173599,87730,1
257383,-404,3028,32767,22913,-9208,-10393,176188,89325,1
257523,-1608,-6164,4592,-27049,1779,-237,176331,88029,1
257663,-4168,-4252,1452,32767,12374,5106,174568,88104,1
257803,-448,-8116,19976,-27310,-5164,2133,181451,89779,1
257943,-5004,-7024,-628,15848,4253,4826,174861,88139,1
258085,8956,6756,32767,-7801,-9340,-2259,181361,89832,1
258225,-7880,-7568,3452,-10226,5997,3455,177510,88516,1
258365,-9644,-2596,29268,22644,-4839,-11976,179141,89753,1
258505,-2192,-7712,5448,-22024,-1826,4122,180460,89377,1
258645,-8088,-6552,808,30558,12249,-3353,175777,88551,1
258785,2588,-8392,21936,-20174,-8265,3361,181263,89778,1
258927,-5976,-7596,976,7189,1190,-3284,175428,88081,1
259067,16604,9476,32767,-3634,-13296,-5103,181768,89985,1
259207,-3996,-7036,3224,-4550,1933,1764,175292,88017,1
259347,4492,3000,31840,11102,-5750,-9416,180563,89817,1
259487,-2832,-5440,6520,-10972,530,2896,175951,88141,1
259629,-4984,2504,23800,20814,3165,-1649,177537,89549,1
259769,-2324,-5340,8500,-19118,-710,3497,177369,88484,1
259909,-5224,-3484,14464,19870,7181,-1014,175028,88588,1
260049,-1364,-7252,11720,-19661,-3162,3322,176323,88273,1
260189,-3436,-5204,7708,21353,8556,-312,174391,88167,1
260331,1240,-8340,14004,-24143,-5484,-3189,177755,88631,1
260471,1520,-6336,2908,23679,6431,3233,173967,88017,1
260611,160,-9288,20032,-23998,-4541,-3189,179631,89427,1
260751,-232,-9324,1752,6637,9334,3202,173900,88410,1
260891,-3252,-8320,19872,-17418,3833,-7,181816,89958,1
261031,-836,-11304,2164,-6375,6384,504,174640,87926,1
261173,860,-5336,11536,16549,3955,857,178541,88946,1
261313,4376,-15016,18496,-7022,-24248,-7751,179250,89064,1
261453,5180,-12908,6572,-14995,-8674,17110,176086,88537,1
261593,2036,-11168,5676,-1850,1008,9936,175099,86766,1
261733,1936,-11968,6784,2969,-2697,1257,174352,86659,1
261875,-616,-15308,9224,1754,2887,-1069,175175,87270,1
262015,-1044,-13276,6252,-2062,2901,1208,176274,87627,1
262155,800,-10340,6292,2229,16167,-11964,177744,88714,1
262295,-2000,-14248,9724,12713,20960,-20891,182442,89614,1
262435,2400,-10116,14080,4078,5191,-8938,182330,89614,1
262575,416,-11688,10568,752,-1521,1435,182277,89624,1
262717,1632,-10208,9136,6184,-4506,6245,182499,89710,1
262857,360,-9980,12856,8858,-3544,4086,181870,89581,1
262997,208,-4164,16636,2539,-1899,530,182037,89780,1
263137,-248,-4844,14264,416,-1567,294,182109,89702,1
263277,1328,-5912,14752,1779,-3349,-794,182151,89736,1
263417,1320,-5400,14048,231,-636,-902,181521,89523,1
263559,2084,-4804,15004,-191,888,-681,181285,89445,1
263699,-804,-11824,16572,-8066,7557,5929,182223,89691,1
263839,92,-11852,8800,334,-1170,3811,182502,89781,1
263979,460,-1632,14500,6314,2806,1895,182630,89723,1
264119,-548,-1960,14068,3590,-3498,-1343,181927,89536,1
264261,-1608,-2912,14136,2972,-943,-1339,181092,89267,1
264401,-1236,-1680,15740,1300,-1038,-1987,181320,89338,1
264541,-660,-3476,14844,-180,-1209,230,181729,89548,1
264681,2132,-2828,15836,-3101,-2051,1048,182541,89733,1
264821,-2136,-3940,15056,-2962,3994,2098,182229,89763,1
264961,-1480,-6532,14172,-3272,-2588,480,181957,89751,1
265103,-216,-6160,14300,-1220,-2710,-12,182120,89854,1
265243,-496,-6292,14240,-1092,-1979,-298,182234,89896,1
265383,1076,-6340,13984,-130,-619,-333,182256,90053,1
265523,1744,-5980,14208,-3263,5931,1919,181655,89781,1
265663,-4248,-8820,12832,-690,394,-223,180253,89396,1
265805,1404,-7276,13728,-718,-1426,-140,181499,89691,1
265945,-464,-7548,13560,-530,-1560,-69,181766,89767,1
266085,492,-7364,13660,-640,193,88,181918,89900,1
266225,656,-7544,13596,-339,-566,-144,182046,89925,1
266365,528,-7652,13636,-238,8,-59,182216,89920,1
266505,516,-7552,13540,-311,-167,8,182427,89897,1
266647,684,-7596,13464,-97,353,178,182762,89996,1
266787,388,-7788,13516,128,158,71,182791,89927,1
266927,428,-7436,13608,-226,-241,-51,182932,90153,1
267067,436,-7580,13656,-159,103,-305,183123,90085,1
267207,544,-7808,13544,-682,-321,-300,183242,90139,1
267349,928,-7648,13332,8,226,275,183317,90110,1
267489,296,-7644,13536,-178,119,223,183450,90098,1
267629,508,-7712,13524,-269,-91,-24,183491,90212,1
267769,-2544,-8208,13744,-246,481,-291,183552,90226,1
267909,2024,-8368,13272,-317,1303,-2458,183693,90235,1
268049,3188,-1836,18120,-8355,13304,4821,183804,90221,1
268191,-4112,-7232,8656,-10813,-11553,7957,183661,90024,1
268331,-6072,-9232,9736,8821,-4481,7429,183409,89866,1
268471,-2908,-7512,14028,18507,1262,-1378,183465,90157,1
268611,-1840,-4244,15340,16731,-8861,-885,183527,90197,1
268751,-1752,-668,17400,7527,-6054,300,183439,90252,1
268893,2908,4236,13448,4931,1106,2409,183443,90352,1
269033,516,4628,13272,862,1584,3710,183193,90210,1
269173,3076,5200,14240,-273,-2089,-639,182739,90172,1
269313,2556,4480,14676,-1333,452,-727,182722,90182,1
269453,1672,4452,14916,-1047,702,-572,182737,90129,1
24689,580,2076,15344,105,284,-21,0,0,1
25292,-156,2008,15668,-471,-205,-867,0,0,1
25895,308,2180,15324,-41,175,115,0,0,1
26312,1004,5528,18448,-4392,1458,1475,0,82488,1
26438,-1640,-6424,-1896,20097,-6148,-429,169119,82346,1
27041,3304,-3360,23128,26756,-174,-10112,0,0,1
27644,3876,-2936,20308,13464,1203,-2727,0,0,1
28042,792,-4360,15592,11706,1435,-2455,0,82972,1
28645,4540,-4120,15180,17729,-3476,-5889,0,0,1
29248,3528,-5760,13932,-50,-1030,-730,0,0,1
29851,1260,-8860,8324,-9694,2280,4520,0,0,1
30454,1312,-7672,3752,-6529,-2937,3839,0,0,1
31057,-1512,-7916,-2284,10883,-2691,2328,0,0,1
31660,-3124,-6636,-2460,32767,-2495,-5435,0,0,1
32263,1548,-9232,11900,-4512,-99,1974,0,0,1
32866,2228,-3528,26992,-8015,-9026,-4229,0,0,1
33469,-700,-1696,16400,-13487,553,4736,0,0,1
34072,1936,-3332,14696,-25958,1413,5220,0,0,1
34675,3032,-3372,14148,955,-167,-811,0,0,1
35278,1708,-7384,11816,-2569,2248,192,0,0,1
35881,3820,-9036,14248,-7066,2451,579,0,0,1
36484,2052,-5380,10260,-17912,-287,3675,0,0,1
37087,-1604,-10592,3304,-11283,-3114,6297,0,0,1
37690,-2332,-8704,-3336,15035,-2661,3192,0,0,1
38293,2520,-4032,14736,-3860,-216,-1721,0,0,1
38896,3300,2692,11324,21705,11981,30879,0,0,1
39499,-8604,-1620,18648,10548,957,21319,0,0,1
40102,-11836,-3480,24960,330,-2342,4902,0,0,1
40705,360,-1584,17672,-3778,1937,328,0,0,1
41308,-820,-4860,17696,-10357,2224,-3127,0,0,1
41911,824,-972,21208,-19835,123,757,0,0,1
42514,2596,-6776,8496,-20621,3415,3710,0,0,1
43117,-344,-8720,2700,2261,-2066,560,0,0,1
43720,1456,-612,13460,-2738,-422,-526,0,0,1
44323,-432,-7628,-1968,12065,-5187,185,0,0,1
44926,-952,-2036,4908,32767,5078,-9757,0,0,1
45529,7508,10000,32767,8530,-5114,-9671,0,0,1
46132,976,-8056,20712,-6273,-14608,-5194,0,0,1
46735,2596,-4364,15396,-162,-628,-1361,0,0,1
47338,1348,228,29120,11937,-1582,-7222,0,0,1
47941,5204,-1268,29596,2566,-1170,-4324,0,0,1
48544,11420,7460,32767,-2912,-6064,-2230,0,0,1
49147,-912,-7680,13368,-789,497,1241,0,0,1
49750,-1012,-740,14604,-14478,-615,-1756,0,0,1
50353,-1708,-9664,10336,-7120,1019,2370,0,0,1
50956,-300,-7800,844,1530,-190,3689,0,0,1
51559,-1624,-5124,8648,32767,121,-5251,0,0,1
52162,4112,12916,32767,16662,-2238,-8017,0,0,1
52765,764,-10456,12348,2852,256,460,0,0,1
53368,-8248,-8500,9112,11708,8437,-23107,0,0,1
53971,17384,664,22040,-2216,1736,-2497,0,0,1
54574,5688,-3028,19828,-2962,-196,1519,0,0,1
55177,-1976,-3352,13868,-5124,-1419,3258,0,0,1
55780,472,-10656,9468,-6697,1588,2525,0,0,1
56383,-1720,-8656,-5348,6104,-4053,2880,0,0,1
56986,-1236,-56,-1676,32767,3624,-4570,0,0,1
57589,9080,3784,32767,10519,-11765,-8399,0,0,1
58196,1132,-10296,11924,-2628,-72,2151,0,0,1
58606,3180,-5228,32767,3268,-6982,-7867,0,84457,1
59215,-5068,3952,7516,32767,1349,-7488,0,0,1
59818,2408,-2828,32767,-7100,-3881,-2887,0,0,1
60421,2356,-2728,17260,-8240,-3090,-1420,0,0,1
60631,1276,-4456,14012,-1366,252,429,173896,84254,1
60771,2328,-3576,14884,1074,-1150,-687,173776,84300,1
60911,1676,-4116,15128,261,-1173,-1318,173484,84111,1
61051,2296,-3864,15056,111,-446,-356,173438,84130,1
61193,2912,-3812,15140,-663,-86,-135,173430,84084,1
61796,4060,-3832,18668,-5139,2297,2710,0,0,1
62399,3420,-4484,14624,-9344,1447,220,0,0,1
63002,-112,-7264,12204,-13541,1552,3914,0,0,1
63605,-2912,-7392,-3096,-7911,-811,9009,0,0,1
64208,-3304,-7472,-2700,27526,-119,-8152,0,0,1
64811,20392,14696,32767,14003,-11526,-6556,0,0,1
64941,4644,-1692,15468,-1464,369,1996,172975,84052,1
65545,2708,-2880,15704,-3309,1782,3161,0,0,1
66148,-2152,-8876,8664,1882,1850,164,0,0,1
66751,-10048,-3988,-400,27514,-2402,-28144,0,0,1
67354,4728,-572,21932,20728,-1507,-20519,0,0,1
67906,6504,-6376,16592,-5224,1304,1753,0,84334,1
68509,3400,-6048,13424,-4026,5431,2179,0,0,1
69112,4300,-1516,15992,-2280,499,247,0,0,1
69393,3564,-3636,14304,6647,-3172,-4173,173367,84227,1
69533,6256,-4436,13908,66,-353,-1184,173303,84141,1
69675,5980,-2816,14532,-750,-846,-1968,173121,83995,1
69815,6304,-4064,13420,547,11,-2262,172750,84001,1
69955,6952,-3456,14112,301,-363,72,172713,84078,1
70095,5960,-2924,14140,336,677,457,172593,84046,1
70235,5588,-2564,14324,29,-22,-371,172487,84003,1
70375,5732,-2716,14480,82,-41,-1027,172469,83949,1
70517,6104,-3608,13592,475,209,-343,172394,83918,1
70657,5672,-2552,15312,-1473,826,895,172332,83872,1
70797,4876,-3772,13820,-847,-35,2367,172194,83973,1
70937,6292,-2788,14240,467,1407,1775,172823,84071,1
71540,4728,-2548,18272,-1763,4597,2781,0,0,1
72143,2552,-4608,23276,-17577,-4178,3453,0,0,1
72746,2332,-2060,18164,-13795,3695,6652,0,0,1
73349,-640,-464,10296,-31982,-2008,6718,0,0,1
73584,-356,-4832,6724,-6230,-3013,2082,172775,84285,1
73724,7256,-1380,17840,4593,-4331,-6171,173372,84097,1
73864,4424,-3272,15444,1565,-1019,-2569,172771,84032,1
74006,6460,-784,14836,329,934,278,172736,83917,1
74146,5328,-812,13772,194,808,-991,172360,83923,1
74286,5632,-896,14956,1111,-151,-619,172094,83952,1
74426,5472,-380,14688,346,555,-487,172042,83892,1
74566,5596,-596,16276,-1629,1959,575,171970,83855,1
75169,4880,-1868,18440,-15476,300,4658,0,0,1
75772,3664,-3228,21216,-9964,2665,3585,0,0,1
76375,-10816,11208,14700,280,-16543,-8160,0,0,1
76978,2292,-5520,15712,-10940,2201,3054,0,0,1
77581,-468,-6312,6036,-10205,1518,3176,0,0,1
78184,-2480,-7588,-932,13309,-5107,-1591,0,0,1
78787,-948,3956,21936,27969,-853,-6641,0,0,1
79390,1580,-1772,16964,-1287,1419,-212,0,0,1
79993,1572,-3584,15740,1311,757,164,0,0,1
80596,412,716,18680,24949,590,-3237,0,0,1
81199,7960,40,29180,-5213,-5988,280,0,0,1
81802,920,-1892,20668,-20299,-33,5481,0,0,1
82405,2868,-2800,9552,-27006,1230,8203,0,0,1
83008,152,-6744,5368,-17929,1301,4457,0,0,1
83611,2016,1116,18384,-1699,-1240,-575,0,0,1
84214,2116,-4124,15836,-1481,891,242,0,0,1
84817,3096,-3132,22980,-28067,-2514,350,0,0,1
85420,3076,-4164,11144,-27457,3392,10836,0,0,1
86023,176,-6420,468,-1044,-2243,353,0,0,1
86626,-2800,-4896,-8456,32767,-9515,-7982,0,0,1
87229,4772,-148,15260,-1818,3081,-764,0,0,1
87832,856,-3788,9416,-9989,-2874,10640,0,0,1
88435,-7464,-5208,5672,3783,3794,1042,0,0,1
89038,-7800,-796,472,32151,4338,-28512,0,0,1
89641,27964,15244,32767,13129,-12925,-17429,0,0,1
90244,5452,-660,15660,-952,904,1792,0,0,1
90847,1396,-6316,15016,-5261,1703,2601,0,0,1
91450,1520,-8228,12144,-516,2988,1881,0,0,1
92053,-5548,-3608,5500,-10746,1360,21993,0,0,1
92656,5812,-4280,15568,-5715,-668,7915,0,0,1
93259,2976,-768,16568,-814,-873,1728,0,0,1
93862,-1128,-7468,13392,-6242,212,9839,0,0,1
94465,3280,-4320,15708,1836,822,2200,0,0,1
95068,-14948,18192,-8016,9601,5831,-7682,0,0,1
95671,2572,-6100,16296,-5291,1155,5485,0,0,1
96274,-1632,-4212,15668,-4948,685,-12,0,0,1
96877,1684,-9228,12096,-8697,858,11634,0,0,1
97480,868,-3408,12704,-4194,-500,832,0,0,1
98083,-284,-8092,15336,-8555,3783,4513,0,0,1
98686,1644,-2744,12608,-4533,809,-192,0,0,1
99289,-120,-9348,932,2393,-890,726,0,0,1
99892,1280,-5892,17244,-5099,2900,1597,0,0,1
100495,-4460,12836,32767,32767,-9887,-10009,0,0,1
101098,-780,-7352,14112,-5229,271,1885,0,0,1
101258,808,-6696,25784,-12878,1474,-465,177320,85609,1
101400,1904,-3668,11236,-5905,1560,1301,177137,85527,1
101540,5332,-3960,13844,680,-2593,-108,176333,85393,1
101680,1436,-7508,16876,-5859,-216,-1964,175843,85279,1
101820,1320,-9472,14280,-12448,3774,5633,176222,85276,1
101960,-448,-9532,7060,-10082,2179,4255,175771,85168,1
102102,1976,-5800,-1104,17272,-5376,-1172,175662,85170,1
102361,-5248,11992,32767,32174,1499,-7664,176567,85470,1
102503,72,-1804,11456,-6017,-166,336,176845,85452,1
102643,988,-3860,14160,258,4,-893,176537,85375,1
102783,100,-4476,17448,-2677,1207,-2568,176057,85413,1
102923,1400,-7980,17908,-15194,5809,2526,176340,85336,1
103063,-56,-8128,7080,-13829,5091,5796,176467,85433,1
103205,-1724,-8224,4172,2909,-4970,-971,176796,85384,1
103444,-7304,6584,19824,32767,2464,-6978,177330,85613,1
103586,692,664,14180,-3103,1334,-1466,177092,85535,1
103726,2560,-708,15864,-1122,1685,312,176743,85472,1
103866,584,-1788,15960,-6294,869,-264,176487,85470,1
104006,-468,-4460,16120,-5703,5320,1554,176197,85344,1
104418,-1632,-6960,15292,-14148,9113,2811,0,85291,1
104607,-2136,4228,32767,23377,-17778,-7109,177660,85678,1
104749,-1152,-2732,14688,-1548,277,3599,176933,85525,1
104889,2704,-3676,14448,771,-733,-1187,176398,85413,1
105029,1492,-3472,20336,-6815,3767,425,176282,85536,1
105169,1012,-6952,14768,-22994,4618,5386,176673,85490,1
105309,-300,-7388,3356,-9875,-851,1510,176249,85382,1
105610,-1668,7920,11612,32767,946,-7129,176744,85485,1
105750,2244,-2132,12580,-1424,1759,-767,175811,85202,1
105892,3448,-996,15596,137,-131,-1486,175718,85229,1
106032,3284,-3540,17816,-3189,1958,465,174805,85001,1
106172,2428,-5392,16332,-11277,3472,1609,174490,85032,1
106312,2652,-7868,12768,-15425,2800,5325,175183,85064,1
106452,792,-8996,8632,-9912,1437,1477,175425,85193,1
106653,-3992,4448,-21640,32767,-9218,2231,175913,85517,1
106793,248,-1664,18832,-5578,569,1232,177053,85529,1
106935,2012,-1892,13728,-2162,1871,-385,175943,85294,1
107075,1820,-1648,17004,-4318,1236,-810,175860,85229,1
107215,-56,-4596,18156,-13516,490,-2479,175567,85270,1
107355,2796,-9520,12116,-19871,3495,159,175787,85313,1
107495,1568,-11972,4460,-9834,1648,4480,175768,85321,1
107635,1548,-436,-11072,32767,-11858,-1085,175132,85072,1
107777,4304,-612,32767,3746,-12189,-6365,177402,85612,1
107917,3400,-2636,14128,-7200,-4326,-1032,176682,85467,1
108057,3480,-2852,12976,1098,-2428,1793,175336,85300,1
108197,4720,-2544,15508,-2008,-1295,459,174997,85065,1
108337,4668,-5232,17336,-8688,-460,805,174686,85020,1
108479,4248,-7764,14712,-14000,1881,5080,175009,84977,1
108619,3040,-9340,9396,-14551,1762,5312,175383,85184,1
108759,912,-9452,3552,-282,79,3426,175209,85230,1
108899,-3880,2316,-5964,32767,3170,-6779,174166,85203,1
109079,-1012,-12992,24032,-14050,-10297,-2335,176359,85389,1
109221,2628,-3868,10792,-3484,1520,705,175422,85152,1
109361,4412,-3384,15592,-1037,-548,-545,175263,85103,1
109501,2524,-7272,17212,-8493,1516,1495,174869,85109,1
109641,2180,-8668,13524,-15693,2227,4825,175102,85161,1
109781,848,-10040,6284,-14331,1139,3780,175170,85156,1
110002,1556,-6192,-5296,21358,-7256,903,175263,85087,1
110142,6832,-16592,21672,-8304,2353,3730,175643,85183,1
110745,8676,492,10648,-4832,307,2351,0,0,1
111200,2716,-8448,9216,-18388,642,12604,0,85064,1
111326,8356,-14036,18656,-5880,-7416,1533,177610,85535,1
111526,4004,-4900,10080,-2438,-1339,3153,175811,85315,1
111666,6196,-4608,13000,1198,-2780,225,175126,85092,1
111806,6308,-5348,14144,4687,-1965,1344,174792,84984,1
111948,5904,-4360,14120,3316,-1424,910,174868,85007,1
112088,6356,-3828,14308,1219,-512,-425,174419,84993,1
112228,6328,-7232,18832,-8958,9816,3666,174749,85140,1
112368,4548,-6848,13184,-20610,5265,4148,175787,85297,1
112508,6012,-9004,-2432,92,-5266,1076,174892,85085,1
112650,-4144,11132,27640,32767,3279,-18410,176020,85563,1
112790,-1256,-3616,16928,-9186,3787,1196,174711,84894,1
113393,6364,-1420,10540,-1019,6426,-2292,0,0,1
113996,-416,-7464,2892,-11043,679,5973,0,0,1
114599,4756,-3304,14124,1995,1153,-1289,0,0,1
115202,-3336,-2144,-2124,32767,1515,-14052,0,0,1
115805,2136,-4392,14180,-2588,397,1700,0,0,1
116039,184,-7748,11908,-4685,-1152,1283,175137,85125,1
116179,3340,8452,32767,5424,-14294,-842,177306,85672,1
116319,1632,44,13596,-6884,-6950,-192,175906,85492,1
116459,1912,-2060,18788,-9021,169,112,176049,85473,1
116599,2048,-5468,13640,-20458,3600,3583,176044,85400,1
116739,-1264,-10200,8988,-14527,3417,6753,176360,85489,1
116881,-2428,-9804,2388,-2165,-2449,566,176813,85703,1
117021,-4052,976,14924,32767,-963,-5999,176699,85829,1
117161,1324,-7744,19412,-7620,-6801,-2313,177937,86062,1
117301,1168,-3568,12724,-205,94,26,176650,85592,1
117441,2740,-3972,15564,-70,-701,-53,176526,85634,1
117583,2200,-5324,16344,-3904,848,952,176487,85530,1
117723,1688,-6320,14912,-7924,1049,6704,176529,85595,1
117863,1000,-6344,12184,-5450,726,4013,176215,85637,1
118003,-1272,-8252,10012,6,-3166,431,175945,85487,1
118143,-5892,-5944,5460,26049,3800,-23011,174303,85187,1
118283,10916,-6828,18148,-2972,-1850,264,176566,85455,1
118425,1164,-2092,13304,-1204,-23,367,175260,85279,1
118565,4380,-2284,17068,-2213,-373,1319,174941,85244,1
118705,4368,-4404,16172,-8497,-89,4406,174626,85248,1
118845,2368,-6720,12992,-10462,835,8795,174943,85213,1
118985,1072,-8380,10344,-7789,-2167,7988,175381,85372,1
119127,-1524,-9068,7036,6499,-4782,1633,175450,85366,1
119266,-4928,-540,11968,26202,-2688,-32768,174959,85579,1
119869,3320,-5628,16032,-680,4255,2126,0,0,1
120371,3576,-6820,13800,-10400,-625,8733,0,86063,1
120509,3264,-8388,11652,-1216,6686,4973,175276,85370,1
120651,4660,-2528,13512,-382,597,-394,175460,85408,1
120791,6048,-3020,14596,1145,-536,2149,175045,85254,1
120931,4308,-3792,16708,-663,1663,3983,174734,85370,1
121071,4664,-4896,13916,-4728,87,9429,174731,85278,1
121211,2932,-6072,13360,-5554,1241,8254,175217,85401,1
121353,2288,-7476,12864,-2740,605,5389,175951,85542,1
121493,1408,-8368,13068,-569,-308,3392,176355,85623,1
121633,-2968,-7952,8832,2117,656,-1683,176016,85417,1
121773,3696,3316,20540,24680,3348,-27378,176352,85985,1
121913,8048,-6248,13944,-4091,-3152,3884,175480,85346,1
122053,3376,-1568,14440,-831,-1723,1480,174636,85138,1
122195,5908,-1748,16148,-2184,763,5903,174821,85188,1
122335,2328,-4564,16072,-6992,-415,7074,174131,85077,1
122475,2252,-5652,14356,-6617,2890,8565,174647,85329,1
122615,-280,-8700,12040,-5259,2149,7412,175008,85263,1
122755,-1800,-8692,11284,-2714,-583,3248,175385,85410,1
123358,-12196,-6256,1464,14316,547,-15878,0,0,1
123961,-4512,-7336,11728,-4306,1677,4067,0,0,1
124564,8124,9292,31828,23166,5039,-22279,0,0,1
125167,644,-6664,13328,-7718,-3162,5982,0,0,1
125770,1364,-2764,14816,-2325,-3791,314,0,0,1
126125,316,-9220,10160,-8980,1011,10136,0,85110,1
126265,8576,-8608,18476,-6179,-5137,1247,176858,85594,1
126405,1300,-2844,13492,-3301,-2793,1215,175434,85336,1
126545,4996,-3116,15552,-913,-3271,1348,175181,85309,1
126687,2868,-6272,15312,-3947,73,1918,174788,85186,1
126827,4196,-7752,15544,-9395,2488,6736,175452,85337,1
126967,1088,-10080,9428,-14109,946,9196,175602,85480,1
127107,-2972,-10484,40,7956,-274,-1928,174974,85252,1
127247,4956,5200,27320,32767,6274,-16159,176910,86017,1
127387,3508,-8756,16884,-4858,-1482,2684,175995,85474,1
127529,4156,-1544,15164,-6683,163,1725,175976,85486,1
127669,4988,-6940,15692,-12246,690,3921,175434,85323,1
127809,964,-8788,10736,-14991,-1115,7545,175171,85450,1
127949,96,-9376,2496,3331,-4273,-59,174593,85211,1
128089,-3576,-8632,7656,32767,8287,-16188,174133,85248,1
128231,7300,-5404,22728,-2536,-11803,1111,176391,85431,1
128371,3212,-2160,14380,-6173,-539,2677,174947,85264,1
128511,4848,-4144,15016,-7367,-457,3856,174711,85282,1
128651,2392,-6712,15124,-11404,702,5682,175010,85404,1
128791,20,-10344,11104,-14241,2306,10957,175456,85479,1
128931,-596,-11112,4660,-8386,-2050,7293,175704,85505,1
129073,-4876,-10168,3700,7990,-7390,-420,176439,85608,1
129213,13528,5732,29168,32767,5061,-32768,177924,86104,1
129816,2468,-9060,14392,-2529,120,4540,0,0,1
130376,3752,-7196,14584,-11541,670,8719,0,85939,1
130516,4900,-13960,15432,-5710,-1273,3650,176882,85817,1
130656,4244,-3924,13828,-4638,1518,2353,176785,85736,1
130796,6168,-5584,14764,-6434,-346,6846,176418,85678,1
130938,1860,-9916,11276,-9977,-2954,11850,176253,85625,1
131078,-156,-11504,8832,-4337,-2022,7319,176924,85847,1
131218,260,-12508,8772,-1054,1048,1466,177671,86130,1
131358,-556,-12556,9572,-1644,-146,1350,178140,86226,1
131961,-6928,-10848,1252,9046,2898,-5249,0,0,1
132564,3420,-5248,13424,-8300,-1841,7280,0,0,1
133167,-6544,-7772,-1772,23555,-404,-19080,0,0,1
133770,4024,-8560,12680,-11811,3372,9508,0,0,1
134373,5736,-9964,24120,-4376,-4645,2504,0,0,1
134976,300,-12088,5636,-10103,-1293,7732,0,0,1
135579,8808,-4440,21236,-4267,-7095,709,0,0,1
136182,-460,-12656,8148,-2433,223,1806,0,0,1
136785,1512,-6412,9008,-20353,-252,10977,0,0,1
137171,-1696,-12084,4020,232,-344,647,0,86652,1
137774,-2560,-196,15136,-7126,3349,8565,0,0,1
138017,2376,-9984,11584,-6514,746,3701,177828,86057,1
138157,1432,-11128,5884,-2341,-4543,2234,177869,86135,1
138337,-16972,-5768,-7108,32767,5054,-32768,178218,86759,1
138477,1024,-11372,12896,-6175,4671,7426,177253,85924,1
138617,6524,-812,13720,253,-1292,-1212,177862,86109,1
138759,5976,-2944,14820,-798,750,1025,177740,85956,1
138899,4940,-4344,14744,-352,56,-251,176770,85808,1
139039,6604,-5912,17424,-5632,-436,3784,176674,85929,1
139179,4932,-7192,12820,-15977,94,14677,176781,85892,1
139419,-4912,-6992,-1380,3213,-5007,1923,174726,85709,1
139561,6996,-15656,14740,-8231,-1993,8450,176013,85460,1
139701,6800,-2772,12676,-2026,-2934,2762,175663,85502,1
139841,10552,-3348,13828,380,-811,2419,175599,85626,1
139981,5664,-6964,14568,-3802,457,2271,175148,85429,1
140121,6384,-8188,14540,-6006,2589,6266,175590,85544,1
140263,3968,-8824,10280,-12662,2146,11292,175932,85630,1
140866,-12864,-8428,-8108,16404,3172,-6898,0,0,1
141465,5012,-7128,15796,-7265,1635,2678,0,86221,1
141605,1664,-7552,16364,-5076,5095,4096,176362,85764,1
141745,4788,-1936,13168,-1892,2364,1353,176349,85689,1
141887,4692,-2920,14772,-2072,2102,1443,176136,85616,1
142027,5112,-4824,18536,-6814,4356,1690,175973,85695,1
142167,1972,-8172,13656,-18293,3033,8591,176151,85832,1
142307,-396,-9808,4624,-10897,2147,7440,176587,85903,1
142447,-6192,-4500,-4832,29576,-10530,-18569,175474,85627,1
142589,16204,7612,32767,8261,-2826,-6419,178787,86229,1
142729,3860,-3324,13812,-4894,-40,3318,176178,85717,1
142869,5600,-2612,14200,-1885,-779,1559,175537,85718,1
143009,5016,-4064,15952,-6928,314,3296,175311,85572,1
143149,3740,-8540,15420,-12094,2449,7203,175523,85662,1
143289,808,-10788,6884,-12656,1405,8279,175478,85661,1
143431,-2992,-6780,-1916,18161,15,-8352,174742,85372,1
143571,21108,13412,32767,15404,-11443,-14667,178078,86295,1
143711,3912,-6356,15820,-8862,2140,4544,176452,85858,1
143851,6908,-5064,14064,-7497,3015,4931,176403,85833,1
143991,5232,-5960,11492,-12153,446,8324,175604,85632,1
144133,-1160,-9736,4232,149,-1598,-202,174497,85308,1
144273,-1128,-4188,9272,32767,8253,-12425,174295,85337,1
144413,5412,-10076,21300,-10396,-9408,2122,176292,85786,1
144553,-396,-3440,12416,-7188,3158,3553,175291,85611,1
144693,5128,-5820,14760,-5732,1748,4549,175371,85637,1
144835,2440,-8672,12480,-9216,-80,8412,175080,85518,1
144975,1524,-9252,11244,-4324,996,6986,175838,85747,1
145115,-2292,-11952,8708,-389,311,2565,176051,85871,1
145255,-1680,-10540,11308,2540,1640,1963,177317,86204,1
145858,-2352,-8504,8632,3876,969,-774,0,0,1
146461,-744,-5684,13984,-7521,207,8177,0,0,1
147064,2064,-10360,16536,-11068,-11583,2787,0,0,1
147461,-2732,-12084,8744,-5656,-84,4487,0,86534,1
147601,4028,-6192,15168,-5786,-269,4425,177705,86162,1
147741,4796,-1880,14960,-3751,-1466,2787,177528,86145,1
147881,3036,-5380,16400,-7096,2898,4888,177529,86124,1
148023,2260,-7676,12988,-14377,-972,8090,177320,86029,1
148163,-892,-9576,4576,-3561,-1687,5778,176478,85882,1
148303,-6584,-4072,1748,32767,4093,-21440,175126,85591,1
148443,9924,-9048,22748,-8630,-4499,6035,178335,86105,1
148583,500,-3332,13520,-6386,555,4789,177144,86082,1
148725,4180,-5480,14452,-4007,-577,4634,177267,86031,1
148865,936,-7672,14272,-8472,-629,5481,176627,85862,1
149005,1972,-10444,11040,-10503,1448,7699,177318,86154,1
149145,-2992,-9848,6636,-270,2197,3149,177380,86168,1
149285,-15036,-4500,-1772,29350,8053,-32768,174880,85674,1
149425,16012,-11312,17156,-1935,-729,2703,178381,86208,1
149567,6004,-2732,13444,-4125,-1176,1122,177595,86152,1
149707,5168,-4444,12708,887,-2239,540,176538,85974,1
149847,8352,-5380,15448,-2158,-1114,2320,176293,85947,1
149987,7004,-6732,15132,-9950,702,10583,176328,85903,1
150127,552,-9080,6708,-6450,-4581,11777,175528,85648,1
150269,-14008,-7024,-2972,29924,1460,-32768,173722,85333,1
150409,16320,-10072,16284,-3998,-8738,3333,176053,85596,1
150549,5508,-1788,13048,530,-518,1195,174712,85655,1
150689,8488,-1848,13400,1041,1518,-369,174810,85532,1
150829,7912,-2820,14912,-4614,504,2215,174741,85507,1
150971,8920,-4396,14828,-7255,1754,7743,174757,85438,1
151111,3816,-7084,12436,-10665,1694,10806,174729,85497,1
151251,4124,-10364,8900,-8066,-1802,8163,175543,85786,1
151391,-1372,-10840,4292,6870,4229,1683,175979,85747,1
151531,-52,-2580,7068,32767,17272,-32768,175942,86166,1
151673,6268,-11976,16168,-4945,-1462,4611,177330,86034,1
151813,4092,416,13720,-3989,-692,819,177356,86109,1
151953,5460,-768,15092,-2640,-161,2878,177194,86131,1
152093,3508,-4300,16528,-5019,-705,3591,177037,86130,1
152233,2200,-6996,14584,-8570,-708,8973,176753,86040,1
152373,1600,-7776,12988,-9956,-1457,9129,177367,86173,1
152515,-1688,-8852,3996,3450,-3265,3245,177373,85971,1
152655,7996,18124,32767,21720,6283,-24903,179536,86752,1
152795,404,-3788,13316,-4182,6838,5012,177018,86086,1
152935,2424,-2704,13416,-240,1280,-228,176864,85985,1
153075,3292,-2224,15700,-472,1014,266,176781,85924,1
153217,2960,-3944,17036,-4024,1116,924,176811,85925,1
153357,3004,-5888,15040,-8972,451,4898,176724,85863,1
153497,3004,-7668,12148,-11053,-652,9906,176785,86120,1
153637,-2120,-8628,6972,-1755,-2250,4530,176894,86054,1
154240,-5904,-5888,2360,32767,5749,-28689,0,0,1
154843,2788,-6332,15684,-7331,-140,5440,0,0,1
155446,-160,-2696,13424,-4051,4057,4993,0,0,1
156049,-1084,-4680,14464,-6093,6139,9953,0,0,1
156652,-15796,-7756,-2240,16922,-9134,-16264,0,0,1
157255,664,-4732,15848,-6475,-62,4065,0,0,1
157858,-2440,-1704,13212,-4437,1848,3985,0,0,1
158461,-1164,-8004,12620,-7079,-483,3165,0,0,1
159064,1580,-4944,14556,-2636,433,2313,0,0,1
159667,-1160,-7660,8144,-5211,-3049,7902,0,0,1
160270,3332,-3176,15208,-587,-199,2390,0,0,1
160873,-1824,-8132,4372,335,3355,4479,0,0,1
161476,1360,-5280,15484,-12904,-103,1816,0,0,1
162079,5104,13408,32767,27601,1125,-11275,0,0,1
162682,1336,-11304,8236,-11144,-913,4719,0,0,1
163285,2264,-3992,14176,-1701,752,-125,0,0,1
163564,0,-12068,-5236,11782,-5966,-243,178958,86646,1
163704,-1296,-1380,16196,-7696,5288,5810,177407,86377,1
163844,608,-3816,14944,-4706,4204,1491,176529,86195,1
163984,1748,-4848,16408,-12471,3865,1042,176997,86275,1
164124,-192,-8568,11564,-17271,4770,4289,176930,86253,1
164266,-2264,-12088,3672,-6759,2390,1657,176794,86236,1
164485,-3868,3076,-15008,32767,-8529,-16784,179139,86686,1
164627,292,-1580,13960,-8460,3328,3280,178277,86564,1
164767,1832,-4724,14180,-2163,2521,1601,177444,86320,1
164907,1824,-4348,14504,-5501,149,-733,177371,86440,1
165047,720,-7288,14924,-5271,1199,52,177130,86287,1
165187,1324,-8000,14024,-11226,86,3495,177263,86377,1
165329,676,-10060,7332,-8666,1430,1604,177540,86457,1
165469,-1056,9528,13828,32767,4466,583,178004,86719,1
165609,1972,-8892,17368,-11646,-2489,-609,179006,86798,1
165749,1172,-4320,12384,-1473,633,-236,178052,86576,1
165889,3460,-3676,15992,-195,-360,-317,177574,86431,1
166029,1164,-6524,15372,-4357,357,-1776,177020,86280,1
166171,1528,-8668,15768,-12117,2890,2634,177642,86407,1
166311,2828,-9312,8268,-9550,2283,4517,177562,86358,1
166451,-1064,-5988,-3140,15884,-437,-730,176678,86124,1
166591,12540,21508,32767,23370,1096,-6821,179526,86881,1
166731,-696,-2048,13628,-14111,1075,3216,177084,86288,1
166871,3036,-4468,12832,-4441,2337,2818,176753,86158,1
167013,2040,-5496,15080,-8057,1695,87,177138,86224,1
167153,1472,-10352,13356,-11881,2206,2036,176832,86207,1
167293,1412,-11036,7084,-12240,1830,3813,176810,86274,1
167433,-1440,-5996,1788,16102,2520,2377,176344,86101,1
167573,7732,4908,32672,23714,-7365,-9976,178616,86658,1
167715,1884,-6696,12976,-13999,-2890,970,177810,86369,1
167855,3180,-8188,13312,-9823,3225,3835,177726,86374,1
167995,728,-9768,10480,-12528,1823,1174,177277,86405,1
168135,236,-12920,6996,-7595,459,984,177294,86307,1
168275,-1168,-13020,4460,-6,-797,1248,177177,86295,1
168417,-1188,-896,-2556,32767,-1692,-5792,176894,86137,1
168557,7232,1216,32767,828,-7199,-3435,179657,86788,1
168697,-128,-3176,14220,-9646,2490,2670,178409,86691,1
168837,2776,-6848,14572,-11255,2123,2078,178141,86564,1
168977,552,-9648,10856,-16003,-343,1581,177421,86334,1
169117,-300,-13128,7232,-11225,2909,4280,177354,86288,1
169259,1100,-10696,-828,8300,-3227,622,177254,86340,1
169399,356,5320,28900,32767,2343,-7902,177867,86623,1
169539,1480,-8596,15928,-14318,-243,1793,178025,86568,1
169679,2264,-3092,12552,-5353,1906,164,177666,86409,1
169819,4032,-6824,14152,-7735,-2563,-2672,177451,86351,1
169959,1896,-10236,13220,-10097,1361,105,177160,86265,1
170101,1336,-12340,10600,-17211,7017,3797,177849,86471,1
170241,1388,-9652,-212,1310,-417,735,177308,86368,1
170381,-4220,-5076,-14580,32767,-2089,1661,176137,86338,1
170521,-164,-12776,22412,-10586,-14355,2711,178774,86616,1
170661,608,-2236,12728,-8908,-3347,-664,178361,86633,1
170803,1156,-5060,13996,-4676,-387,-2228,177710,86364,1
170943,2532,-7892,15952,-7954,2817,-2314,177292,86353,1
171083,1448,-11136,10004,-22013,1028,8217,177898,86549,1
171223,-1512,-10016,1504,-4248,-497,4008,177327,86473,1
171363,-4512,-6268,-3856,32767,-10686,-9832,176303,86174,1
171503,7988,-3784,32767,-4676,-12652,-92,179514,86789,1
171645,776,-3888,11920,-8724,129,4237,178497,86697,1
171785,2780,-7116,13228,-3223,799,1552,178113,86598,1
171925,684,-7360,13260,-2159,2454,4371,177647,86611,1
172065,-1060,-8564,12016,-1721,474,1623,177446,86462,1
172205,-1880,-8612,12932,50,-162,906,177652,86558,1
172347,-972,-8764,12996,284,119,250,177966,86511,1
172487,-1768,-8116,18872,-5776,2191,562,178330,86734,1
172627,116,-10968,4860,-18238,2527,1006,178882,86983,1
172788,-7960,10156,7600,32767,12463,-7284,178109,86868,1
172928,976,-5324,14880,-9577,-994,-4416,178807,86769,1
173068,1956,-2672,13952,-1521,1744,553,178302,86750,1
173208,2476,-1588,15872,-1352,200,52,177819,86526,1
173348,-1004,-5924,13208,2166,280,-5000,176371,86247,1
173490,2672,-5292,20720,-9782,-1862,-967,177606,86413,1
173630,1196,-5944,12516,-21277,4077,4811,177394,86429,1
173770,1684,-8876,-2412,3433,-2600,3989,176216,86316,1
173910,6088,13252,32767,32023,-1210,-9961,178420,86905,1
174050,3632,-3836,15400,-7397,1638,3427,177013,86317,1
174190,1604,-3056,12880,-1155,724,-20,176353,86205,1
174332,2936,-3100,16108,-2640,611,-1295,176294,86176,1
174472,1900,-6016,16320,-7460,187,-1314,176049,86160,1
174612,2348,-7832,14792,-14191,1804,3021,176556,86329,1
174752,1432,-10068,7552,-11633,4002,2341,176702,86315,1
174892,364,-10596,3896,1598,-1987,-1212,176642,86308,1
175034,-748,460,4032,32767,9744,-12813,176489,86558,1
175174,1824,-12132,20820,-16231,-15102,-2000,178023,86611,1
175777,2020,-904,12280,-6380,1665,3843,0,0,1
175935,-1940,-6104,-6112,32767,5523,-13950,176321,86646,1
176075,1224,-15960,18704,-11194,-10725,1430,178296,86730,1
176217,2104,-1636,12996,-5568,-1772,884,177992,86662,1
176357,3448,-3576,17112,-3991,-633,955,177267,86554,1
176497,2704,-7608,13916,-12580,-2601,2792,176579,86385,1
176637,1896,-11472,9816,-11588,207,5202,176862,86385,1
176777,908,-10740,7312,-4834,512,2585,177269,86495,1
176919,1540,-6652,-5304,32767,-11202,732,176314,86121,1
177059,6736,-7740,31884,-2880,-12184,-5785,178427,86639,1
177662,1768,-2212,12888,-5171,792,2035,0,0,1
178171,2592,-11624,11660,-8106,1659,3416,0,87166,1
178301,-2052,-3344,12996,-12087,3885,6232,178425,86795,1
178443,2272,-6592,12960,-5744,468,286,178367,86646,1
178583,2416,-7460,13168,-5343,1803,1355,178416,86760,1
178723,2132,-8820,11468,-1485,-803,2411,178380,86795,1
178863,-252,-9432,13404,-1005,683,816,178359,86827,1
179003,576,-10500,13024,-4420,2257,1583,178633,86864,1
179143,-72,-10892,10464,-6990,819,2012,179039,86898,1
179285,-448,-10380,2948,7975,-1566,-511,178834,86840,1
179425,-6072,1668,16600,32767,11999,-3449,178094,86727,1
179565,2096,-6192,22528,-17352,-6752,-971,179034,87015,1
179705,484,-5216,10228,-22672,-1204,5595,178868,86852,1
179845,200,-9876,7936,-8037,1843,2568,177991,86735,1
179987,-1468,-12020,9132,-689,-967,-625,178589,86812,1
180127,-364,-12268,11400,69,72,759,178909,86875,1
180267,72,-11996,9848,-6535,614,2515,179191,87046,1
180587,-1412,-10568,2740,7430,60,-2520,179572,86998,1
181190,3612,-4680,14428,-11440,6377,1686,0,0,1
181570,5020,-6352,14140,1639,-1515,-1034,0,86528,1
181710,3616,-7104,9344,-22095,6559,12285,177916,86668,1
181971,-4232,-96,-3580,32767,3671,-6873,178081,86549,1
182111,2996,-3820,14348,-2032,1611,-2017,176082,86184,1
182714,6512,-3828,14012,1356,-992,-1209,0,0,1
183317,8268,-4372,19148,-6142,6223,2152,0,0,1
183920,3632,64,13120,-3990,722,-1183,0,0,1
184238,2416,-7280,5160,2726,1689,5468,179163,86885,1
184841,-932,-648,14116,-6700,-1903,1884,0,0,1
185444,4692,-3216,15700,-4432,2551,-751,0,0,1
186047,3560,-1900,16304,336,2276,3285,0,0,1
186324,-1024,-7420,-4204,12300,-3298,527,179847,86972,1
186927,-1472,-2592,13344,-6558,574,1930,0,0,1
187065,9376,10056,21084,32767,-9347,-10241,177881,87087,1
187668,3392,-8464,18724,-9521,517,-2001,0,0,1
188271,768,-6072,14868,861,864,-728,0,0,1
188429,-21940,-1648,28812,10489,-3332,5409,178184,86959,1
189032,-960,-1444,15124,-2845,2029,2066,0,0,1
189332,18264,-6968,-7548,22015,-4032,20625,179794,87190,1
189472,-2032,-680,12784,-4323,837,1433,180134,87284,1
189612,-296,-2356,14820,-680,-1765,-2761,179196,87173,1
190215,140,-4144,16348,-4844,-2461,-4758,0,0,1
190818,-5368,12688,32480,22857,-3760,8421,0,0,1
191421,3828,-7576,15964,-17054,3307,-4344,0,0,1
192024,180,-5176,15396,-5251,2740,3417,0,0,1
192601,1868,-10672,13712,-15485,4691,-1786,0,87451,1
193204,-2680,-1756,13224,-2530,-877,-515,0,0,1
193807,1476,-10192,3308,-12252,418,192,0,0,1
194410,-720,-3888,16100,-3204,1568,-5918,0,0,1
194585,-16616,2792,32767,14513,-3004,-164,179539,87247,1
194727,-2864,-1980,14212,-2858,-2366,1629,180039,87407,1
194867,296,-4684,13564,1793,-1636,-1961,179237,87179,1
195007,-1684,-4772,16920,-3131,2088,-5606,178739,87164,1
195147,476,-6648,17272,-11935,7217,-8836,178734,87125,1
195287,904,-9128,10472,-17218,5668,-3159,178972,87167,1
195890,6084,-9424,-4932,10808,-10700,3629,0,0,1
196493,676,-3464,16444,-1889,1239,-5836,0,0,1
197096,9024,-1744,32000,8807,-5416,-8952,0,0,1
197699,-3072,-12468,-2124,29473,-873,-11953,0,0,1
198302,2756,-6668,18324,-9531,3952,-806,0,0,1
198905,-2676,-13384,6176,184,-906,-647,0,0,1
199508,1448,-5956,14364,-5344,986,-3960,0,0,1
200111,-9380,22872,32767,31700,10573,-295,0,0,1
200714,3000,-5572,16212,-1173,1554,-629,0,0,1
201317,2812,-15132,19512,-10676,-4541,-18,0,0,1
201920,1228,-11484,8028,-19659,6121,957,0,0,1
202523,4172,-6204,13172,1371,225,-593,0,0,1
203126,-3116,2384,24964,17032,13652,-32768,0,0,1
203729,2780,-5880,15580,-5605,-88,11219,0,0,1
204332,2664,-400,14252,1517,-1843,-237,0,0,1
204935,5132,-11416,1624,-18630,-181,14241,0,0,1
205538,5080,-3008,15916,-3887,1834,-1659,0,0,1
206141,-13108,500,32767,11538,-15605,-11958,0,0,1
206744,2244,-8764,16096,-18190,7362,-2217,0,0,1
207347,2472,-1716,13240,-331,809,2511,0,0,1
207950,4824,-5104,19516,-2945,3216,555,0,0,1
208553,6400,-7860,20800,-8688,-18489,-8341,0,0,1
208905,3872,-4416,20800,-24894,5600,5481,176489,86839,1
209508,-2864,-1900,23344,32767,2539,-5044,0,0,1
210111,7820,-5684,18028,-21570,17960,1063,0,0,1
210714,-412,-636,10936,-4396,4035,4371,0,0,1
211317,-904,-7920,4344,-18425,9261,5818,0,0,1
211920,1672,-6732,17700,-7293,5323,-1861,0,0,1
212523,2316,-5540,18196,-12001,11743,5998,0,0,1
213126,116,-4716,13040,24429,6440,457,0,0,1
213729,-4280,5308,32767,26414,-6297,-9955,0,0,1
214332,5832,3240,26176,24542,1206,-5832,0,0,1
214935,-3624,-9264,23980,-12464,-9417,-4574,0,0,1
215538,192,-9524,7844,-930,-1238,1207,0,0,1
216141,3184,-7740,13164,628,-937,-949,0,0,1
216744,4600,-6636,14096,630,578,-1258,0,0,1
217347,4028,-7212,13248,2202,-2089,-2280,0,0,1
217950,4976,-5500,13196,936,-1672,-545,0,0,1
218553,3392,-4548,15280,173,3476,2358,0,0,1
219156,2780,-5740,12416,1614,-2514,-1647,0,0,1
219759,3484,-3424,14380,-1262,-384,-1230,0,0,1
220362,5872,-4924,12332,-3818,-2541,-2759,0,0,1
220965,6216,-8660,9916,-814,-8318,3438,0,0,1
221569,5760,-2828,12004,1241,5724,3397,0,0,1
222173,2528,-3884,13460,-1603,9917,5235,0,0,1
222776,-3488,-8164,15820,-2338,70,16455,0,0,1
223379,-3752,11436,25308,32767,-378,-27831,0,0,1
223982,-1472,-8584,10412,-9522,127,5720,0,0,1
224585,3196,-2464,16120,756,525,439,0,0,1
225188,2068,7968,30184,30645,13177,-27150,0,0,1
225791,2392,-7364,14932,-8905,954,4439,0,0,1
226394,-132,-2444,12720,-3070,1732,2064,0,0,1
226997,-6152,-5592,3412,32767,5185,-9573,0,0,1
227600,2476,-4284,14980,-3967,-1475,608,0,0,1
228203,2944,-8080,14340,-8797,1851,4190,0,0,1
228806,1540,-2484,14908,-3971,5012,3307,0,0,1
229409,6872,11484,32767,26988,-15329,-8704,0,0,1
230012,564,-9240,10520,-10890,75,1893,0,0,1
230615,1528,-1868,16232,-3745,-71,899,0,0,1
231218,-5928,-6376,-2012,32767,-2700,5141,0,0,1
231821,360,-6424,14276,-3327,1470,313,0,0,1
232424,3172,-9016,17724,-9741,-4313,2583,0,0,1
233027,236,-9540,16008,-13573,-4059,1551,0,0,1
233630,3924,-3028,14148,1171,-309,-746,0,0,1
234233,-1732,-6352,-5600,32767,-5876,-2654,0,0,1
234836,3260,-2888,16376,-2618,1549,-820,0,0,1
235439,4724,-7092,20004,-6594,-5864,-2095,0,0,1
236042,4684,-5900,14664,-16900,4073,6370,0,0,1
236645,4004,-1032,11876,-3004,1949,581,0,0,1
237248,1372,-7460,4748,-9692,1706,4236,0,0,1
237851,3132,-7228,15184,-12456,2377,3471,0,0,1
238454,-2076,-2428,13172,-5905,1203,2139,0,0,1
239057,4128,-6164,14368,-14634,4169,3618,0,0,1
239660,5824,-3192,11228,-4012,355,-19,0,0,1
240263,8044,13852,32767,32767,-6292,-10602,0,0,1
240866,32484,10504,30892,336,-5803,-4047,0,0,1
241469,-304,-8576,8136,1174,-6003,9144,0,0,1
242072,2288,-6488,13724,-5891,30,6485,0,0,1
242675,19008,732,26524,-6333,114,7594,0,0,1
243278,-4332,-10552,4988,2556,2138,-4360,0,0,1
243881,1836,-8776,14252,-8984,-1562,9958,0,0,1
244484,2052,-1492,16088,-2018,3143,7177,0,0,1
245087,-212,-9484,8416,-3283,-1294,5679,0,0,1
245690,3548,-7068,14228,-10792,-10,10187,0,0,1
246293,764,-3724,13892,-945,1319,3351,0,0,1
